:020000041000EA
:10000000002008205D0100101B0100101D010010E0
:100010001101001011010010110100101101001058
:100020001901001019010010190100101F01001022
:10003000110100101901001021010010230100100E
:100040001101001011010010110100101101001028
:100050001101001011010010110100101101001018
:100060001101001011010010110100101101001008
:1000700011010010110100101101001011010010F8
:1000800011010010110100101101001011010010E8
:1000900011010010110100101101001011010010D8
:1000A00011010010110100101101001011010010C8
:1000B00011010010110100101101001011010010B8
:1000C00011010010110100101101001011010010A8
:1000D0001101001011010010110100101101001098
:1000E0001101001011010010110100101101001088
:1000F0001101001011010010110100101101001078
:100100001101001011010010110100101101001067
:10011000EFF30580103800BE00BE00BE00BE00BE7A
:1001200000BE00BEF2EB8871188200103C82001005
:10013000A001001090A31AE7D3DEFFFF42012110B7
:10014000FF0100001C940000793512AB4FF0000055
:100150001E49086006C881F3088810474FF05040D8
:10016000006810B14FF00000F2E70DA40ECC00299A
:1001700002D000F012F8F9E71549164A002000E015
:1001800001C19142FCD11449884714498847144958
:10019000884700BEFDE701C901C29A42FBD3704700
:1001A0003C820010100100202814002054950010FB
:1001B00000000820000008205495001000100820BE
:1001C00000100820000000007047000008ED00E06B
:1001D00028140020DC210020053100108D020010C1
:1001E000C9300010F8B500BF064B0749C91A89107D
:1001F00048BF0131491003D0044B0BB101481847E7
:10020000704700BF281400202814002000000000C0
:1002100008B5054B1BB105490548AFF30080BDE8A3
:100220000840FFF7E1BF00BF000000006C21002084
:100230004070001070B582B005460C46104E114952
:10024000304606F039F90321284600F099F90321D8
:10025000204600F095F900220121284600F0ACF973
:1002600000220121204600F0A7F900230193009607
:100270003C2340228021044800F061F902B070BDA7
:10028000B40E0020801A0600381D002070B58AB018
:1002900003F04EF813211220FFF7CCFF00250D4C80
:1002A000204600F0E8F802AE2A460B49304602F03C
:1002B000C7FE0A4B0093334619220521204600F061
:1002C00013F9204600F0DEF801354FF47A7001F0A2
:1002D00085F8E4E7381D0020407000104C790010CC
:1002E000B0F800C08C451FD910B5B0F802E09645B3
:1002F0000BD95BB10069D3080CFB0311435C02F01E
:1003000007040122A2401343435410BD0469D308DB
:100310000CFB0311635C02F00702012000FA02F2F9
:1003200023EA02036354F0E770472DE9F84F824651
:10033000894690469B460A9F002612E004EB08027D
:1003400006EB090105F0010392B289B25046FFF7AE
:10035000C7FF6D080134E4B27B79A342EED80136C1
:10036000F6B23979B14209D93A689BF80030B879C8
:100370001B1A01FB0363D55C0024EDE7BDE8F88F91
:1003800000B585B000238DF80C308DF80D1000936A
:10039000022303AA8179806806F0B8F805B05DF8F9
:1003A00004FB30B589B00546AE238DF80430A82390
:1003B0008DF8053043885A1E8DF80620D3228DF81B
:1003C000072000228DF8082040228DF80920A12264
:1003D0008DF80A20C8228DF80B20DA228DF80C2027
:1003E0000288B2EB430F33DD02238DF80D308123F9
:1003F0008DF80E30FF238DF80F30A4238DF81030C8
:10040000A6238DF81130D5238DF8123080238DF876
:1004100013308D238DF814302B7BDBB110228DF837
:100420001520D9228DF81620B3B122238DF817306C
:10043000DB238DF8183030238DF8193020238DF808
:100440001A3000248DF81B40AF238DF81C300EE0CD
:100450001223CAE71422E2E7F123E7E704F12003BD
:100460006B4413F81C1C2846FFF78AFF0134182C34
:10047000F4D909B030BD08B542690021006906F021
:1004800021FB08BD30B585B0054621238DF8083025
:1004900000248DF809400388013B8DF80A3022239F
:1004A0008DF80B308DF80C408388013B8DF80D30B2
:1004B00008E004F110036B4413F8081C2846FFF70A
:1004C0005FFF0134052CF4D92B69402203F8012C7D
:1004D0002A696B69002100910133013AA979A86862
:1004E00006F014F805B030BD2DE9F04383B0814625
:1004F0000E4690461C460A9DAF79EB791F44FFB229
:1005000004E02B791E4414F8013F83B12378AA79C3
:100510009A42F6D89F42F4D9009523461FFA88F2F2
:10052000B1B24846FFF701FF2B791E44EBE703B059
:10053000BDE8F08308B52E21FFF722FF08BD10B5F6
:10054000044601804280D20882808371029B8360CE
:100550009DF80C30037302FB01F14161481C01F06E
:1005600077FC206148B1013020612046FFF719FF78
:100570002046FFF7DFFF012010BD0020FCE7000050
:100580000C4B03EB800253F8203083F0400303F060
:10059000C00302F5805CCCF80030C00000F1804060
:1005A00000F52030416002F540524FF48073136033
:1005B000704700BF0480034010B40C4C04EB800C67
:1005C00079B108237AB10422134354F82020534010
:1005D00003F00C030CF5805CCCF800305DF8044BA4
:1005E00070470023EEE70022EEE700BF04800340DF
:1005F0000FB400B583B0049C074802F09DFE3CB1E7
:1006000005A90191204602F0A7FE044802F094FEDD
:10061000012002F03DFD00BF4C7000105C70001026
:10062000EFF3108072B6064BD3E8CF1F01220029EA
:10063000FAD1C3E8412F0029F6D1BFF35F8F70478D
:10064000CF1800200023034AC2E88F3F80F31088B0
:10065000704700BFCF18002070B505460C461646FF
:10066000FFF7DEFFE208A95C04F0070C012303FAA0
:100670000CF3194205D1DBB20B43AB54FFF7E2FF99
:1006800070BD21463046FFF7B3FFF8B506460D466C
:1006900014461F46FFF7C4FF00E00134BC420ED8E9
:1006A0004FEAD40C16F80C1004F0070301229A400C
:1006B0001142F2D1D2B20A4306F80C2001E04FF009
:1006C000FF34FFF7BFFF002C01DB2046F8BD002DF3
:1006D000FBD00698FFF78CFF054A1078431CDBB26D
:1006E0001370172B02D9134610221A70704700BFDF
:1006F000180E002000B583B00146054B00931F2360
:1007000018220448FFF7C1FF03B05DF804FB00BFE7
:1007100060700010E01C00204FF0E022936843F06E
:100720000053936070470000002305E0044A1A4418
:100730000021C2E88F1F01331F2BF7D9704700BF7C
:10074000C4180020064B9B68103043F82010BFF3FC
:100750005F8F00230349C1E88F3F82F31088704701
:1007600000ED00E0CD1800200048704700E400E0F4
:1007700008B5FFF7F9FF002304E04FF0803240F89E
:10078000042B01330C2BF8D962B608BD08B50388D9
:10079000DA0A1C2A06D15B050BD45B15023300EB89
:1007A000430008BD064B074A4FF48E71064802F01D
:1007B0008FFC03F5FF1303F5FF531F33EDE700BF75
:1007C0007C7000107C7C00109470001008B5091A31
:1007D00001F2FC7240F6FE739A4208D8081F11F02D
:1007E000010F04D1C0F34A0040F4604008BD034B40
:1007F000034A4FF48771034802F06AFCDC70001072
:10080000707C0010947000104209064B53F822309F
:1008100000F01F000122824003EA0200003818BFE6
:100820000120704700E100E03AB1064B00F16002A0
:1008300043F8221043F8201070472030014B43F852
:100840002010704700E100E008B50A4600F01F03E1
:10085000012199404009FFF7E7FF08BD00F01F02A2
:100860004009012393404030014A42F8203070474C
:1008700000E100E0024B9B68103053F82000704705
:1008800000ED00E008B5FFF7F5FF034BC01A2F2875
:100890008CBF0020012008BD1C0E002070B505464D
:1008A0000C46EFF3108672B60F4BD3E8CF1F012230
:1008B0000029FAD1C3E8412F0029F6D1BFF35F8F99
:1008C000FFF7D8FF094B984201D0A04205D132462C
:1008D00021462846FFF736FF70BD054B054AED213E
:1008E000054802F0F5FB00BFCD18002011010010F3
:1008F0000C710010A47C0010947000102DE9F04FD2
:1009000087B000911546EFF3108A72B67C4BD3E89E
:10091000CF1F01220029FAD1C3E8412F0029F6D1C7
:10092000BFF35F8F774B93F90040002C44DB804688
:1009300004EB4407744B03EB870797F90610714AE1
:100940001170724A926800F1100152F82190A9EBDF
:1009500003022F2A3ED96E4B994534D14FF42143DF
:10096000ADF80C304FEA440904EB4400664E06EB48
:10097000800068490230FFF729FFADF80E004BF602
:100980000153ADF81030FF238DF812308DF813505D
:10099000009B0593A14406EB890306AA12E9070010
:1009A00083E8070047F00109524649464046FFF7F1
:1009B000C9FE07B0BDE8F08F574B584A4FF4BE71DF
:1009C000574802F085FB574B544A40F28311544874
:1009D00002F07EFB29F0010BABEB0303524AA2FBB2
:1009E0000312D20802EB4202B3EB820F0FD15B4637
:1009F0000026DA79AA4212D993F90620002A0DDBE3
:100A000002EB42021E46404B03EB8203F1E7474BE9
:100A1000424A4FF4CA71424802F05AFB1E46A6B33E
:100A200044F60103ADF80C304FF48F43ADF80E30AF
:100A300096F906B0BBF1000F1ADA4BF60150ADF88B
:100A400010008DF812B08DF81350009B05933946B5
:100A5000301DFFF7BBFEB080B47104EB44042A4B99
:100A600003EB840306AA12E9070083E807009BE76B
:100A7000301DFFF78BFE014604EB4402224B03EBD3
:100A80008203181DFFF7A2FED9E74FF42143ADF80A
:100A90000C306300019304EB4406DFF86C9009EB23
:100AA00086061C49B01CFFF791FEADF80E005946B2
:100AB000301DFFF78BFEADF810004AF6AA235A4608
:100AC0004946521A524153431B0D8DF812308DF88E
:100AD0001350009A0592019B234409EB830906AB4E
:100AE00013E9070089E8070044F60103ABF800307A
:100AF0004FF48F43ABF8023047F0010954E700BFD1
:100B0000CD180020D42100201C0E002000ED00E0B4
:100B1000110100104C0E0020447100108C7C00105C
:100B2000947000106C710010ABAAAAAA9471001006
:100B300038B540F00104324BE31A2F2B31D8EFF3D4
:100B40000581C9B2002933D0EFF3108E72B62D4B58
:100B5000D3E8CF5F0122002DFAD1C3E8452F002D45
:100B6000F6D1BFF35F8F4AF6AA230246244D521BEB
:100B7000524153431B0D4FFA83FC234B9B6853F8A0
:100B80002130A3421BD00023032B32D803EB4301B7
:100B90001B4A02EB810292F90620624520D0013304
:100BA000F2E71A4B1A4A40F27F211A4802F090FAF3
:100BB000194B174A40F28221164802F089FA124B6B
:100BC0009B68164A43F82120154B1A78827183F8E6
:100BD00000C000230B4AC2E88F3F8EF3108838BD57
:100BE000074A02EB8101FF248C714BF601538B8085
:100BF000EAE70C4B064A40F29321064802F068FAF5
:100C00001C0E0020CD18002000ED00E0187200102E
:100C1000547C0010947000104072001011010010FC
:100C2000D42100204C72001000B583B00146074B60
:100C30000093052300220648FFF727FD002801DB6B
:100C4000C0F1330003B05DF804FB00BF5472001024
:100C5000D8210020014B0B4403607047C4180020CA
:100C600010B50446FFF738FD01462046FFF7F2FFB6
:100C7000FF232371BFF35F8F10BD10B50446FFF74C
:100C80002BFD01462046FFF7E5FFFF2323710023DC
:100C90006371BFF35F8F10BD10B50D4C09E00D4BB4
:100CA0000D4A1A210D4802F013FA2046FFF7D8FF2B
:100CB00008340B4B9C4209D22368002BF5D0012B42
:100CC000EDD12046FFF7D9FF0834F2E710BD00BF91
:100CD0002014002070720010E47C0010907200104C
:100CE00028140020024B0B440360BFF35F8F704752
:100CF000C418002010B504460120FFF7FBFC014694
:100D00002046FFF7EFFF10BD0246EFF30583DBB28D
:100D1000103B990804D0034803F0030313607047A5
:100D20000148F9E700800B4000000B4010B4846AD2
:100D3000A2EB040C0B1D50F823301B1B9C4504D365
:100D4000046A01238B401C4202D1043140F8212067
:100D50005DF8044B704741EA004070470D4B1A683C
:100D6000EFF3108172B6D2E8CFCF0120BCF1000FB3
:100D7000F9D1C2E84C0FBCF1000FF4D1BFF35F8F83
:100D80001A680023C2E88F3F81F3108840BF00201B
:100D900000217047B42100202DE9F04F85B003A851
:100DA000FFF7B2FF954B984214BF0023012303992C
:100DB00001EB8303924A52F823402378994206D1EB
:100DC000054601228A4000F541535A602CE18D4BC3
:100DD0008D4A92218D4802F07BF9D4F8149006EBED
:100DE00046074FEAC70A09EBC707D7F808B0D7F894
:100DF0000C80284600F0B4FBB0EB0B0061EB08035D
:100E0000002BC0F21A81B8F1000F64DB3B691A466F
:100E100000937F4B9A4230D0798889B2B4F90800A8
:100E2000FFF799FF7969009B98470090019100991D
:100E3000019A51EA02034ED01346002A29DABBEB8D
:100E4000010268EB0308BA60C7F80C8039F90A7030
:100E5000002FC0F2F280D4F814E007EB47030EEB4A
:100E6000C3039968DB68511A68EB0303002BC0F2D7
:100E7000E480A4462CF8087F17E07A691369009291
:100E80001046984738B3009A13680093536801934B
:100E9000CDE7284600F064FB009B1A18019B43EB4A
:100EA0000108D0E79C463EF90B70002F0EDBBCF921
:100EB000003003EB43034FEAC30B0EEBC303986808
:100EC000D968101A68EB01010029EBDA29F80A70D9
:100ED000ACF80060B1E039F90A3023812369EFF3FF
:100EE000108272B6D3E8CF0F01210028FAD1C3E8EF
:100EF000401F0028F6D1BFF35F8FB4F9023029F804
:100F00000A30668021690023C1E88F3F82F3108890
:100F100093E02369EFF3108272B6D3E8CF0F01217B
:100F20000028FAD1C3E8401F0028F6D1BFF35F8F35
:100F3000B4F804800FFA88F84FF6FF73A380216994
:100F40000023C1E88F3F82F310881AE01F4630F972
:100F50000A60002E0FDBB7F9003003EB43034FEAC2
:100F6000C30A00EBC3039968DA68BCEB01016EEBBE
:100F70000202002AEADAA7F8008030F9098020F896
:100F80000960B8F1000F5DDB606908EB48034FEAC8
:100F9000C30900EBC303D3F808C0D3F80CE004F195
:100FA0000807B4F90860D4E70023A37104F1080C22
:100FB000B4F9083010E04FF0FF384FF0FF39C0E9C6
:100FC0000289B4F90800984205D0ACF80020B4F9C1
:100FD0000800C85323811346B3F1FF3F35D0616940
:100FE00003EB4302D70001EBC20031F932204688FF
:100FF00016F4004FDFD18446EDE700BF00800B40C0
:101000008C21002024730010107D001050730010FC
:10101000990D0010284600F0A3FA3F1A66EB01066E
:10102000012F76F1000628DA039A01239340EB633F
:10103000B4F90860002EBFF6D0AEA38813F4004FB9
:101040003FF467AFA379002BAED1B4F90830002B81
:1010500013DB626903EB430302EBC3039F68DE68A3
:10106000B6F1FF3F08BFB7F1FF3FD3D03A46334652
:1010700003992846FFF75AFECCE740BF05B0BDE80C
:10108000F08F00BFF8B504460D4611460A4B984252
:1010900010D000262E44012707FA05F525623046B8
:1010A000FFF7FCFB39463046FFF7CEFB04F5015451
:1010B0002560F8BD0426EDE700800B40F8B5044636
:1010C0000E4617461D46C160FFF706FB164B03444C
:1010D00023612770ABB263814FF050421278627087
:1010E0004FF6FF722281A280013B63804FF0000C1B
:1010F00008E00CF1FF300CEB4C0E636923F83E0066
:101100000CF1010CAC45F4D3084B9E4214BF0023F4
:10111000012307EB8303064A42F82340054A394678
:101120003046FFF7AFFFF8BDC418002000800B4029
:101130008C210020990D001008B5054B1B690BB1DF
:10114000034808BD034B044A6521044801F0C0FF71
:10115000640E002090730010F87C00105073001093
:10116000F8B504469E460069EFF3108172B6D0E8E8
:10117000CF6F0125002EFAD1C0E8465F002EF6D1D0
:10118000BFF35F8FB4F90250666905EB4500C700F5
:1011900006EBC000002D03DB36F907C0A4F802C03F
:1011A0004FF0000C2369C3E88FCF81F310886545A9
:1011B00033DB06990161079941618260C0F80CE058
:1011C000418889B20131C1F30E0101B90121418089
:1011D0002846FFF7C0FD2369EFF3108272B6D3E80B
:1011E000CFCF0121BCF1000FF9D1C3E84C1FBCF1F6
:1011F000000FF4D1BFF35F8FA388F353A58021695B
:101200000023C1E88F3F82F31088E3682178012230
:101210008A4003F501535A60F8BD4FF0FF30FBE7F9
:1012200070B582B0064615461C469DF8203033B98D
:1012300000F0ACF9854264EB010100290ADB079B51
:101240000193069B00932A4623463046FFF788FF0A
:1012500002B070BD0020FBE7F0B585B005460C4636
:1012600016461F46FFF768FF9DF828300293019746
:1012700000962A462346FFF7D3FF05B0F0BD03468C
:101280004089B0EB214F31DD10B50A14586902EBEB
:10129000420200EBC2001A69EFF3108C72B6D2E87A
:1012A000CF4F5FF0010E002CF9D1C2E844EF002CC3
:1012B000F5D1BFF35F8F428892B289B28A420FD0D4
:1012C000002019690022C1E88F2F8CF3108830B1FB
:1012D000DA681B780121994002F50153596010BD6D
:1012E00042F40042428001209871EAE700207047F2
:1012F00010B50446FFF720FF2146FFF7C0FF10BDE1
:1013000040787047F0B583B0EFF30583DBB2CBB91B
:1013100004460D46861F41F1FF37B04271EB0703CB
:1013200001D20026374600F031F9301A67EB01038D
:10133000012873F1000308DA2046294600F02EF94F
:1013400003B0F0BD1848FFF753F900230093174A84
:1013500030463946FFF780FF002819DAECE7144BD6
:101360001A68EFF3108172B6D2E8CFCF0120BCF13A
:10137000000FF9D1C2E84C0FBCF1000FF4D1BFF35C
:101380005F8F1A680023C2E88F3F81F3108820BF67
:10139000084B5B6A9F42E2D8064A926AB242CBD2BD
:1013A0009F42C9D1DBE700BFB47300105D0D001090
:1013B000B421002000000B4038B504460D4600F073
:1013C000E5F8201845EB0101002902DBFFF79AFF41
:1013D00038BD4FF0FF306FF00041F7E708B5C30E9E
:1013E0004101091A63F100039B0043EA91738900EC
:1013F000091843F10003DB00C80043EA5171FFF70D
:10140000DBFF08BDF0B583B005460C46EFF305835E
:10141000DBB293B1384B5B6A8B4209D3364A926A8E
:10142000824208D28B4201D0012002E0002000E07D
:10143000002003B0F0BD0120FBE7FFF77DFEC76889
:101440000678384600F08CF82A1A64EB010104365D
:1014500057F826301B1A9A4271F1000112DB20BFA7
:10146000254B5B6A9C4209D8234A926AAA4207D25A
:101470009C4201D00120DCE70020DAE70020D8E719
:101480000120D6E7002300931C4A28462146FFF797
:10149000E3FE002818DD184B5B6A9C4205D8164A0B
:1014A000926AAA4202D29C4200D120BFFFF720FFDD
:1014B000114B5B6A9C421BD80F4A926AAA4219D20E
:1014C0009C4213D00120B4E70B4B5B6A9C4209D8C5
:1014D000094A926AAA4207D29C4201D00120A8E799
:1014E0000020A6E70020A4E70120A2E70020A0E753
:1014F00000209EE701209CE700000B405D0D0010DE
:101500000048704700000B4010B50A4B1B6923B11F
:101510000A210948FFF79EFB10BDFFF7F1FF0446C3
:10152000032100F00BF81023032221460148FFF7A6
:10153000C5FDEDE7640E0020B421002010B5054A7A
:10154000054C064BA04214BF1846581CFFF784F800
:1015500010BD00BF0474001000800B40E41C00208C
:101560000246436A906A1946536A9942FAD1704713
:10157000416A00E0416A9942FCD300E0416A994225
:1015800002D1816A9142F9D37047000008B5024840
:10159000FFF7E6FF08BD00BF00000B4008B502469C
:1015A0000B460248FFF7E4FF08BD00BF00000B40F8
:1015B00070B51646049D00EB400C4FEA8C0C0CF104
:1015C000804C0CF5803CDCF80420AA4201D2CCF817
:1015D0000450A0F1040E5FFA8EFEBEF1010F28D96F
:1015E0000CF540524FF4006414601E4A52F820205B
:1015F00042B11C4C6469B4FBF2F4013404EB4404C2
:10160000033CFDD2DCF8002082EA461202F0E00240
:101610000CF580542260BEF1010F16D90CF5005272
:101620004FF400611160CCF804500E4A42F82030AB
:1016300070BD0129D4D10CF5405203241460DCF8AC
:10164000082012F0010FFAD0DCE7DCF800204A4055
:1016500002F003022260DCF8084001228A401442B2
:10166000F9D0DBE7E81C002010B582B04FF48034DD
:101670000094FFF79DFF02B010BD0000014B53F82E
:1016800020007047E81C002070B5049C344DB5FB69
:10169000F1FC344D1544344EB54237D8B2FBFCF55D
:1016A000A5F1100EBEF5987F36D803F1FF3EBEF1CE
:1016B000060F37D804F1FF3EBEF1060F32D8BCEB5F
:1016C000121F35D8240344EA03440368002B35DB9A
:1016D000264B984242D00E2301229A40244B1A6096
:1016E00003F580531A60234B9B6832EA0303FAD157
:1016F0000160856000F540520432212313600368C5
:10170000002BFCDAC4600823136070BD1A4B1B4A1F
:1017100011211B4801F0DCFC1A4B184A192118480A
:1017200001F0D6FC184B154A1C21154801F0D0FCDD
:10173000164B124A2321124801F0CAFC036803F039
:101740003F038B42C4D18368C3F30B03AB42BFD1C9
:10175000C36803F4EE23A342BAD1D6E70F23BBE755
:10176000001BB70080E84BD380F8A9320080054009
:10177000002002400000024028740010287D001064
:1017800078740010C0740010DC740010287500100C
:10179000024B1A68024B5A60704700BF6421002058
:1017A00000800D4008B5164B4FF080421A60A3F53B
:1017B0004123144A9A6051B103F540234FF0E0628F
:1017C0001A6048B9104B4FF000421A6008BD0C4B2C
:1017D0004FF0E0621A60F4E74FF47A7303FB00F015
:1017E0000A4B1860B0F1807F02D36FF07F421A601D
:1017F000FFF7CEFF044B4FF080421A60E6E700BFD0
:1018000000B00D40F3FFFF0100A00D406421002057
:1018100010B50C4B4FF080441C6070B140F00103D8
:1018200009480A4CC4610A4C5C400462416283620C
:1018300000211046FFF7B6FF10BD034B0021D96110
:10184000F6E700BF00B00D4000800D40D3C007B0E8
:101850002D3FF84F054A00EB400302EB830359602C
:1018600000EB4000800001231350704700801040BF
:101870002DE9F04105460E46174698460023DB8ABF
:10188000002242E800F212F4800F0BD1102144F242
:1018900052209847044643463A4631462846A047D8
:1018A000BDE8F081042144F2522098470446F2E753
:1018B00008B50023DB8A002242E800F212F4800F10
:1018C00002D11021984708BD04219847FBE708B5CD
:1018D000031E04DB41F020003AB141F030010A461A
:1018E0000A214FF48170FFF7C3FF0146F7E70000BC
:1018F000034BD3F82838002BFAD0BFF35F8F704723
:1019000000000E40002207E0054B13449B00BFF38C
:101910005F8F002119600132072AF5D9704700BF97
:101920000382031008B5FFF7EDFF08BD074B4FF426
:101930002A621A604FF48D72DA6003F50053044A8C
:101940001A60024B5B68002BFBDA70470080044092
:1019500000B0FA0010B5044602E054F8043B984782
:10196000014B9C42F9D310BD387000107047000045
:1019700008B50248FFF7EEFF08BD00BFF86F001082
:10198000064B074A1A6003F58053064A1A60064B55
:101990009A68044B9343FAD1704700BF002002407D
:1019A0007F3BEFEFF6FFF30300000240054BDB6CDB
:1019B000B3F5004F00D07047034B4FF48022DA6438
:1019C000F9E700BF00001150002011504FF0E02255
:1019D000D2F8881D034B0B43C2F8883D10EE30044B
:1019E000704700BF03033000054B6FF060421A6080
:1019F000044B9B68DB4333F06043F9D1704700BF71
:101A0000003002400000024008B545F25320FFF7C5
:101A10004FFF03460420984708BD08B545F2532000
:101A2000FFF746FF03460120984708BD08B5FEF7BB
:101A30007BFE08BD10B50C490C4A521A9210144690
:101A4000442A28BF44229200094805F0B3F804E074
:101A5000084A074B43F824200134432CF8D9044AA0
:101A6000054B9A6010BD00BF00000010100100106F
:101A7000000000201101001000ED00E038B5042046
:101A8000FFF7FCFD064BA3FB0035AD0C002404E082
:101A90002946E0B2FFF7DEFE0134052CF8DD38BD43
:101AA00083DE1B4330B583B0264B0022C3F884206D
:101AB000FFF73CFF244B0122DA63224B5B6C012BC6
:101AC000FBD1214B03221A631E4B9B6B012BFBD1D5
:101AD0000224009405231D4A01211D48FFF7D4FD6F
:101AE000052500952B461B4A01211B48FFF7CCFD1D
:101AF0001A4B002221460420FFF7B6FD184C23465E
:101B0000002201212846FFF7AFFD164D2B4600228B
:101B100011460820FFF7A8FD2B4600221146092098
:101B2000FFF7A2FD2346002211460620FFF79CFD89
:101B30002346002211460720FFF796FDFFF79EFF80
:101B400003B030BD0000014000300140002F685953
:101B500000000540008C864700800540001BB70050
:101B600080D1F008006CDC0286B003B451FC08049C
:101B7000CDE9020151FC0904CDE9040151EC0A044C
:101B8000CDE9060103BCF047BDE800504EEC00C4AF
:101B9000BDE800504EEC01C4BDE800504EEC02C45C
:101BA00000BD000000B5FFF7DFFF02E010FE30F4DB
:101BB000F8D441EC100443EC112400EE010410EEC3
:101BC000010480EE200451EC1004704700B5FFF7CB
:101BD000CBFF02E010FE30F4F8D441EC100443ECEB
:101BE000112400EE010410EE210480EE200451ECDB
:101BF0003004704700B5FFF7B7FF02E010FE30F485
:101C0000F8D410B541EC100443EC112451EC040459
:101C100053EC0524A0FB024C5FF0000EE0FB03CE6A
:101C2000E1FB02CE4CEC20440024E1FB03E444EC55
:101C300030E480EE200451EC5004BDE810407047C1
:101C400000B5FFF791FF02E010FE30F4F8D441EC4C
:101C5000100443EC112451EC2104A0FB01126FEAA3
:101C6000820252FB100052FB12F252FB1000A0EB5A
:101C7000D07C53EC04245CFB13F153EC1524A1FB42
:101C8000022001FB030053EC4424A2EB000050FBB4
:101C90001CF24FEA111312EB017043EBE27140EAC0
:101CA000515020EA915020F0070053EC7524A0FB1E
:101CB000023C53EC752400FB03CC01FB02CC53EC3B
:101CC0000424ACEB824C40EA5C70A0F1010041ECD2
:101CD000400480EE200451EC7004704700B5FFF71B
:101CE00043FF02E010FE30F4F8D440EC700400EE44
:101CF000010410EE210480EE200451EC3004704702
:101D000000B5FFF731FF02E010FE30F4F8D440ECEC
:101D1000600400EE010410EE210480EE200451EC7A
:101D20003004704700B5FFF71FFF02E010FE30F4EB
:101D3000F8D441EC800400EE010410EE010480EEC2
:101D4000400410EE1304704700B5FFF70DFF02E0EA
:101D500010FE30F4F8D441EC800400EE010410EEE3
:101D6000010480EE400410EE3304704700B5FFF725
:101D7000FBFE02E010FE30F4F8D441EC100443EC1A
:101D8000112400EE010410EE3004C0F3007070471F
:101D900000B5FFF7E9FE02E010FE30F4F8D443ECA2
:101DA000102441EC110400EE010410EE30F48CBF5D
:101DB00001200020704700BF00B5FFF7D5FE02E00C
:101DC00010FE30F4F8D443EC102441EC110400EE82
:101DD000010410EE30F42CBF01200020704700BF3A
:101DE00000B5FFF7C1FE02E010FE30F4F8D441EC7C
:101DF000100443EC112400EE010410EE30F42CBF6B
:101E000001200020704700BF00B5FFF7ADFE02E0E3
:101E100010FE30F4F8D441EC100443EC112400EE31
:101E2000010410EE30F48CBF01200020704700BF89
:101E300008B528B103460B44034A934200D808BDB5
:101E40000248FEF7D5FB00BF0000082044750010D3
:101E500038B5054604F066FB04462946FFF7E8FF5F
:101E6000204638BD9A4200D288547047704720B14E
:101E700008B50A684968904708BD704701460020C8
:101E800008E000EB8000531C0B60137803EB400369
:101E9000A3F130000A681378303BDBB2092BF0D98C
:101EA00070472DE9F04F83B005460E4693461F4616
:101EB000DDF830A00D9CDDF838900F9B13F0030F78
:101EC00019D1A046019208E002F1010B3B463146D0
:101ED0002020A84708F101085A46C845F4D3DDF888
:101EE00004B008E0013C02F101083B4631461AF813
:101EF0000400A8474246002CF4D10F9B13F0020FB8
:101F000009D1104603B0BDE8F08F541C3B46314662
:101F10002020A8472246A2EB0B034B45F5D3F0E760
:101F20002DE9F04385B099460C9D0D9C9DF83880B5
:101F3000DDF840E0119F129E16F0020F21D17FB113
:101F400016F0010F0CD0B8F1000F02D116F00C0FF3
:101F500006D0013F04E04FF0300C05F804C0013416
:101F6000744501D21F2CF6D916F0010F09D0BC42DE
:101F700007D21F2C05D84FF0300C05F804C00134EF
:101F8000F2E716F0100F14D016F4806F04D11CB1D4
:101F9000744522D0BC4220D00F9B102B33D00F9B16
:101FA000022B3DD01F2C0ED84FF0300C05F804C08A
:101FB00001341F2C07D8B8F1000F39D04FF02D0C89
:101FC00005F804C0013403960297019400954B462E
:101FD000FFF767FF05B0BDE8F083B4F1010C1DD039
:101FE0000F9B102B0ED064460F9B102BD7D116F0F1
:101FF000200FD4D01F2CD2D84FF0580C05F804C0B5
:102000000134CFE7023C16F0200FEDD11F2CEBD8A6
:102010004FF0780C05F804C00134C3E76446BBE711
:102020001F2CD0D84FF0620C05F804C00134B9E77A
:1020300016F0040F05D04FF02B0C05F804C0013446
:10204000C1E716F0080FBED04FF0200C05F804C011
:102050000134B8E7F0B591B0169C189D1B9E0CB9E1
:1020600026F0100616F4806E1DD064B34FF0000EFB
:1020700019E016F0200F24D04127BC445FFA8CFCF5
:10208000ACF10A0C5FFA8CFC0EF101070EF1400E68
:10209000EE440EF820CCB4FBF5FCAC4214D31F2F59
:1020A00012D8BE466446B4FBF5FC05FB1C4C5FFA37
:1020B0008CFCBCF1090FDCD80CF1300C5FFA8CFC05
:1020C000E2E76127D9E7274606961A9C0594199CF2
:1020D000049403959DF85C400294019708AC009429
:1020E000FFF71EFF11B0F0BD2DE9F04F95B009903C
:1020F0000A910B929846DDF878B0DDF87C90229D2D
:10210000239F269E5BEA090201D126F0100616F4F1
:10211000806424D05BEA09022FD000241FE016F06F
:10212000200F28D041231344DBB20A3BDBB204F179
:10213000010A04F150020DEB020404F8203C2A4687
:102140003B465846494604F043FFAB4579EB070947
:1021500015D3BAF11F0F12D85446834689462A4632
:102160003B465846494604F033FFD2B2092AD6D836
:102170003032D3B2DBE76123D5E74FF0000A069691
:10218000259B0593249B049303959DF8803002932F
:10219000CDF804A00CAB009343460B9A0A9909981A
:1021A000FFF7BEFE15B0BDE8F08F00000000000094
:1021B0002DE9F04F93B004460D4617461E46DDE963
:1021C0001CAB52465B4650465946FFF7D3FD0028EC
:1021D00040F0F3804FF0FF32AD4B50465946FFF7C9
:1021E00017FE002840F0E9804FF0FF326FF48013B3
:1021F00050465946FFF7D0FD002840F0DE8000220F
:10220000002350465946FFF7C7FD002840F0E680FE
:10221000CDE906AB209B13F480630F9301D1062315
:102220001E93DDE9062310461946CDE90A01079BF6
:1022300052EA030100F0DC80C3F30A50C3F3130336
:10224000904643F07F5949F44019A0F2FF30FFF760
:1022500049FD7DA3D3E90023FFF7D0FC7CA3D3E99C
:102260000023FFF7A3FCCDE908010022894B40467B
:102270004946FFF7AFFC78A3D3E90023FFF7BEFC84
:1022800002460B46DDE90801FFF790FCFFF74EFD23
:102290000890FFF727FD8046894671A3D3E9002304
:1022A000FFF7ACFC00227C4BFFF780FCFFF73EFD04
:1022B0000A906DA3D3E9002340464946FFF79EFCF0
:1022C000804689460A98FFF70DFD69A3D3E90023EC
:1022D000FFF794FC02460B4640464946FFF77AFC5E
:1022E0008046894602460B46FFF788FCCDE90C0183
:1022F0000A9B03F2FF3300210022CDE90A121B05DD
:102300000B9300230A9342464B4640464946FFF74B
:102310004DFCCDE9100142464B4600204FF0804174
:10232000FFF758FC8046894600225C4BDDE90C0132
:10233000FFF78AFC00225A4BFFF738FC02460B4697
:10234000DDE90C01FFF780FC0022564BFFF72EFC65
:1023500002460B46DDE90C01FFF776FC02460B4610
:1023600040464946FFF722FC02460B46DDE91001D4
:10237000FFF76AFC00224C4BFFF718FCDDE90A234B
:10238000FFF73CFC80468946CDE90A89DDE9062352
:10239000FFF73EFD50B1089B013B08930022404BE4
:1023A00040464946FFF750FCCDE90A01089B6333DC
:1023B000C62B46D84FF004081EE0209B04931F9BB9
:1023C00003931E9B0293CDE900AB33463A46294660
:1023D000204600F0FDF813B0BDE8F08F9FED267B9E
:1023E0008DED067BCDF818A00BF10043079311E7A4
:1023F000002308934FF00408209B13F4006F5FD074
:10240000DDE90A1213460B4313D01DA3D3E90023C1
:10241000DDE90601FFF7E8FC002800F0B4801AA30C
:10242000D3E90023DDE90601FFF7B6FC002800F040
:10243000AA801E9A089B9A4238DDD31A013B1E934C
:1024400036E04FF00508D7E7FB799F501344D33FA0
:10245000B3C8608B288AC63F61436F63A787D23FAA
:1024600071A379094F930A401655B5BBB16B024071
:10247000EF39FAFE422EE63F0000000000000000A7
:102480002D431CEBE2361A3F0000000080842E41F1
:10249000FFFFEF7F0000F83F0000E03F00002C400E
:1024A00000002440000018400000F03F00231E936D
:1024B000209B43F4806320934FF00008CDF82080E8
:1024C0001F9B984569D2A3EB0809209B13F00203D8
:1024D0000C9304D0B8F1000F01D04FF00009089B15
:1024E0003BB1DDE90A23DDE90601FFF7ADFBCDE9EC
:1024F00006010022002350465946FFF74DFC0028F4
:102500004ED1209B23F400630493CDF80C901E9BC6
:1025100002939DED067B8DED007B33463A462946BE
:10252000204600F055F8B8F1000F3FF454AF209B5F
:1025300013F0200F3CD04FF0450C00F10109334659
:10254000024629466046A047089981EAE172A2EB5B
:10255000E1720523059308F1FF33049300230393ED
:102560000A230293CB0F0193009233464A46294631
:102570002046FFF76FFD0C9B002B3FF42CAF02466B
:10258000DDF87C901EE01E9B002B99D00F9B002B4A
:1025900096D01E9B013B1E9392E74FF0000994E7F3
:1025A000DDE90601024601F10043CDE90623A8E773
:1025B0004FF0650CC1E702F101083346294620209F
:1025C000A0474246D31B4B45F5D3104603E700BF57
:1025D0002DE9F04F2DED028B95B007900A919246B0
:1025E0009B46DDE92089229D42464B4640464946AE
:1025F000FFF7C0FB002835D14FF0FF326FF4801396
:1026000040464946FFF7C8FB00283AD14FF0FF3259
:10261000B14B40464946FFF7FBFB002840D1AAA337
:10262000D3E9002340464946FFF7F2FB00284DD18D
:10263000A7A3D3E9002340464946FFF7ADFB002896
:1026400044D10022002340464946FFF7A5FB00285D
:102650004AD100230B93249B13F4806F00F0B580C4
:10266000002454E0249B0393239B029303230193B0
:102670009A4B00935B4652460A990798FFF711FC64
:102680001BE1249B0393239B029304230193944B0C
:1026900000935B4652460A990798FFF702FC0CE14B
:1026A000249B13F0040F0ED08E4B04222499039127
:1026B00023990291019200935B4652460A9907982A
:1026C000FFF7EFFBF9E0884B0322EFE7249B04932D
:1026D000239B03930295CDE900895B4652460A99F4
:1026E0000798FFF765FDE8E042464B4600200021D1
:1026F000FFF770FA8046894601230B93ABE704F19C
:1027000050036B44302203F8202C013D01341F2C70
:1027100001D8092DF3D840464946FFF707FB064686
:10272000FFF7E0FA02460B4640464946FFF752FAE9
:102730006E4B03EBC50393ED008B53EC182BFFF7A7
:102740005DFA02460B46CDE90823FFF701FB074679
:10275000FFF7DAFA02460B46DDE90801FFF73AFA1D
:1027600002460B46CDE908230022614BFFF750FBE0
:1027700068B301373846FFF7C7FA02460B4651ECFB
:10278000180BFFF71DFB08B1013600276DBB304663
:10279000FFF7A8FA02460B4640464946FFF71AFAE9
:1027A000074688460022524BFFF7F6FA00284CD124
:1027B00000224F4B38464146FFF72AFB002844D100
:1027C00016F0010F41D001363FE0062548E7002210
:1027D000474BDDE90801FFF7DFFA0028D6D117B132
:1027E00017F0010FD2D00137D0E71F2C17D8013DC9
:1027F000404BA3FB0723DB08194603EB8303A7EB3E
:102800004303621C303304F150000DEB000404F864
:10281000203C092F02D90F461446E6E714461F2C28
:102820000AD86B1E45B104F150026A44302102F807
:10283000201C1D460134F2E71F2C06D804F150037A
:102840006B442E2203F8202C01341F2C17D82A4A5F
:1028500082FB0632F317C3EBA2031A4603EB830392
:10286000A6EB4303611C303304F150000DEB000470
:1028700004F8203C16460AB10C46E6E70C46249BB9
:1028800003F00303012B39D01F2C09D80B9B002B1D
:1028900051D004F150036B442D2203F8202C013455
:1028A000249B0393239B029301940CAB00935B4600
:1028B00052460A990798FFF7F4FA15B0BDEC028B5F
:1028C000BDE8F08FAFF300800000000065CDCD4182
:1028D0000000000065CDCDC1FFFFEF7FAC7500109B
:1028E000B0750010A0750010A8750010987D00103C
:1028F0000000E03FCDCCCCCC67666666239BB3B1CD
:102900000B9B1BB9249B13F00C0F12D0239B013B94
:102910002393194606E004F150036B44302203F878
:10292000202C01348C42AFD21F2CF4D9ACE7239970
:10293000F8E72399F6E7249B13F0040F07D004F17E
:1029400050036B442B2203F8202C0134A8E7249B6E
:1029500013F0080FA4D004F150036B44202203F8B5
:10296000202C01349CE700BF2DE9F04F8FB080464A
:1029700017460D938946002900F04F83002508E093
:102980006C1C3B462A464946C0470D9B01330D93BC
:1029900025460D9B1878002800F042832528EFD1AA
:1029A00001330D9300261FE046F0010601320D921F
:1029B000012318E046F0020601320D92012312E0D5
:1029C00046F0040601320D9201230CE046F00806A1
:1029D00001320D92012306E046F0100601320D92FD
:1029E000012300E000234BB30D9A1378203B102BFA
:1029F000F8D801A151F823F0CD290010E5290010E5
:102A0000E5290010D9290010E5290010E52900105A
:102A1000E5290010E5290010E5290010E52900103E
:102A2000E5290010C1290010E5290010B529001082
:102A3000E5290010E5290010A92900100A930D9B33
:102A40001A78A2F13003DBB2092B18D92A2A1BD03D
:102A50000A9B0B930D9B1A782E2A25D00D9A13787A
:102A6000683B122B5CD8DFE803F0495BAC5B3B5B57
:102A70005B5B5B5B5B5B575B5B5B5B5BB1000DA8B0
:102A8000FFF7FCF90B90E5E7189B1A1D18921B68DD
:102A9000002B04DB0B930D9B01330D93DAE746F01B
:102AA00002065B420B93F6E746F480665A1C0D92D1
:102AB0005A78A2F13003DBB2092B0CD92A2ACDD1E6
:102AC000189B1A1D18921C6824EAE4730A930D9B44
:102AD00001330D93C2E70DA8FFF7D0F90A90BDE7C7
:102AE00046F48071531C0D9353786C2B01D00E4625
:102AF00016E046F4407602320D9211E046F0800175
:102B0000531C0D935378682B01D00E4608E046F015
:102B1000C00602320D9203E046F4807601320D9237
:102B20000D9B1878672856D82528C0F06C82A0F134
:102B30002503422B00F26782DFE813F05A02650298
:102B4000650265026502650265026502650265024D
:102B5000650265026502650265026502650265023D
:102B6000650265026502650265026502650265022D
:102B700065026502650265026502650288016801F9
:102B800088016502650265026502650265026502EB
:102B900065026502650265026502650265026502FD
:102BA00065027100650265026502650265026502E3
:102BB0006502650265027100AF017100880168015C
:102BC000880146F4007601320D92A9E746F480763A
:102BD00001320D92A4E7782800F215826928C0F02E
:102BE0001282A0F16902D2B20123934049F241025C
:102BF000134214D113F0800F40F0DF8113F4806F83
:102C000000F00182189B1A1D1892D3F800A00A9BAD
:102C1000002B40F090814FF0FF32534674E16F2853
:102C20003DD005D858283CD0622803D1022304E0C7
:102C3000782838D026F010060A23582835D069287D
:102C400003D0642801D026F00C0616F4806F01D062
:102C500026F0010669282BD0642829D016F4007FBD
:102C600040F0968016F4807F40F0AE8016F0400F62
:102C700000F0BF80189A111D1891127805960B99D3
:102C800004910A99039102930023019300923B4619
:102C90002A4649464046FFF7DDF9054629E0082364
:102CA000CBE71023C9E71023C7E746F02006C6E7A5
:102CB00016F4007F21D116F4807F42D116F0400F28
:102CC00058D0189A111D1891127882EAE271A1EB7E
:102CD000E27105960B9804900A9803900293D20F24
:102CE000019200913B462A4649464046FFF7B2F919
:102CF00005460D9B01330D934BE6189A073222F0DF
:102D0000070202F10801189151681268084600296B
:102D100013DB08960B9C07940A9C069404930023EB
:102D20000593C90F0291009201903B462A464946FD
:102D30004046FFF7D9F90546DBE7524261EB410017
:102D4000E7E7189A111D1891126882EAE271A1EB67
:102D5000E27105960B9804900A9803900293D20FA3
:102D6000019200913B462A4649464046FFF772F9D8
:102D70000546BEE716F0800F05D0189A111D189170
:102D8000B2F90020A1E7189A111D189112689CE76A
:102D9000189A073222F0070202F1080118910896EA
:102DA0000B9907910A9906910021049305910291CC
:102DB000D2E90023CDE900233B462A464946404656
:102DC000FFF792F9054694E7189A111D1891059698
:102DD0000B9904910A9903910293002301931368BC
:102DE00000933B462A4649464046FFF733F90546DD
:102DF0007FE716F0800F04D0189A111D18911288E1
:102E00003CE7189A111D1891126837E746281AD026
:102E1000189B073323F0070303F108021892049666
:102E20000B9A03920A9A0292D3E90023CDE9002378
:102E30003B462A4649464046FFF7CAFB05460D9BDE
:102E400001330D93A5E546F02006E1E7672801D0A0
:102E5000472801D146F40066452801D0472801D112
:102E600046F02006189B073323F0070303F10802FE
:102E7000189204960B9A03920A9A0292D3E90023BD
:102E8000CDE900233B462A4649464046FFF790F9E4
:102E900005460D9B01330D937BE516F002061CD011
:102EA00001241898031D189305F1010A3B462A4690
:102EB00049460078C047AEB90D9B01330D93554686
:102EC00067E5551C3B4649462020C04723462A4615
:102ED0005C1C9A45F5D81546E3E70123DDF82CA0E4
:102EE0002A46F5E75246DDF82CA006E0561C3B4684
:102EF00049462020C0472C463246651CA245F5D8DD
:102F00009246D9E701330A46197811B1511E002AB9
:102F1000F8D1A3EB0A0316F4806B03D00A9A93420C
:102F200028BF134616F0020407D00C940A9E2A46C6
:102F30005D469B4623E00A9A6FE6CDF830B02A46FC
:102F400025460B9C07E002F1010B3B464946202039
:102F5000C04733465A465E1C9C42F4D8DDF830B078
:102F60002C4633460C940A9E5D469B4607E01E465F
:102F70000AF1010A541C3B464946C04722469AF8CA
:102F8000000020B1002DF3D0731E002EEFD10C9C59
:102F900015465B461CB90D9B01330D93F9E40B9E5E
:102FA00006E0551C3B4649462020C04723462A469A
:102FB0005C1C9E42F5D81546EDE746F02106189BAD
:102FC0001A1D18921B680596082204920A9A039209
:102FD000102202920022019200933B462A46494663
:102FE0004046FFF737F805460D9B01330D93D0E4BB
:102FF0006C1C3B462A4649462520C0470D9B0133A1
:103000000D932546C5E46C1C3B462A464946C047FD
:103010000D9B01330D932546BBE4DFF82080ADE422
:10302000BD4208D37A1E3B4649460020C047284689
:103030000FB0BDE8F08F2A46F5E700BF6D1E001007
:103040000EB400B584B0014605AA52F8043B0392C1
:1030500000924FF0FF320448FFF786FC04B05DF8A1
:1030600004EB03B0704700BF651E001000B585B0CB
:1030700002900391009313464FF0FF3202A90348D8
:10308000FFF772FC05B05DF804FB00BF6F1E001077
:1030900000BEFDE70346094A126842B1074A1068BC
:1030A0000344074A934206D8044A13607047034A10
:1030B00004491160F2E74FF0FF307047601D0020B7
:1030C00000000820DC21002008B5FFF7E1FF000028
:1030D00000B583B08C4619465AB11446064B01948C
:1030E000009363460246054800F056F90120FFF7B9
:1030F000CFFF034B1C46F2E7B8750010C8750010EF
:10310000C475001010B5EFF30583DBB203B100BE48
:10311000FEF72EFC044C02E054F8043B9847034BA6
:103120009C42F9D310BD00BF3870001040700010F1
:1031300008B5034608461B681146984708BD0000BD
:10314000F8B507460D461646437D13B100242046C8
:103150000CE003681146284698472EE03B7D10E0BE
:103160003B68022115489847601C0134B44214DAC8
:10317000002CF3DD2B1913F8013C0D2B14BF002399
:1031800001232A5D0A2AF0D1002BEED1A042E7DA12
:103190003B68211A28449847E2E7B04203DA3B68CB
:1031A000311A28449847002E07DD354415F8013CB4
:1031B0000D2B14BF002301233B75F8BDE87D0010E3
:1031C00038B50368BBB105460B4B1C6806E02946C1
:1031D00051F8042B2046FFF7B3FF24694CB1236854
:1031E000002BFAD0054B1B68002BF0D0A342F4D182
:1031F000EDE700232B6038BD501D00205C1D002032
:1032000038B505460C460B68802B05D023685A1C40
:1032100022601C44257138BD0846FFF7D1FFF5E751
:1032200008B5FEF7B3F9074A821841F10003002BF5
:1032300003DB054803F0D8FE08BD4FF0FF326FF006
:103240000043F6E740420F002014002008B5024872
:1032500003F0C2FE08BD00BF201400202DE9F0439A
:1032600083B006460D4690461C46FFF7D9FF8146BF
:10327000B5F1FF3F04D044B1174F184B1C6807E06D
:10328000304603F00DFD0546F5E7154FF5E72469D7
:10329000BCB12368002BFAD0124B1B680BB1A342C0
:1032A000F5D12A4631462046B847B8F1000FEED096
:1032B0000A238DF8073001220DF107012046B84797
:1032C000E5E7B9F1000F03D1284603B0BDE8F0836C
:1032D000FFF7BCFFF8E700BF41310010501D002090
:1032E000313100105C1D0020094A136802E003F12F
:1032F00010021B6943B113688342F8D131B90369E5
:10330000136000230361704701B11060704700BF74
:10331000501D002010B5054B1C6800E0246924B145
:103320006368002BFAD09847F8E710BD501D0020C5
:1033300008B500F0ADF908BD38B5054603F0B0FC9E
:10334000044601231A4601462846FFF787FFFFF788
:10335000E1FF204638BD0000F0B5A3B004460E469C
:10336000FFF75EFF05460023019301AF3346224677
:1033700039460848FFF77AFE04463846FFF720FF33
:10338000FFF7C8FF15B9204623B0F0BDFFF75EFF79
:10339000F9E700BF013200100FB400B583B004A9F3
:1033A00051F8040B0191FFF7D7FF03B05DF804EB70
:1033B00004B0704770470000014B00221A7070473C
:1033C000D52100204B79FF2B0BD18B795BB9CB79C1
:1033D000012B0AD1082A0AD98A78064B1A700920CB
:1033E0007047002070470020704700207047002081
:1033F000704700BFD521002001207047012923D14B
:1034000008B59188114B1B78994201D0002008BD66
:103410005378012B03D0022B0FD00020F7E75188FF
:1034200011F4807F06D0480AC1F3402201F07F01E9
:10343000FEF74DFA4FF0FF30F6E764220021084610
:10344000FEF7E6F90120E2E701207047D5210020D0
:1034500000487047B47E001001290FD108B594468A
:103460005378012B0CD19388072B01D0002008E062
:10347000A623044A614601F0EFFB02E001207047F9
:10348000002008BD0C7E0010012303700048704727
:10349000EC7D001008B50B68B3F5966F00D008BD41
:1034A000002211464FF0FF30FEF711FA024B186070
:1034B000024B1960704700BFD81C0020DC1C0020A4
:1034C00008B5FEF763F80E4A821841F10003002B9D
:1034D00011DB0C4803F088FD60B100214FF0FF3094
:1034E00001F042FA002001F03BFD0028F5D105482B
:1034F00003F072FD08BD4FF0FF326FF00043E8E7C4
:1035000040420F00B821002038B5184B1B681BB390
:10351000EFF3108272B6D3E8CF0F01210028FAD161
:10352000C3E8401F0028F6D1BFF35F8F0F494A6000
:1035300000230F4803700968C1E88F3F82F31088A9
:10354000002400250B4B1878FDF75EF940B90024E4
:1035500000252046294638BD4FF47A740025F1E74E
:10356000044B1878FDF77AF9F3E700BF84210020B7
:10357000D7210020D621002008B5024B1878FDF78E
:103580006DF908BDD621002070B584B006461446FA
:103590001D46FDF7FBFF221845EB0103002B0BDB5B
:1035A0009DF82810029109990191089900913046DF
:1035B000FDF736FE04B070BD4FF0FF326FF00043F0
:1035C000EEE7F0B585B005460C4616461F46FDF7FA
:1035D000B3FD9DF828300293019700962A462346B2
:1035E000FFF7D2FF05B0F0BD10B582B00021224830
:1035F00003F0FEFC00BB214B1B68DBB1EFF3108234
:1036000072B6D3E8CF0F01210028FAD1C3E8401FDA
:103610000028F6D1BFF35F8F18494A601848037835
:10362000DBB20124047008680021C0E88F1F82F318
:103630001088BBB102B010BD00214FF0FF3001F087
:1036400093F9002001F066FC04460B4803F0C4FC2B
:10365000002CEFD00B4B1B68002BEBD00A4A1068F4
:103660009847E7E700940B46084A4FF47A70002128
:10367000FFF7A7FFDEE700BFB8210020842100206C
:10368000D7210020D81C0020DC1C002009350010A8
:1036900010B582B04FF050431C68FDF74DFDFDF7AB
:1036A0002FFEA0422DD1244B1B780021084602F0AA
:1036B000F9F8224B1B6853B30120FDF7B5FAC0B2ED
:1036C0001F4C20701F49FDF7E9F801212078FDF714
:1036D000BBF80E20FDF7D6F80446E0B10120FDF757
:1036E00009F801461848FDF7FDFA002217490E2097
:1036F000FDF704F901211648FFF7F6FD204602B058
:1037000010BD144B144AC6211448FFF7E1FC0B48C6
:10371000FDF7A6FAD0E70C4A00231360536001229C
:1037200000920F4A4FF47A700021FFF74AFFC4431A
:10373000E40F002CE2D0DDE738820010B821002031
:10374000D6210020E93500108421002079350010B1
:103750007C0E0020F8750010E47E0010007600104A
:103760000935001008B5002001F0BAFB08BD0000C3
:1037700038B504460D46FFF7F5FF90B3002001F081
:10378000C9FB88B3FDF702FF1A4A821841F1000312
:10379000002B16DB184803F027FC40B3FFF7E2FFCD
:1037A00018B1002001F0B6FB80B900214FF0FF30C6
:1037B00001F0DAF86FF002040F4803F00DFC204628
:1037C00038BD4FF0FF326FF00043E3E72A46214651
:1037D000002001F0ABFB04460028EDD16FF002049D
:1037E000EAE76FF00204EAE76FF00204E7E76FF040
:1037F0000204E4E740420F00B8210020F8B5074674
:103800000D46FDF7C3FE2E4A821841F10003002B3E
:1038100004DB2C4803F0E8FB28B9F8BD4FF0FF3279
:103820006FF00043F5E7FFF79DFF002845D1264BD9
:1038300000200021C3E90001224803F0CDFBECE7A2
:1038400000214FF0FF3001F08FF8002001F088FBDD
:10385000FFF788FF0028EFD0002001F0FFFBF8B150
:10386000AC42E9DA2E1B002001F0F8FB864200DCB6
:1038700030460028E4D002463919002001F0CCFB84
:10388000064600214FF0FF3001F06EF8002001F0F5
:1038900067FB3444FDF77AFE0B4BC3E90001DFE719
:1038A000FDF774FE084A13685268084E9B1942F1EE
:1038B000000283428A41D3D2BEE70024D0E700BF92
:1038C00040420F00B8210020A815002020A10700C9
:1038D00000487047607F0010004870470C7F001060
:1038E00010B50446144B1B786BB18CB9134B40F2E6
:1038F00009425A80012301335B009BB20F4843F415
:103900004073038010BD11210B4800F047F8ECE72D
:10391000052C0ED80A4B53F824000023122BEAD8AA
:10392000C25C002AE7D00133044921F81320DBB23E
:10393000F4E70020E6E700BFC0210020101D0020B2
:10394000F47E001000B58BB045F24730FDF7B0FFB4
:1039500003460122092101A89847042801D1002328
:103960000EE00A4B0A4A2F210A48FFF7B1FBC3F1C8
:103970000F0228326A4412F8241C074AD15401333A
:10398000072BF4DD0BB05DF804FB00BF9076001050
:10399000947F001098760010AC21002008B511B17A
:1039A0008C46002208E0104B104A3B211048FFF7DC
:1039B0008FFB3733835401320CF1FF3393420FD91D
:1039C0000F2A0DD853080B49CB5CD14301F00101FC
:1039D00089000B4103F00F03092BEADC3033E9E7E0
:1039E0000023835408BD00BFE8760010747F0010E8
:1039F00098760010AC21002030B400F07F05C30998
:103A00004FEA450C0CEBD01C244C04EB4C1C8CF8FE
:103A1000020083F001008CF8010000208CF8030004
:103A2000ACF818108CF81B20DBB9EA001C491144D3
:103A300003EB4500194A02EB4012916003EB45018C
:103A4000164A02EB41129268002111607DB903EB26
:103A50004502124B03EB42135960124ADA6030BC44
:103A60007047114901EBC501CCF80810E6E753B9DE
:103A70006A1ED2000D49114403EB4503074A02EBCD
:103A800043135960EBE7691E094A02EBC10203EBDD
:103A90004501024B03EB41135A60E0E7641D00202F
:103AA0008400105000011050800010500C00105085
:103AB0000800105008B5038B3F3323F03F03C27E4C
:103AC000022A08D008490A68C26013440B60074AFA
:103AD000934202D808BD5B00F4E7054B054A52212A
:103AE0000548FFF7F5FA00BF68210020FF0F1050CE
:103AF000F0760010E07F00103477001070B500F011
:103B00007F054FEA450C0CEBD0130C4C04EB43142F
:103B1000FFF772FF05B970BD218B2046FFF7CAFF82
:103B2000E27EE36883F0A04383F4801343EA826378
:103B300043F0004362681360EDE700BF641D00209E
:103B400008B500F07F035B0003EBD010024B03EBE2
:103B5000401000F01BF908BD641D002008B520B915
:103B600001210E20FCF770FE08BD034B034A40F212
:103B700097110348FFF7ACFAA4770010D07F00102C
:103B80003477001008B528B9002211468020FFF7CD
:103B9000D7FF08BD034B044A40F2A1110348FFF7C9
:103BA00097FA00BFA4770010C07F00103477001090
:103BB000024B4FF48032DA64704700BF002011508E
:103BC00070B548BB064600F0C1F8174C0C23A3673C
:103BD000FF2216490E20FCF791FE40252A460021BF
:103BE000134802F06FFF002229461046FFF786FFB8
:103BF000002229468020FFF781FF03F0DDF901252F
:103C000025644FF00053E3640A4BC4F8903030460B
:103C1000FFF7CEFF284670BD074B084A40F26311FC
:103C20000748FFF755FA00BF000011509903002024
:103C3000641D002010D00100A4770010F47F001054
:103C400034770010044B197021B1044B4FF400324B
:103C5000C3F89020704700BFD221002000201150EF
:103C60000B7813F07F0F02D14B78052B00D07047F3
:103C70004B88DBB2014A1360F9E700BF0000115026
:103C8000CA7802F00302012A09D008B50B468988D8
:103C9000C1F30A019878FFF731FF012008BD002029
:103CA000704708B503F088F908BD000010B530B9B9
:103CB000084611461A46FFF743FF012010BD034B8B
:103CC000034A4FF401710348FFF702FAA47700108A
:103CD000B07F00103477001008B511F07F0304D1D5
:103CE000CA090ED10220084A90665B0003EBD1138B
:103CF0004FF400620021054800EB431003F070F917
:103D000008BD0120EFE700BF00201150641D002016
:103D100008B511F07F0300D108BD5B0003EBD113A0
:103D2000044800EB43100022C2706FF4006103F0FE
:103D300057F9F1E7641D002004E011F8012B00F8A9
:103D4000012B1A46531E002AF7D1704708B54FF0D1
:103D500080530A4A136002F580521360084B9B6837
:103D600013F0805FFAD04FF480520021054802F032
:103D7000A9FE054B09225A6708BD00BF002002407A
:103D800000000240000010500000115070B50446C1
:103D90000D461646837EABB9A6820023E38201233B
:103DA000A3762561204603F00FF920B10B4B4FF4A9
:103DB0000032C3F89020204603F002F950B10123ED
:103DC000237770BD81780648FFF7E6FA204603F0B6
:103DD000E7F8E1E7204603F0EBF8F2E700201150A6
:103DE0009478001038B50546002408E0D21A1B4B21
:103DF00003EB4213DB68284698470134E4B2184BC2
:103E00001B782246591CA14215DBA342EED9154B63
:103E10001B6813EB4413EDD140F2252212491348DD
:103E2000FFF7BAFA4FF0E023D3F8F03D13F0010F9B
:103E300013D000BE11E00E4C54220021204602F0A7
:103E400041FE4FF0FF336360A360E36023612022F3
:103E5000FF2104F1140002F035FE38BDC8800010C7
:103E6000D12100202017002094800010CC78001071
:103E7000F018002008B5FFF7B5FF00F043FF08BDBC
:103E800070B505460C461646486900F045FF636963
:103E9000324601212846984770BD00002DE9F04FB9
:103EA00083B08246481EC0B2FFF716FD20B183469C
:103EB00043780193022B11D040F2D6326249634815
:103EC000FFF76AFA4FF0E023D3F8F03D13F0010F4B
:103ED00000D000BE002003B0BDE8F08FC279C2F36D
:103EE00040105B4B197860F304111970C2F3801213
:103EF000C9B262F3451119700BF10908BBF8023021
:103F00009B447BE098F8033098F8002090447DE0D3
:103F100040F2F1324C494D48FFF73EFA4FF0E023B2
:103F2000D3F8F03D13F0010F00D000BE0020D2E71F
:103F3000F31A484A02EB4319D9F810302A46414691
:103F400050469847082801D985421ED20134E4B270
:103F5000414B1B7826465A1CA2424ADBA342E7D9B2
:103F60003E4B1B6813EB4419E6D140F2FA32364956
:103F70003648FFF711FA4FF0E023D3F8F03D13F085
:103F8000010F00D000BE0020A5E73B464F4681460A
:103F9000012B11D000218B4224D998F802200A4429
:103FA000D2B22B4810440079FF280BD12848024494
:103FB00014710131C9B2EEE73969294A9142E9D158
:103FC000019BE7E740F219421F492048FFF7E4F957
:103FD0004FF0E023D3F8F03D13F0010F00D000BE06
:103FE000002078E723464A4641461E4801F066FD18
:103FF000C844194B1B7801339E4212DCD84520D2AD
:1040000098F801300B2B3FF47DAF012398F8012085
:10401000042A7FF47DAFABEB0805ADB200241F4648
:1040200096E74FF4856208490848FFF7B5F94FF065
:10403000E023D3F8F03D13F0010F00D000BE0020C4
:1040400049E7012047E700BF68800010CC780010E6
:10405000F0180020C8800010D12100202017002077
:10406000D551001004190020704770470020704798
:104070000020704738B505460C464B881A0AD8B25E
:10408000531E0E2B64D8DFE803F0082D4E636359EE
:104090002D636363636363632200FFF719FC0246C9
:1040A00028B112232146284600F0D6FD51E040F207
:1040B0003A422C492C48FFF76FF94FF0E023D3F830
:1040C000F03D13F0010F00D000BE002041E0FFF7EB
:1040D000BFF9024600283DD043882146284600F01B
:1040E000BBFD36E0022A09D0FFF7C2FF024698B3B3
:1040F00053882146284600F0AFFD2AE0FFF7ECFB8D
:1041000002460028F4D140F2614216491648FFF7F2
:1041100043F94FF0E023D3F8F03D13F0010F00D046
:1041200000BE002015E0A188FFF7DAFB0246A8B127
:1041300003782146284600F08FFD0AE0FFF796FF3E
:10414000024668B103782146284600F085FD00E06C
:10415000002038BD0020FCE70020FAE70020F8E747
:104160000020F6E750800010CC78001070477047B0
:1041700070477047034B5878C0B2003818BF012011
:10418000704700BFF0180020024B1878C0F3800081
:10419000704700BFF0180020024B1878FF3818BF96
:1041A00001207047B00E0020F8B506460D46FFF717
:1041B000F3FF0746002854D105B3542200213748A5
:1041C00002F080FC364B00221A70364C2046FCF779
:1041D00047FD354B1C60354C2046FCF78BFD143CED
:1041E000204602F025F8324B1C60324B23B1324896
:1041F000FFF74AF9314B1860002417E04FF4E972D9
:104200002F493048FFF7C8F84FF0E023D3F8F03DCE
:1042100013F0010F25D000BE23E0D21A2A4B03EB86
:1042200042135B687BB198470134E4B2224B1B78A0
:104230002246591CA14216DBA342EED91F4B1B6834
:1042400013EB4413EDD14FF4F8721D491D48FFF7ED
:10425000A3F84FF0E023D3F8F03D13F0010F00D0A6
:1042600000BE3846F8BD194B1E7029463046FFF790
:10427000A7FC074618B13046FFF770FCF1E74FF492
:10428000FC720F490F48FFF787F84FF0E023D3F88F
:10429000F03D13F0010FE4D000BEE2E7F01800207B
:1042A000D3210020E818002044190020A80E002087
:1042B0004819002089340010D12100202017002047
:1042C000B8800010CC780010C8800010B00E00201C
:1042D00070B51A4B1E788B7813F0700F0ED10C4608
:1042E000174B9978204601F079FB0546B0B121467D
:1042F0003046FFF7C5FC0546284670BD40F20B521C
:1043000010491148FFF748F84FF0E023D3F8F03D8B
:1043100013F0010F00D000BE0025EDE740F20C5273
:1043200008490948FFF738F84FF0E023D3F8F03D8B
:1043300013F0010FE0D000BEDEE700BFB00E00209A
:10434000F018002020800010CC7800102DE9F84FE4
:1043500080460C4616461F46DDF82890DDF82CA056
:10436000002526E040F2E7421F492048FFF714F8F5
:104370004FF0E023D3F8F03D13F0010F00D000BE62
:104380004FF0000B5846BDE8F88F4FF49D62164978
:104390001648FFF701F84FF0E023D3F8F03D13F093
:1043A000010FEFD000BEEDE78AF8003023781C44FF
:1043B0000135AE4214DD6378052BD3D1E17801F0ED
:1043C0000301B942CED121464046FFF781FF834623
:1043D0000028DAD0A378DA09E6D189F80030E5E7D9
:1043E0004FF0010BCEE700BF30800010CC780010FA
:1043F00008B501F07F00400000EBD1103030044BD5
:104400001844044B1968043001F0A2FA08BD00BF3B
:10441000F01800204419002008B501F07F0040008A
:1044200000EBD1103030044B1844044B19680430B1
:1044300001F0B6FA08BD00BFF018002044190020B2
:1044400070B51F48007801F07F051E4C04EB450C49
:104450000CEBD11C9CF8344014F0010F1FD1CE0995
:10446000184C04EB4504344494F834C04CF0010C6F
:1044700084F834C03034FFF719FCF8B9227922F0FF
:1044800001022271227922F0040222714FF0E0230E
:10449000D3F8F03D13F0010F10D000BE0EE040F253
:1044A000395209490948FEF777FF4FF0E023D3F866
:1044B000F03D13F0010F00D000BE002070BD00BF22
:1044C000B00E0020F018002010800010CC780010F2
:1044D00038B501F07F05CC090A4B1878FFF7FCFBD3
:1044E000094B03EB4503234493F8342042F00202C6
:1044F00083F8342093F8342042F0010283F834200A
:1045000038BD00BFB00E0020F018002038B501F013
:104510007F05CC090A4B1878FFF7FAFB094B03EB30
:104520004503234493F8342022F0020283F8342018
:1045300093F8342022F0010283F8342038BD00BF04
:10454000B00E0020F018002001F07F02044B03EBB6
:10455000420303EBD11191F83400C0F340007047DF
:10456000F01800202DE9F04182B006460C460020EC
:1045700000F0D2FB237803F06003602B21D0402BA6
:1045800032D0227802F01F02012A00F00181022AB3
:1045900000F04281002A40F0C981202B2ED0002B50
:1045A0004DD16378092B00F2E880DFE813F0D300E7
:1045B000C300E600B300E6005200AD00E600610073
:1045C0006E004FF43572B249B248FEF7E5FE4FF087
:1045D000E023D3F8F03D13F0010F00D000BE00251A
:1045E000284602B0BDE8F081AB4800F095FB2246BA
:1045F00001213046FEF730FF0546F1E7A388DBB224
:104600000F2B00F29D81A54A13441B79A44A12780E
:10461000934206D2A34A116811EB431109D1002538
:10462000DEE7511C9942C0F28D819B1A9E4901EB35
:10463000431122463046FFF723FC0546D0E74FF0F2
:10464000E023D3F8F03D13F0010F00D000BE0025A9
:10465000C6E7204600F066FB6188C9B23046FFF726
:1046600091FA8E4A137843F0020313700125B7E7DD
:104670008A4B5B788DF8063001230DF10602214646
:10468000304600F0E9FA0125AAE76588EDB2834BD0
:104690005B78AB4232D0814B5B785BB97F4B5D700E
:1046A00055B329463046FFF7F9FB054690B1FFF7B1
:1046B0005DFD23E000213046FFF7C4FA3046FFF7E6
:1046C000F0FA764F97F802803046FFF78BFB87F8B9
:1046D0000280E3E74FF449726D496E48FEF75CFED5
:1046E0004FF0E023D3F8F03D13F0010F00D000BEEF
:1046F0006A4B00225A7073E7FFF739FD21463046B6
:1047000000F096FA01256BE721463046FFF7B2FC30
:10471000054665E76388012B01D0002560E75F4A05
:10472000137843F0080313702146304600F080FAF6
:10473000012555E76388012B01D0002550E7574A32
:10474000137823F0080313702146304600F070FA06
:10475000012545E7514B1A78930803F00203C2F391
:1047600040121343ADF8063002230DF10602214634
:10477000304600F071FA012532E74FF0E023D3F81C
:10478000F03D13F0010F00F0DF8000BE002527E7A9
:10479000A388DBB20F2B00F2D980404A13441B7967
:1047A0003F4A1278934222D23E4A116811EB4311DC
:1047B00000F0CE8022463046FFF762FB0546002817
:1047C0007FF40EAF237813F0600F7FF409AF6378A6
:1047D0000A3B012B3FF604AF00F09EFA63780A2BE8
:1047E0000ED02146304600F023FA0125F8E6511C90
:1047F0009942C0F2AF809B1A2B4901EB4311D9E7D4
:1048000000238DF8063001230DF1060221463046C3
:1048100000F022FA0125E3E6A288D1B202F07F057A
:10482000C2F3C01012F0700F17D11C4A02EB450200
:104830000244127D1A48007882421ED21948056847
:1048400005EB421593B3002D00F0868022462946E1
:104850003046FFF715FB0546C2E640F295320C499B
:104860000C48FEF799FD4FF0E023D3F8F03D13F02C
:10487000010F00D000BE0025B2E6451C954204DBC6
:10488000121A094D05EB4215DCE70025DAE700BFF7
:104890007C800010CC78001059340010F0180020F3
:1048A000D121002020170020C88000106378012B40
:1048B00010D0032B0ED07BBB3046FFF745FEADF882
:1048C000060002230DF106022146304600F0C4F92D
:1048D000012585E6628822B9012B19D03046FFF701
:1048E000F7FD002D3AD0224629463046FFF7C8FA98
:1048F000002000F011FA1B4B93F8355015F001051C
:104900007FF46EAE2146304600F092F9012567E64D
:104910003046FFF7FBFDE4E74FF0E023D3F8F03D2E
:1049200013F0010F00D000BE002559E64FF0E02340
:10493000D3F8F03D13F0010F12D000BE00254FE672
:1049400000254DE600254BE6002549E6002547E613
:10495000002545E6002543E6002541E601253FE622
:1049600000253DE6F018002010B584B0FFF714FCD8
:1049700048B904B010BD9DF80400FFF77BFA9DF81C
:104980000820854B9A70854B1C686369EFF3108291
:1049900072B6D3E8CF0F01210028FAD1C3E8401F37
:1049A0000028F6D1BFF35F8FA26101A9204601F074
:1049B000E7FB6169A3690022C1E88F2F83F31088A8
:1049C0000028D6D09DF80530013B072B00F2DA8095
:1049D00001A252F823F000BF77490010F9490010F6
:1049E000714B0010374B0010514B0010074A00105C
:1049F0009D4A0010634B00109DF80400FFF73AFA3F
:104A0000FFF7B5FBBFE7664B1B78002B36D0644A37
:104A10001378013BDBB213701378002BB3D15E4BDC
:104A20001A7842F001021A7093F8342022F0010241
:104A300083F8342093F8342022F0040283F83420E1
:104A400093F8352022F0010283F8352093F83520C1
:104A500022F0040283F8352002A99DF80400FFF734
:104A600081FD00288FD100219DF80400FFF734F963
:104A700080219DF80400FFF72FF984E740F26522BA
:104A800048494948FEF788FC4FF0E023D3F8F03D51
:104A900013F0010F3FF46DAF00BE6AE79DF80810F8
:104AA00001F07F00CC093C4B03EB400303EBD11337
:104AB00093F8342022F0010283F8342093F8342054
:104AC00022F0040283F83420A8B1334B03EB4003F7
:104AD00023441B7D354A1278934214D2344A12681B
:104AE00012EB431317D09C69039B9DF809209DF896
:104AF0000400A04747E7039B9DF809209DF80400A8
:104B000000F01EF93FE7501C984204DB9B1A294A2B
:104B100002EB4313E7E74FF4247222492248FEF7E1
:104B20003BFC4FF0E023D3F8F03D13F0010F3FF4CE
:104B300020AF00BE1DE7184B1B7813F0010F3FF4A8
:104B400022AF154B1878C0F3C000FFF711FB1AE72E
:104B5000114B1B7813F0010F3FF415AFFFF709FB62
:104B600011E7029B002B3FF40EAF039898470AE72A
:104B7000094BDB7813F0010F3FF405AF0298FFF704
:104B800074FA00E74FF0E023D3F8F03D13F0010F83
:104B90003FF4F9AE00BEF6E6F018002048190020F8
:104BA000D3210020A8800010CC780010D121002053
:104BB00020170020C880001008B591F90030002BA4
:104BC00005DB802100231A46FFF73AFC08BD0021CF
:104BD000F8E70000F8B50746134B9E89DD89741B82
:104BE000A4B2402C28BF402493F90030002B08DBEE
:104BF0000021AE4213D00D4A23463846FFF720FC71
:104C0000F8BDAE4209D0084B9968402C09D822461D
:104C1000064801F0CFFF8021EBE78021E9E7002281
:104C2000EAE70020ECE700BFB01800207018002071
:104C300008B586460B46074A944608684968ACE8BA
:104C4000030000219160D181918119467046FFF7E0
:104C5000B3FF08BDB018002038B505468C46264C79
:104C6000A64608684968AEE80300A2600021E18119
:104C7000BCF806108B4228BF0B46A381BCF8061077
:104C800029B303B132B12846FFF7A4FF044680B12F
:104C9000204638BD722219491948FEF77DFB4FF0B6
:104CA000E023D3F8F03D13F0010F00D000BE002444
:104CB000EEE7742211491248FEF76EFB4FF0E02335
:104CC000D3F8F03D13F0010FE2D000BEE0E76146FB
:104CD0002846FFF771FF04460028D9D176220749FC
:104CE0000748FEF759FB4FF0E023D3F8F03D13F0EF
:104CF000010FCDD000BECBE7B018002020810010FE
:104D0000CC780010034B00221A605A609A60DA6077
:104D10001A617047B0180020014B1861704700BF3E
:104D2000B01800200146054B1A460068496803C2C6
:104D300000229A60DA819A81704700BFB018002083
:104D400038B505461C463D4B1B78DB09B3EBD11F3C
:104D50001CD07CB19D223A493A48FEF71DFB4FF02A
:104D6000E023D3F8F03D13F0010F00D000BE002483
:104D7000204638BD314C2146FEF772FF23691BB136
:104D800022460321284698470124F1E72B4B93F94B
:104D90000030002B07DB294B986800284CD02246B6
:104DA000294901F007FF254AD38913FA84F39BB2FE
:104DB000D381916821449160D288934201D03F2CE5
:104DC00026D81E4B1B6923B11C4A0221284698474E
:104DD000A0B11A492846FFF7EFFE04460028C7D1C4
:104DE000C52217491748FEF7D7FA4FF0E023D3F84A
:104DF000F03D13F0010FBBD000BEB9E700212846FB
:104E0000FEF76AFF80212846FEF766FF0124AFE720
:104E10002846FFF7DFFE04460028A9D1CD22084925
:104E20000848FEF7B9FA4FF0E023D3F8F03D13F04D
:104E3000010F9DD000BE9BE7002499E7B018002029
:104E400008810010CC7800107018002070B505465D
:104E5000FFF790F910B90024204670BDFFF794F9D0
:104E600004460028F7D11C4BC82202FB0533DB782F
:104E7000002BF0D0C82605FB06F61036164B1E4454
:104E8000304601F067F93F28E6D9134BC82202FBF0
:104E90000533D9780020FFF7ABFA08B90446DBE701
:104EA000304601F057F93F280DD90B49C82303FBC1
:104EB00005114023094A02EBC512C9780020FFF70B
:104EC000BFFA0446C8E7044BC82202FB0533D97871
:104ED0000020FFF7A1FABFE7A81700202417002041
:104EE00010B50446FFF746F908B9002010BDFFF7DA
:104EF0004BF948B9064BC82202FB04331B7913F067
:104F0000010F03D00120F1E70020EFE70020EDE7DB
:104F1000A817002008B5C82303FB00F01030024B8F
:104F2000184401F0E6F808BDA817002038B504467B
:104F3000C82300FB03F31033084818444FF6FE73F0
:104F40009A4208D892B201F03AF905462046FFF796
:104F50007DFF284638BD4FF6FF72F4E7A817002002
:104F600070B50546FFF706F908B9002070BDFFF7D8
:104F70000BF90028F9D1C82405FB04F42034224B96
:104F80001C440434204601F0B4F808B90020EDE7D1
:104F90001D4BC82202FB053399780020FFF728FA41
:104FA00008B90020E2E7EE014036184B1E444022CB
:104FB0003146204601F003F90446D8B11249C8230E
:104FC00003FB05110346324689780020FFF738FAC3
:104FD00008B12046CAE7D5220D490E48FEF7DCF994
:104FE0004FF0E023D3F8F03D13F0010F00D000BEE6
:104FF0000020BBE7044BC82202FB05339978002050
:10500000FFF70AFA0020B1E7A817002024170020B4
:1050100050810010CC78001070B50546C82400FB04
:1050200004F420340C4B1C4404344FF6FE739A42B3
:105030000BD892B2204601F0F6F80646204601F061
:1050400058F83F2804D8304670BD4FF6FF72F1E79C
:105050002846FFF785FFF6E7A817002008B5C82304
:1050600003FB00F02030034B1844043001F072F8C9
:1050700008BD00BFA81700202DE9F04383B0C82267
:105080000021244801F01EFD0025234B1D7015B1A1
:1050900003B0BDE8F0831F4FC82405FB04F43E199C
:1050A000FF2373714FF4E133B3604FF0000886F8CB
:1050B0000C8086F80D800823B37304F1380104F1E5
:1050C0001000CDF80080012340223944384400F01C
:1050D000DFFF04F1780104F120003844012300933C
:1050E00040223944043000F0D3FF04F1B809B94438
:1050F0004846FBF7B5FDC0343C442046FBF7B0FD05
:10510000C6F81C80C6F820903463C6F83480013598
:10511000EDB2BCE7A8170020A417002000230BB1B4
:10512000012070479C460C4AC82101FB0322116AEA
:10513000106B31B1084AC82101FB03220021D16163
:10514000116230B1044AC82101FB0C220021116315
:1051500051630133DBB2E2E7A817002038B5002421
:1051600004B138BD2546C82304FB03F3174958187A
:105170000022CA500271164B1B7813F0010F11D098
:10518000134B1B7813F0020F15D0C82303FB05F057
:1051900020300E4B18440121043001F064F8013432
:1051A000E4B2DDE7C82304FB03F3103308461844D8
:1051B00001F03EF8E4E7C82005FB00F02030034B87
:1051C0001844043001F034F8DFE700BFA8170020CE
:1051D000A41700202DE9F04182B04B79022B7DD13C
:1051E00006468B79022B7ED100273FB18FB98B7891
:1051F00088F800300B78CC1809251EE0C8203B4BFE
:1052000000FB073898F80230002BEFD00137FFB2CF
:10521000EBE740F2411236493648FEF7BDF84FF051
:10522000E023D3F8F03D13F0010F00D000BE0025BD
:1052300055E023781D44ADB21C446378242B01D182
:105240009542F6D9052B09D06378042B02D16379F6
:105250000A2B20D03846FFF7F9FD40E021463046C2
:10526000FFF736F838B1A37888F8013023781D4469
:10527000ADB21C44E8E740F253121D491D48FEF749
:105280008BF84FF0E023D3F8F03D13F0010F00D07E
:1052900000BE002523E021780D44ADB208F10203E1
:1052A000019308F10303009302231A462144304678
:1052B000FFF74CF810B10E35ADB2CBE74FF4B17239
:1052C0000B490C48FEF768F84FF0E023D3F8F03DA7
:1052D00013F0010F00D000BE002500E00025284695
:1052E00002B0BDE8F0810025F9E700BFA817002053
:1052F00044810010CC780010137803F06003202B59
:1053000076D170B59446002454B1002C72D19CF82B
:105310000130203B032B6FD8DFE803F01028345610
:10532000C82304FB03F3384A03EB020ED25CBCF83B
:1053300004309A42E9D00134E4B2E5E7012903D010
:10534000032909D0012056E007230EF10802614627
:10535000FFF782FC01204EE02C4B002B4ED00EF1CB
:1053600008012046FEF796F8012044E0012901D00B
:10537000012040E007230EF108026146FFF76CFCB4
:10538000012038E0012903D0032906D0012032E0B2
:105390006146FFF74DFC01202DE0BCF8023003F020
:1053A0000105C3F340068EF8043085F001010EF1CB
:1053B000240000F058FF164B13B33246294620460E
:1053C000AFF30080012016E0012903D0032906D0A5
:1053D000012010E06146FFF72BFC01200BE00D4B94
:1053E00083B1BCF802102046AFF30080012002E038
:1053F00000207047002070BD0020FCE70120FAE784
:105400000120F8E70120F6E7A817002095340010E6
:1054100000000000000000002DE9F84F80460D4616
:105420001F4600245CB1BCB9A246F378AB4223D03E
:10543000B378AB4255D001242046BDE8F88FC8238D
:105440003C4E03FB0466F378AB42ECD0B378AB423E
:10545000E9D00134E4B2E5E74FF4E6723649374863
:10546000FDF79AFF4FF0E023D3F8F03D13F0010F62
:1054700000D000BE0024DFE706F1100BBAB23049BD
:1054800001EBC411584600F0CEFE2E4BDBB1737910
:10549000FF2B18D04FF0000901E009F10109B945CF
:1054A00011D27279264B03EBCA1313F809309A42D2
:1054B000F3D1584600F031FE0028EED17179204634
:1054C000AFF30080E9E7204B1BB1584600F025FE02
:1054D00018B12046FFF7BAFCAAE72046AFF30080D8
:1054E000F7E71A4B13B12046AFF300802046FFF7D1
:1054F00037FD08B101249FE706F1240000F0F9FD13
:10550000A0B9AFB117F03F0F01D0012494E7B178F3
:105510004046FEF76DFF044608B901248CE70023DE
:105520001A46B1784046FEF78BFF85E7012483E7F2
:10553000012481E7A817002034810010CC780010E6
:105540002417002000000000000000000000000000
:1055500090B90A4B4FF4137101FB003393F82931D2
:1055600033B9064B01FB00335B791BB10120704757
:105570000120704700207047002070478C1A0020DF
:1055800008B10020704708B54FF41372034902FBBD
:105590000011043100F02CFB08BD00BF8C1A002064
:1055A0002DE9F04784B04FF4137200211E4801F03A
:1055B00089FA002414B104B0BDE8F0874FF41375E4
:1055C00004FB05F505F5A473174F3B440433E601CE
:1055D000DFF858A00AEBC41205F594704FF04009AB
:1055E000CDF80C9002924FF48078CDF804800093AF
:1055F00000231A461946384400F085FA05F12003C5
:105600003B4408334E445644E819CDF80C900296BA
:10561000CDF804800093002301221946043000F0E5
:1056200072FA0134E4B2C5E78C1A00200C1A00208B
:1056300070B500240CB1012070BD4FF4137504FB4C
:1056400005F505F59470054E304400F086FAA8196A
:10565000043000F082FA0134E4B2EBE78C1A002047
:105660002DE9F04100250DB1BDE8F0814FF4137430
:1056700005FB04F40B4E04EB06080027375504F530
:105680009870304400F0D4FD04F108003044043038
:1056900000F0CEFD88F8297188F805700135EDB26B
:1056A000E1E700BF8C1A00204B79FF2B40F094807B
:1056B0002DE9F04780460F460C780C44A5180026CB
:1056C00016B10020BDE8F0873046FFF741FF10B16A
:1056D0000136F6B2F4E74FF4137306FB03F33F4AC7
:1056E00003EB0209B978D1542AE0AC4271D22146C9
:1056F0004046FEF7EDFD70B30136F6B2A378DB0944
:1057000038D109F5947A09F5987000F091FDA378E5
:1057100089F82931A388C3F30A03B3F5007F14BFC6
:105720000023012399F8282163F3410289F82821F5
:105730005146404600F0A8FA00283BD023781C448C
:105740003B79B34245D96378052BCED0AC42CCD25D
:1057500023781C44F7E7E02221492248FDF71CFE8C
:105760004FF0E023D3F8F03D13F0010F00D000BE5E
:105770000020A7E709F10C0000F05AFDA37889F892
:105780000530A388C3F30A03B3F5007F14BF0023D9
:10579000012399F8042063F3410289F804200F489B
:1057A000A9EB00008010104B03FB00F0C0B2FFF724
:1057B000E7FEC3E7E8220A490A48FDF7EDFD4FF08E
:1057C000E023D3F8F03D13F0010F00D000BE00201D
:1057D00078E7E11B88B275E7002070478C1A00203B
:1057E00068810010CC7800109B1DB5082DE9F041B0
:1057F00005461F4600245CB1002C48D1A04696F80F
:1058000029318B4213D073798B422BD001203FE09A
:105810004FF413731F4E03FB046696F829318B4235
:10582000EAD073798B42E7D00134E4B2E3E7B6F80B
:1058300034317BB9184B33B1BAB2184901EBC811F6
:105840002046AFF3008006F59471284600F01CFA5C
:1058500001201DE0BAB2D6F82C1106F5987000F0C0
:10586000E2FCE7E70E4B1BB1B9B22046AFF3008074
:1058700004363146284600F0BBF908B1012007E0A4
:105880003A463146284600F06BF9012000E000203E
:10589000BDE8F0818C1A0020000000000C1A0020E6
:1058A0000000000010B582B051B10A46012824D88A
:1058B0000B7813B323490B54012B2FD001242AE07A
:1058C00001238DF8043000208DF8050001A9FEF7B2
:1058D0006BFC044618B11B4B01221A701BE04722D7
:1058E00019491A48FDF758FD4FF0E023D3F8F03D71
:1058F00013F0010F0FD000BE0DE05A2212491348D9
:10590000FDF74AFD4FF0E023D3F8F03D13F0010F0F
:1059100000D000BE0024204602B010BD1146FEF7A4
:1059200043FC04460028F6D15F2207490748FDF7EB
:1059300033FD4FF0E023D3F8F03D13F0010FEAD030
:1059400000BEE8E7E4180020E8810010CC780010E1
:1059500070B50446037813F001001FD10D4623787B
:10596000C3F3800613F0040F19D14FF0FF3128461E
:1059700001F01AFB237813F0010308D1227812F00A
:10598000040F09D1237843F004032370012628462D
:1059900001F022FB304602E01E46F8E7002070BD11
:1059A00070B505460C464FF0FF31204601F0FCFA79
:1059B0002B78C3F3800613F0040F04D1204601F0C6
:1059C0000BFB304670BD2B7813F0010F04D12B7800
:1059D00023F004032B70F1E70026EFE708B5838876
:1059E000C3F30A02C37803F00303022B1DD0032B79
:1059F00044D0012B5BD1022905D040F2FF33934202
:105A000004D3012054E04FF48063F8E7D122294900
:105A10002948FDF7C1FC4FF0E023D3F8F03D13F027
:105A2000010F00D000BE002042E0022903D0402A2E
:105A300015D801203CE0B2F5007F01D1012037E00C
:105A4000D8221C491C48FDF7A7FC4FF0E023D3F8EF
:105A5000F03D13F0010F00D000BE002028E0DB2253
:105A600014491548FDF798FC4FF0E023D3F8F03DBA
:105A700013F0010F00D000BE002019E0022904D06D
:105A80004023934204D3012012E04FF48063F8E7EF
:105A9000E12208490848FDF77FFC4FF0E023D3F8E6
:105AA000F03D13F0010F00D000BE002000E0002008
:105AB00008BD00BFD4810010CC7800100A4404E077
:105AC0005DF804FB91F800C0614491421AD291F84C
:105AD00001C0BCF1050FF5D100B591F802C00CF082
:105AE0007F0E00EB4E0E4FEADC1C0EF80C3091F8E6
:105AF00000C061449142E3D291F801C0BCF1050FAE
:105B0000F5D1EAE77047F0B583B004461746089D23
:105B1000BDF8246090F800C061F3000C00F808CBD9
:105B2000009301233246294600F0B2FA05B13EB98E
:105B30000A9B6360BDF82C306380012003B0F0BD88
:105B400004F11C052846FBF78BF827B12B460025EE
:105B50006361A561ECE70023FAE7012070470000CC
:105B6000F8B506460C4615460B7813F0020F10D018
:105B70004FF4007704F1080000F0BBFA68BB75B37E
:105B8000013F2F422DD1237813F0010F03D00020C5
:105B900024E04027EEE761783046FEF729FC002834
:105BA000F5D0237813F0010F0FD04FF4B5720E49E2
:105BB0000E48FDF7F1FB4FF0E023D3F8F03D13F072
:105BC000010F00D000BE002008E000231A466178D3
:105BD0003046FEF735FC08B9E7E70020F8BD0020A5
:105BE000FCE70020FAE700BFB0810010CC7800107D
:105BF00070B506460C4601F10805284600F079FA12
:105C000000283BD0237813F0010F01D0002070BD95
:105C100061783046FEF7ECFB0028F7D062886168B7
:105C2000284600F0CCFA0546E8B1237813F0010FBE
:105C30000FD04FF4BC7212491248FDF7ADFB4FF084
:105C4000E023D3F8F03D13F0010F00D000BE002098
:105C5000DDE70346626861783046FEF7F1FB002815
:105C6000E7D02846D3E7237813F0010F01D00020B6
:105C7000CDE761783046FEF7CFFBF8E70020C6E7B6
:105C800094810010CC780010F8B506460C468B893C
:105C90005BBB0B7813F0010F01D00020F8BD4978F1
:105CA000FEF7A6FB0028F8D06388227812F0010FD7
:105CB0000FD04FF4D97238493848FDF76DFB4FF0DB
:105CC000E023D3F8F03D13F0010F00D000BE002018
:105CD000E4E761783BB162683046FEF7B1FB00282B
:105CE000E7D06088DAE70022F6E70B7813F0020FBE
:105CF0000ED04FF4007504F10807384600F02AFA78
:105D0000854247D8237813F0010F03D00020C5E760
:105D10004025F0E761783046FEF76AFB0028F5D0B1
:105D2000384600F017FA854229D86D42ADB2628834
:105D300005EA0003934228BF13461D46237813F05B
:105D4000010F0FD040F2C71213491448FDF724FB8E
:105D50004FF0E023D3F8F03D13F0010F00D000BE68
:105D600000209BE7617845B162682B463046FEF71C
:105D700067FB0028E6D0284690E70022F5E7237865
:105D800013F0010F01D0002088E761783046FEF75C
:105D900043FBF8E7002081E778810010CC78001001
:105DA00003460A4490B2814202D8B0EB430F03DBB2
:105DB0005B009BB2C01A80B2704710B58646084699
:105DC000BEF804C09A420CD3D41AA4B224B3A4459A
:105DD00014D294450CD8A2EB0C0293B2AEF80A3060
:105DE0000CE0D41A4FEA4C0111FA84F4A4B2EDE7A6
:105DF000624493B2F2E7A3EB0C039BB29C45FAD941
:105E0000DEF80010BEF80620C2F30E0202FB0311FA
:105E100000F0D0FE012010BD0020FCE72DE9F84382
:105E200004460D469DF82080B0F804C0ACEB03009A
:105E300080B2A3EB0C0C94441FFA8CFCE188C1F3F4
:105E40000E0EF1461EFB00F71EFB0CFE216809FB3F
:105E50000311B8F1000F09D1BFB21FFA8EF69042BC
:105E600006D309FB02F2284600F0A4FEBDE8F88341
:105E70003A46284600F09EFE32462168E81900F0B6
:105E800099FEF3E730B583B09E46BDF81830B0F800
:105E900004C09E4511D3AEEB0304A4B224B3A445C1
:105EA00007D2F44511D8AEEB0C0E1FFA8EF34381E6
:105EB0006446944210D314460EE0AEEB03044FEA5E
:105EC0004C0515FA84F4A4B2E8E7E6441FFA8EF311
:105ED000EDE7A3EB0C039BB29C45FAD99DF81C207F
:105EE00000922246FFF79AFF204603B030BDF0B57E
:105EF00083B004460D4616461F46006918B14FF0A0
:105F0000FF3101F051F82389628992B20197009222
:105F10009BB2324629462046FFF7B4FF0546618909
:105F2000024689B2A088FFF73BFF6081206908B173
:105F300001F052F8284603B0F0BD2DE9F0410446C7
:105F40000D469DF818E0B0F804C0ACEB030189B22F
:105F5000A3EB0C0C94441FFA8CFCC688C6F30E000D
:105F6000804610FB01F710FB0CF086B2206808FB9E
:105F70000300BEF1000F07D1BFB2914206D308FB68
:105F800002F2294600F016FEBDE8F0813A462946A5
:105F900000F010FE3246E919206800F00BFEF3E72E
:105FA0002DE9F04383B09146002A6FD0044688461D
:105FB0001F46C06818B14FF0FF3100F0F5FF268989
:105FC000B6B2B4F80AC01FFA8CF1E379DB091BD131
:105FD000A5888E4210D3A6EB010C1FFA8CFC6545F8
:105FE00052D9A5EB0C05ADB24D4528BF4D46002D4D
:105FF00042D0A288334631E0A6EB010C6B0013FAC5
:106000008CFC1FFA8CFCEAE7A5884D4509D8FFB93E
:10601000A9EB0509E388C3F30E0303FB09880E46C9
:10602000E5E78E420ED3731A9BB24B44B3EB450F98
:1060300010DBA5EB090292B22846FFF7B1FE064637
:106040004D46D4E7731A6A0012FA83F39BB2ECE769
:106050000E46CCE74D46CAE79B1A9BB29A42FBD943
:1060600000972A4641462046FFF767FF2A463146F9
:10607000A088FFF795FE2081E06808B100F0ACFF32
:10608000284603B0BDE8F0830025F5E71546F7E79D
:10609000B2F5004F29D8F8B504460F4615461E46FE
:1060A000C06818B14FF0FF3100F07EFF206918B1D1
:1060B0004FF0FF3100F078FF2760A580E38866F39A
:1060C0000E03E380E3799DF8182062F3C713E371B0
:1060D000002363812381E06808B100F07DFF20691F
:1060E00028B100F079FF0120F8BD002070470120A1
:1060F000FAE70246808813899BB2528992B2934292
:1061000005D39B1A9BB2984228BF184670479B1A2A
:10611000420012FA83F39BB2F5E7028992B24389F7
:106120009BB29A4214BF00200120704781880389E6
:106130009BB2428992B2934206D39B1A98B2814293
:106140008CBF0020012070479B1A4A0012FA83F38B
:1061500098B2F4E7828803899BB2418989B28B4265
:1061600006D35B1A9BB29A4208D9D01A80B2704704
:106170005B1A510011FA83F39BB2F4E700207047D9
:1061800038B504460D46006918B14FF0FF3100F0F4
:106190000BFF228963899BB292B229462046FFF702
:1061A0000CFE05466189024689B2A088FFF7F8FD1A
:1061B0006081206908B100F00FFF284638BD08B59E
:1061C0000023FFF794FE08BDF8B504460E46C068EC
:1061D00018B14FF0FF3100F0E7FE2589ADB220463F
:1061E000FFF7A4FF10B1E779FF0916D0A2882B466C
:1061F00001E09B1A9BB29A42FBD92068E288C2F365
:106200000E02314602FB030000F0D4FC01222946B5
:10621000A088FFF7C5FD20810127E06808B100F0E4
:10622000DBFE3846F8BD08B50023FFF7B9FE08BD10
:1062300010B50446C06818B14FF0FF3100F0B4FE4D
:10624000206918B14FF0FF3100F0AEFE00236381EA
:106250002381E06808B100F0BFFE206908B100F0BA
:10626000BBFE012010BD38B504460D46C06818B10C
:106270004FF0FF3100F098FE206918B14FF0FF3168
:1062800000F092FEE37965F3C713E371E06808B1AB
:1062900000F0A2FE206908B100F09EFE012038BD8A
:1062A000074B83420AD0052301229A40054B1A600E
:1062B000054B9B6832EA0303FAD170470423F3E7E6
:1062C000BC0E002000300240000002402DE9F04FDB
:1062D00085B00746924601939DF838200F9EDDF861
:1062E000408003680025DD6603685960036801216A
:1062F000D966A94602952C46039227E03B79002BEC
:1063000032D0012330E0039A0AB1002230E00122AA
:106310002EE060B93B685B6B13F0100F07D1002EC5
:10632000F7D000214046B0470543EDB2F1E70446FF
:1063300040B93B68D3F88020029212BB002D32D1C5
:10634000CB4521D0002D37D109F10109019B994599
:1063500032DA019B03F1FF3B16B101214046B04701
:10636000B9F1000FCAD000239B02CB45CBD000224D
:1063700043EA42231AF8011B3A680B431361204693
:10638000CDE75B6D01250EE0039B002BDAD10AE01F
:1063900000214046B0470543EDB238B93B685B6B1E
:1063A00013F4007F02D1002EF2D1F6E70446002854
:1063B000C8D13B681B6EC5E7039A45B164B9029B1F
:1063C0006BB113F0010F0DD113F0080F0DD03A711E
:1063D000484605B0BDE8F08F6FF00109F7E74FF0D0
:1063E000FF39F4E74FF0FF39F1E74FF0FF39EEE7FF
:1063F000F8B504460D460520FBF740F900EB5502C1
:10640000B2FBF5F202EB420C244BA3FB0C139F08EA
:10641000A2EB9306224B9D4230D800EB400321496A
:10642000A1FB03139B0D0133B91E99422ED32168A2
:106430000025CD6621680D6885F0040505F0060588
:1064400001F580510D602168CE6121680F62BCF1B9
:106450004F0F21D91149A1FB0C5189092568C5F8B5
:10646000A0102168CD6F6B409BB201F58351CB61C9
:1064700023680121D966B0FBF2F0F8BD00EB4003C0
:106480000949A1FB0313DB0D0133CDE7074B084A94
:106490005D210848FCF71CFE0121DFE7CDCCCCCC08
:1064A0003F420F006BCA5F6B893BE655E4780010F2
:1064B000FC8100100479001038B504460D46114BDC
:1064C00098421CD00522012393400F4A13602046B6
:1064D000FFF7E6FE002323712268D366226840F2AC
:1064E000651111602268D3632268936323680322D5
:1064F000C3F8882029462046FFF77AFF38BD0422DA
:10650000E1E700BFBC0E00200020024010B584B0BF
:106510000024029401949DF818400094FFF7D6FEE1
:1065200004B010BD024B0146186800F003B800BF6C
:10653000D812002001F10B03162B2DE9F04F07466E
:1065400083B023D8102900F2AF8000F0AFFA1025F5
:1065500018230220BA4E33445C68A3F10802944227
:1065600000F056816368384623F00303D4E9021231
:106570002344CA6091605A68083442F001025A60AC
:1065800000F09AFA204603B0BDE8F08F002B23F00C
:106590000705C0F28980A94200F2868000F086FAE1
:1065A000B5F5FC7FC0F07B826B0A00F08480042B81
:1065B00000F26281AB0903F1390003F1380EC30028
:1065C0009F4E3344A3F1080C5C68A44507D10DE04D
:1065D000002AE16880F216818C450C4606D063687B
:1065E00023F003035A1B0F2AF2DD7046DFF868829E
:1065F0003469444500F0F280636823F0030CACEB8F
:1066000005030F2B00F37481002BC6E9048880F288
:106610006381BCF5007FD6F804E080F0FF804FEA8C
:10662000DC0301224FEA5C1C013302FA0CF256F83B
:1066300033104EEA020E06EBC302083AC6F804E035
:10664000C4E9021246F83340CC6083104FF0010CCD
:106650000CFA03FCF44534D81CEA0E0F07D120F0E5
:1066600003004FEA4C0C04301CEA0E0FF9D006EB85
:10667000C00A8146D646DEF80C300BE05A681C464C
:10668000DB6822F00302511B0F2900F3018100296E
:1066900080F215819E45F1D109F101090EF1080E34
:1066A00019F0030FE7D158E10C233B60002420468A
:1066B00003B0BDE8F08F4FF4007340204FF03F0E61
:1066C0007EE7B468636823F00309A945A9EB0503D5
:1066D00002D30F2B00F385805A4B08201B6803F16F
:1066E000100804EB0903009300F056FA564AA84438
:1066F00083461368013305D008F1FF3843428044D4
:1067000003EA08084146384600F02AFAB0F1FF3F94
:1067100082464D4A00F0078104EB0903834200F2F0
:1067200000814A4B0BF1FF3C18684044186000F0B0
:1067300064811168013100F06C8104EB0902AAEB5D
:10674000020202441A601AF00702CDE9002300F0A9
:106750002781C2F10802384692445A44D04408EADC
:106760000C01521A02EA0C0B594600F0F9F9421CCE
:10677000019B00F06A81A0EB0A0000EB0B0818688F
:1067800048F00102B442C6F808A05844CAF80420F0
:10679000186017D0B9F10F0F40F23E816168A9F17E
:1067A0000C024FF0050C22F0070201F00101114329
:1067B0000F2A616004EB0201C1E901CC00F24D81B6
:1067C000DAF80420224B54461968814238BF186019
:1067D000204B1968814238BF1860A6E0D6F804E063
:1067E00033E7621945F0010543F00103083444F82A
:1067F000045C3846B260536000F05EF9204603B096
:10680000BDE8F08FA26823443846D1608A60B2E6C2
:10681000DC68A3427FF4A6AE0230E7E6BCF5206F49
:106820004FEA5C2276D3142A00F2CD8002F15C0399
:106830005B32DB00F118F3580839994211D1A5E019
:10684000D00E0020E4150020C40E0020B415002056
:10685000DC150020E0150020D80E00209B6899422E
:1068600004D05A6822F003026245F7D8D968C4E917
:1068700002318C60DC60E8E6142B63D9542B00F203
:10688000AB802B0B03F16F0003F16E0EC30097E694
:10689000D4F808C03846671945F001056560CCF8A2
:1068A0000C30C3F808C041F00103C6E90477C7E91A
:1068B00002887B60A150083400F0FEF8F7E622441D
:1068C0003846516841F00101516054F8082FD360F7
:1068D0009A6000F0F1F8EAE6A44438460834DCF89F
:1068E000043043F00103CCF8043000F0E5F8DEE6B4
:1068F000621943F0010145F0010538466560C6E9BB
:106900000422C2E90288516044F80C30083400F0D7
:10691000D3F8CCE64FEA9C1202F139033832DB009F
:1069200088E7B44262D0B468626822F00308A845E0
:10693000A8EB050302D30F2B3FF753AF384600F007
:10694000BBF8B3E603F15C0003F15B0EC30037E66E
:106950005AF80839534540F0A08010F0030F00F1B9
:10696000FF30F5D1736823EA0C0373604FEA4C0CD7
:106970000CF1FF329A4204D3A3E64FEA4C0C09F122
:1069800004091CEA030FF8D0484670E692104FF055
:10699000010C0CFA02F24EEA020EC6F804E066E7B9
:1069A0000AEB0802384602EA0C02ABEB020B0BEAD8
:1069B0000C0B594600F0D4F8431C019B7FF4DBAE6E
:1069C000DDF800B0DBE6542A2AD84FEA1C3202F187
:1069D0006F036E32DB002DE7B3F5AA7F2AD8EB0BED
:1069E00003F1780003F1770EC300E9E52E4B0BF1BC
:1069F000FF3C1868404418609BE61AEA0C0F7FF4CD
:106A000098AEC844D6F808A048F00102CAF804209D
:106A1000D8E6C2F800A096E60123CAF804308DE754
:106A2000B2F5AA7F24D84FEADC3202F1780377323C
:106A3000DB00FFE640F25452934224D8AB0C03F142
:106A40007D0003F17C0EC300BAE5009A4FF0000B05
:106A5000083A9044A8EB0A0891E6384604F1080188
:106A6000009300F0A7F9009BD6F808A01868A7E6E5
:106A700040F254539A420CD84FEA9C4202F17D03F3
:106A80007C32DB00D6E64FF47E737F204FF07E0E23
:106A900096E54FF47E737E22CCE6736866E7E808DD
:106AA00005F1080356E500BFB4150020014800F0C9
:106AB0006FB800BFB0150020014800F06BB800BFF0
:106AC000B0150020830730B546D08418844604E012
:106AD00003F8011B9D0704D09C46A4456346F7D1EB
:106AE00030BD013A0244A2EB0C02032A29D9CCB2F0
:106AF0000F2A04EB042404EB04442FD9A2F1100C58
:106B000003F110052CF00F0CAC44C3E90044C3E9B9
:106B1000024410336345F8D112F00C0F02F00F0E4F
:106B200018D02EF0030CAEF104051A469C4442F82E
:106B3000044B6245FBD125F0030404330EF003023D
:106B40002344002ACCD0C9B21A4403F8011B934253
:106B5000FBD130BD7246F4E70346C6E79646E0E750
:106B600038B50022064D044608462A60FCF792FA22
:106B7000431C00D038BD2B68002BFBD0236038BDF0
:106B8000581D0020014B1868704700BFD812002024
:106B9000704700BF704700BF082802D14FF48050F3
:106BA000704708B5FFF7EEFF162203464FF0FF309F
:106BB0001A6008BD844641EA000313F0030349D17B
:106BC000403A23D30B6803604B6843608B68836053
:106BD000CB68C3600B6903614B6943618B69836157
:106BE000CB69C3610B6A03624B6A43628B6A83623F
:106BF000CB6AC3620B6B03634B6B43638B6B836327
:106C0000CB6BC36340304031403ADBD230320BD3E0
:106C10000B6803604B6843608B688360CB68C3601C
:106C200010301031103AF3D20C3205D351F8043B36
:106C300040F8043B043AF9D2043208D0D2071CBF12
:106C400011F8013B00F8013B01D30B88038060463B
:106C5000704700BF082A13D38B07B1D010F003038D
:106C6000AED0C3F10403D21ADB071CBF11F8013BFD
:106C700000F8013BA4D331F8023B20F8023B9FE728
:106C8000043AD9D3013A11F8013B00F8013BF9D29B
:106C90000B7803704B7843708B7883706046704735
:106CA00020F0030110F00300C0F1000051F8043B94
:106CB00000F1040C4FEACC0C6FF000021CBF22FA6A
:106CC0000CF213434FF0010C4CEA0C2C4CEA0C4C28
:106CD000A3EB0C0222EA030212EACC1204BF51F821
:106CE000043B0430F4D0C2F1000102EA0102B2FA1E
:106CF00082F2C2F11F0200EBD20070472DE9F84387
:106D00000646DFF8AC8008208946FFF745FF0546B8
:106D10003046FFF7CBFED8F808305F6827F003074E
:106D2000A7F11104A4EB09042C44B4FBF5F4013CD5
:106D300005FB04F4A54208DC00213046FFF710FFF4
:106D4000D8F808303B44984205D03046FFF7B4FEEF
:106D50000020BDE8F88361423046FFF701FF0130B3
:106D60000FD03F1B104AD8F80830304647F00107D3
:106D70005F6013681B1B1360FFF79EFE0120BDE8D8
:106D8000F88300213046FFF7EBFED8F80820831A7D
:106D90000F2BDADD43F0010303495360034B1B68FB
:106DA000C01A0860D1E700BFB4150020C40E00204F
:106DB000D00E002000295AD0F8B50C460746FFF740
:106DC00075FE734D54F804CCA4F10802A8682CF0A9
:106DD00001030CF0010ED1184E68884226F003061C
:106DE0007CD088194E60406800F00100BEF1000FB1
:106DF0002ED154F8084C05F1080C121B234494685A
:106E0000644560D0D2F80CE0C4F80CE0CEF808403D
:106E100000287DD043F0010050600B60B3F5007F87
:106E20002ED25809D90801238340686801310343F1
:106E300055F831006B6005EBC103083BC2E9020362
:106E400045F83120C2603846BDE8F840FFF734BE4F
:106E500070B9334405F1080C886843F001046045BB
:106E60006ED0C968C16088605460D350D6E770475F
:106E70004CF00101B3F5007F44F8041CD350D0D38B
:106E8000B3F5206F4FEA532144D2990901F139003B
:106E900001F13804C100681869580838884203D1E4
:106EA00055E08968884204D04C6824F003049C4271
:106EB000F7D8C868C2E9021082603846CA60BDE8E7
:106EC000F840FFF7F9BD80BB1E44D1E90213CB6047
:106ED000996046F0010353609651B4E71E44BEF139
:106EE000000F07D154F8083CD21A1E44D2E902130D
:106EF000CB60996046F001035360264BAA601B6883
:106F0000B342A0D8244B38461968FFF7F7FE9AE73A
:106F10003344A1E714290DD954291FD8190B01F1C5
:106F20006F0001F16E04C100B5E743F0010050604D
:106F30000B6088E701F15C0001F15B04C100AAE786
:106F4000C5E90422C2E902CC5460D3507BE7A41007
:106F50000123A3406C6823436B60ABE7B1F5AA7FC4
:106F600006D8D90B01F1780001F17704C10092E74E
:106F700040F25450814206D8990C01F17D0001F194
:106F80007C04C10087E74FF47E717E2483E700BF55
:106F9000D00E0020C80E0020E4150020F8B500BF78
:106FA0005FF800F0EB0600205FF800F01F02002001
:106FB0005FF800F0450700205FF800F0C9020020EC
:106FC0005FF800F01D0600205FF800F0F1050020DA
:106FD0005FF800F04D0A00205FF800F07102002019
:106FE0005FF800F0F90600205FF800F0ED010020E6
:106FF0005FF800F011010020091A0010811900103B
:10700000AD190010A51A0010E9190010251900107B
:107010002D1A0010F1180010990C0010351A0010EC
:10702000091500106D1900101B1A0010CD19001061
:1070300019070010710700104539001011020010E7
:10704000436F756E743A2025640000000A2A2A2ACC
:107050002050414E4943202A2A2A0A000A000000F3
:107060004E6F207370696E6C6F636B732061726515
:1070700020617661696C61626C6500003078316313
:10708000203D3D20282A696E7374293E3E313175BA
:1070900000000000433A5C55736572735C76696763
:1070A00077655C2E7069636F2D73646B5C73646BC2
:1070B0005C322E322E305C7372635C7270325F63AE
:1070C0006F6D6D6F6E5C68617264776172655F6928
:1070D00072715C6972712E630000000064656C74EB
:1070E00061203E3D202D3230343820262620646534
:1070F0006C7461203C3D203230343620262620211D
:107100002864656C746120262031290063757272D1
:10711000656E74203D3D205F5F756E68616E646CC6
:1071200065645F757365725F697271207C7C206332
:10713000757272656E74203D3D2068616E646C6589
:10714000720000006972715F68616E646C65725FE5
:10715000636861696E5F667265655F736C6F745FAB
:1071600068656164203E3D203000000076746162F5
:107170006C655F68616E646C6572203D3D205F5F89
:10718000756E68616E646C65645F757365725F6966
:1071900072710000212828282875696E7470747235
:1071A0005F742972656D6F76655F7468756D625F77
:1071B00062697428767461626C655F68616E646C84
:1071C00065722929202D20282875696E74707472C3
:1071D0005F74296972715F68616E646C65725F6368
:1071E0006861696E5F736C6F747329292025207341
:1071F000697A656F66287374727563742069727139
:107200005F68616E646C65725F636861696E5F730D
:107210006C6F74292900000069735F73686172657F
:10722000645F6972715F7261775F68616E646C65DB
:107230007228736C6F745F68616E646C657229008C
:10724000657863657074696F6E000000666F756EB7
:10725000640000004E6F20757365722049525173AF
:107260002061726520617661696C61626C65000005
:1072700031203D3D202875696E747074725F7429E9
:107280006C2D3E7370696E5F6C6F636B0000000065
:10729000433A5C55736572735C76696777655C2EFB
:1072A0007069636F2D73646B5C73646B5C322E3238
:1072B0002E305C7372635C636F6D6D6F6E5C7069B2
:1072C000636F5F73796E635C6D757465782E6300B0
:1072D000746F74616C0000006D74782D3E636F7282
:1072E000652E7370696E5F6C6F636B006C6F636BA0
:1072F0005F69735F6F776E65725F69645F76616CFB
:107300006964286D74782D3E6F776E657229000070
:107310006D74782D3E656E7465725F636F756E7403
:1073200000000000706F6F6C2D3E74696D65725FB8
:10733000616C61726D5F6E756D203D3D2074696D8D
:1073400065725F616C61726D5F6E756D000000004B
:10735000433A5C55736572735C76696777655C2E3A
:107360007069636F2D73646B5C73646B5C322E3277
:107370002E305C7372635C636F6D6D6F6E5C7069F1
:10738000636F5F74696D655C74696D652E63000081
:1073900064656661756C745F616C61726D5F706F5E
:1073A0006F6C5F696E697469616C697A65642829BC
:1073B00000000000417474656D7074656420746F22
:1073C00020736C65657020696E73696465206F66F3
:1073D00020616E20657863657074696F6E206861E6
:1073E0006E646C65723B2075736520627573795F9E
:1073F0007761697420696620796F75206D75737483
:1074000000000000486172647761726520616C6100
:10741000726D20256420616C726561647920636CF3
:1074200061696D656400000076636F5F6672657107
:10743000203E3D205049434F5F504C4C5F56434FD8
:107440005F4D494E5F465245515F485A20262620DF
:1074500076636F5F66726571203C3D205049434FF3
:107460005F504C4C5F56434F5F4D41585F4652450D
:10747000515F485A00000000433A5C5573657273CF
:107480005C76696777655C2E7069636F2D73646BDA
:107490005C73646B5C322E322E305C7372635C7290
:1074A00070325F636F6D6D6F6E5C6861726477617F
:1074B00072655F706C6C5C706C6C2E630000000019
:1074C0006662646976203E3D20313620262620669D
:1074D00062646976203C3D203332300028706F733F
:1074E000745F64697631203E3D203120262620706D
:1074F0006F73745F64697631203C3D203729202604
:10750000262028706F73745F64697632203E3D20B8
:107510003120262620706F73745F64697632203CB8
:107520003D203729000000007265665F6672657154
:10753000203C3D202876636F5F66726571202F20A6
:10754000313629004F7574206F66206D656D6F723E
:10755000790000004465627567000000626F6F7417
:10756000325F77323571303830000000302E310014
:10757000322E322E300000007069636F320000003E
:10758000656C656374726F6E69635F74756E657246
:107590000000000041756720323920323032360059
:1075A000666E692B00000000666E69006E616E00F9
:1075B000666E692D000000002C2066756E6374698C
:1075C0006F6E3A2000000000617373657274696F1A
:1075D0006E2022257322206661696C65643A2066FC
:1075E000696C6520222573222C206C696E6520252C
:1075F00064257325730A000066616C7365000000E2
:10760000433A5C55736572735C76696777655C2E87
:107610007069636F2D73646B5C73646B5C322E32C4
:107620002E305C7372635C7270325F636F6D6D6F6E
:107630006E5C7069636F5F737464696F5F757362AA
:107640005C737464696F5F7573622E630000000081
:1076500055534220737464696E202F207374646FD5
:10766000757400005261737062657272792050699E
:10767000000000005069636F00000000426F6172FB
:1076800064204344430000005265736574000000A9
:107690007263203D3D203400433A5C55736572733C
:1076A0005C76696777655C2E7069636F2D73646BB8
:1076B0005C73646B5C322E322E305C7372635C726E
:1076C00070325F636F6D6D6F6E5C7069636F5F7555
:1076D0006E697175655F69645C756E697175655F0A
:1076E00069642E63000000006C656E203E2030004F
:1076F0006E6578745F6275666665725F707472201D
:107700003C207573625F647072616D2D3E657078A8
:107710005F64617461202B2073697A656F662875D8
:1077200073625F647072616D2D3E6570785F646135
:1077300074612900433A5C55736572735C766967BE
:1077400077655C2E7069636F2D73646B5C73646B1B
:107750005C322E322E305C6C69625C74696E7975B5
:1077600073625C7372635C706F727461626C655C8F
:1077700072617370626572727970695C72703230B6
:1077800034305C6463645F7270323034302E630076
:10779000556E68616E646C65642049525120307882
:1077A00025780A007268706F7274203D3D203000A9
:1077B00021286275665F6374726C202620555342DF
:1077C0005F4255465F4354524C5F46554C4C29002E
:1077D000433A5C55736572735C76696777655C2EB6
:1077E0007069636F2D73646B5C73646B5C322E32F3
:1077F0002E305C6C69625C74696E797573625C735F
:1078000072635C706F727461626C655C72617370DC
:10781000626572727970695C7270323034305C7299
:1078200070323034305F7573622E63006275665F4C
:107830006374726C2026205553425F4255465F4365
:1078400054524C5F46554C4C00000000657020259A
:107850003032582077617320616C726561647920E1
:10786000617661696C61626C6500000043616E273E
:107870007420636F6E74696E75652078666572201A
:107880006F6E20696E61637469766520657020256E
:10789000303258005741524E3A2073746172746905
:1078A0006E67206E6577207472616E7366657220F4
:1078B0006F6E20616C7265616479206163746976B2
:1078C0006520657020253032580D0A00257320256B
:1078D000643A20415353455254204641494C454453
:1078E0000D0A00007364615F74785F686F6C645F99
:1078F000636F756E74203C3D206C636E74202D2088
:1079000032000000433A5C55736572735C766967B8
:1079100077655C2E7069636F2D73646B5C73646B49
:107920005C322E322E305C7372635C7270325F6335
:107930006F6D6D6F6E5C68617264776172655F69AF
:1079400032635C6932632E630000000054790010DA
:1079500008082060000000000000000000065F5FD3
:10796000060000000007070007070000147F7F14CF
:107970007F7F1400242E6B6B3A120000466630188D
:107980000C666200307A4F5D377A480004070300C6
:1079900000000000001C3E63410000000041633E07
:1079A0001C000000082A3E1C1C3E2A0808083E3E17
:1079B0000808000000A0E0600000000008080808B7
:1079C0000808000000006060000000006030180C33
:1079D000060301003E7F594D7F3E000042427F7FFB
:1079E00040400000627359496F66000022634949B4
:1079F0007F360000181C16137F7F1000276745454F
:107A00007D3900003C7E4B497930000003637119D9
:107A10000F070000367F49497F360000064F49694D
:107A20003F1E000000006C6C0000000000A0EC6C29
:107A300000000000081C36634100000014141414F8
:107A400014140000004163361C0800000203515961
:107A50000F0600003E7F415D5D1F1E007C7E1313FC
:107A60007E7C0000417F7F49497F36001C3E634198
:107A700041632200417F7F41637F1C00417F7F493A
:107A80005D416300417F7F491D0103001C3E63414E
:107A9000517372007F7F08087F7F000000417F7F65
:107AA00041000000307040417F3F0100417F7F086E
:107AB0001C776300417F7F41406070007F7F060C30
:107AC000067F7F007F7F060C187F7F001C3E63418E
:107AD000633E1C00417F7F49090F06001E3F217154
:107AE0007F5E0000417F7F19396F460026674D5940
:107AF0007B32000003417F7F410300007F7F4040D5
:107B00007F7F00001F3F60603F1F00007F7F3018B5
:107B1000307F7F0063771C081C776300074F7878FD
:107B20004F0700006773594D47637100007F7F4125
:107B3000410000000103060C183060000041417F45
:107B40007F000000080C0603060C0800808080807F
:107B500080808080000003070400000020745454DB
:107B60003C784000413F7F44447C3800387C4444AA
:107B70006C280000307848493F7F4000387C5454DE
:107B80005C180000487E7F490302000098BCA4A452
:107B9000F87C0400417F7F08047C780000447D7DF0
:107BA0004000000040C484FD7D000000417F7F1044
:107BB000386C440000417F7F400000007C7C0C1842
:107BC0000C7C78007C7C04047C780000387C444485
:107BD0007C38000084FCF8A4243C1800183C24A441
:107BE000F8FC8400447C78441C180000485C545421
:107BF0007424000000043E7F442400003C7C40408C
:107C00003C7C40001C3C60603C1C00003C7C6030C4
:107C1000607C3C00446C3810386C44009CBCA0A0D4
:107C2000FC7C00004C64745C4C64000008083E77E7
:107C30004141000000000077770000004141773E9D
:107C4000080800000203010302030100787C464398
:107C5000467C78006972715F6164645F7461696C0D
:107C60005F746F5F667265655F6C697374000000B6
:107C70006D616B655F6A5F31360000007265736F1E
:107C80006C76655F6A5F3136000000006972715F73
:107C90006164645F7368617265645F68616E646C7F
:107CA000657200006972715F7365745F6578636CFB
:107CB00075736976655F68616E646C65720000005B
:107CC0006D757465785F6578697400006D757465AD
:107CD000785F656E7465725F626C6F636B5F756E03
:107CE00074696C0072756E74696D655F696E697434
:107CF0005F6D757465780000616C61726D5F706FA7
:107D00006F6C5F6765745F64656661756C740000B5
:107D1000616C61726D5F706F6F6C5F6972715F68CB
:107D2000616E646C65720000706C6C5F696E697482
:107D30000000000006005250D3F075425475001048
:107D400006005250E182887F5C7500100600525098
:107D50003ABCA9116C75001006005250ABB36053C9
:107D60007075001006005250BBFF3CB678750010CD
:107D700006005250861C0302807500100600525007
:107D80005422A29D9475001005005250DE65F468DF
:107D90006895001000000000000000000000F03FA7
:107DA00000000000000024400000000000005940D6
:107DB0000000000000408F40000000000088C34029
:107DC00000000000006AF8400000000080842E419E
:107DD00000000000D01263410000000084D79741EA
:107DE0000000000065CDCD410D0A0000000000003C
:107DF000B533001000000000B9330010C533001087
:107E0000FD330010F9330010000000000A000000EC
:107E100000000306A6000800020002009C001400F7
:107E2000030057494E555342000000000000000077
:107E30000000800004000100280044006500760076
:107E400069006300650049006E00740065007200FF
:107E5000660061006300650047005500490044006A
:107E600000004E007B0062006300370033003900E1
:107E70003800630031002D003700330063006400D8
:107E80002D0034006300620037002D0039003800F7
:107E9000620038002D0039003100330061003800E5
:107EA00066006300610037006200660036007D00F6
:107EB00000000000050F2100011C100500DF60DD3F
:107EC000D88945C74C9CD2659D9E648A9F0000035B
:107ED00006A60001000000000600525053B4F4A1B1
:107EE00050760010737464696F5F7573625F696EBA
:107EF00069740000000000006476001074760010C1
:107F0000C02100207C760010887600100902540001
:107F1000030100807D080B0002020200000904003A
:107F200000010202000405240020010524010001D3
:107F30000424020605240600010705810308001039
:107F400009040100020A00000007050202400000C7
:107F5000070582024000000904020000FF0001053D
:107F600012011002EF0201408A2E090000010102F5
:107F7000030100007069636F5F6765745F756E6908
:107F80007175655F626F6172645F69645F7374725B
:107F9000696E67005F72657472696576655F756E9C
:107FA000697175655F69645F6F6E5F626F6F7400A2
:107FB0006463645F656470745F7866657200000076
:107FC0006463645F7365745F616464726573730096
:107FD0006463645F696E745F656E61626C65000006
:107FE00068775F656E64706F696E745F616C6C6FEB
:107FF000630000006463645F696E697400000000E0
:1080000073796E635F65705F6275666665720000A6
:10801000757362645F656470745F78666572000092
:10802000757362645F656470745F6F70656E000085
:10803000757362645F6F70656E5F656470745F70A6
:108040006169720071756575655F6576656E74004E
:1080500070726F636573735F6765745F6465736384
:10806000726970746F72000070726F636573735F12
:108070007365745F636F6E666967000070726F632B
:108080006573735F636F6E74726F6C5F7265717529
:1080900065737400636F6E66696775726174696F8A
:1080A0006E5F7265736574007475645F7461736B81
:1080B0005F657874000000007475645F7268706FAB
:1080C00072745F696E6974000000000079500010DE
:1080D0001D5100105D510010D5510010F9520010D3
:1080E000195400100000000000000000A15500100D
:1080F0003156001061560010A95600105934001076
:10810000ED57001000000000757362645F636F6ECE
:1081100074726F6C5F786665725F63620000000066
:108120007475645F636F6E74726F6C5F786665728E
:1081300000000000636463645F786665725F636279
:1081400000000000636463645F6F70656E00000090
:108150007475645F6364635F6E5F77726974655F93
:10816000666C75736800000076656E646F72645F9C
:108170006F70656E0000000074755F656470745FF9
:1081800073747265616D5F726561645F7866657254
:108190000000000074755F656470745F73747265CD
:1081A000616D5F77726974655F7866657200000063
:1081B00074755F656470745F73747265616D5F7709
:1081C000726974655F7A6C705F69665F6E6565641D
:1081D0006564000074755F656470745F76616C69D6
:1081E0006461746500000000747573625F7268708A
:1081F0006F72745F696E6974000000006932635FBA
:108200007365745F6261756472617465000000007B
:08821000A4E9FF7F010000005A
:10821800347D0010407D00104C7D0010587D00100A
:10822800647D0010707D00107C7D0010887D00103A
:04823800D87E0010DC
:10823C0000B503460068EFF3108272B6D0E8CFEFBA
:10824C005FF0010CBEF1000FF8D1C0E84ECFBEF1CB
:10825C00000FF3D1BFF35F8F93F9040000280ADB02
:10826C0081B10860002019680023C1E88F3F82F3B8
:10827C0010885DF804FB4FF0504191F90010197112
:10828C000120F0E70020EEE7F8B51E460368002B4E
:10829C0027D0044615464FF0504393F900702168DF
:1082AC00EFF3108C72B6D1E8CF2F0123002AFAD14C
:1082BC00C1E8423F002AF6D1BFF35F8F94F904E086
:1082CC00BEF1000F13DB22680023C2E88F3F8CF352
:1082DC0010882846314600F02BFE0028DFD0002005
:1082EC000DE0074B074AA621074800F01DFE277139
:1082FC0022680023C2E88F3F8CF310880120F8BD60
:10830C00D8720010CC7C00109072001070B582B046
:10831C00064615461C4601A9FFF78AFF38B99DF998
:10832C0004204FF0504393F900309A4201D102B02F
:10833C0070BD2A4623463046FFF7A6FFF7E738B54F
:10834C0004460D4600F0D4FDEB0E4FEA451CBCEB89
:10835C00050C63F100039B0043EA9C734FEA8C0C01
:10836C001CEB050C43F10003DB0043EA5C734FEAA2
:10837C00CC0C10EB0C0243EB0103002B03DB20466F
:10838C00FFF782FF38BD4FF0FF326FF00043F6E786
:10839C0008B50268EFF3108372B6D2E8CFCF012193
:1083AC00BCF1000FF9D1C2E84C1FBCF1000FF4D1A5
:1083BC00BFF35F8F90F90420002A09DBFF220271C2
:1083CC0001680022C1E88F2F83F3108840BF08BDDD
:1083DC00024B034AD521034800F0A6FDEC720010B5
:1083EC00C07C00109072001008B5002308E00A4A07
:1083FC000133002142F8331002EBC3025160DBB2AF
:10840C000E2BF4D94FF470720021044800F080FD5B
:10841C00034B044A1A6008BD00001050A41D002034
:10842C0068210020800110502DE9F04385B01F4BCE
:10843C009E6D0024012504E026EA05066D0001343A
:10844C00E4B286B31F2C2ED82E42F7D0184B9D6564
:10845C004FEA540904F0010787F0010704F0FE030A
:10846C003B44144A02EB4318404600F033FA002810
:10847C00E2D007EB49070F4B03EB47139978DA8AE5
:10848C0000238DF8043007208DF805008DF80810B6
:10849C0003928DF80930012101A800F039FA404609
:1084AC0000F0B3F9C8E705B0BDE8F0830000115047
:1084BC0000301150641D00202DE9F04385B0744B41
:1084CC00D3F8985015F4003647D0724B9A6A724B19
:1084DC001A60002427460AE0704B03EB8413002239
:1084EC0083F83C2000F0BEF937460134E4B20F2C7F
:1084FC0019D8A20102F12000684B1844134493F8D8
:10850C003B30022BF1D1654B03EB841393F83A60AB
:10851C00002EEAD0614B03EB841393F83C30002B14
:10852C00DAD13746E1E73FB95D4B1B7823B95D4B98
:10853C004FF40032C3F89020554B9B6CC3F30A03E5
:10854C0000228DF8042003228DF8052002930121CE
:10855C0001A800F0DDF94FF4003615F0100F06D12C
:10856C0015F4803F49D046F48036002423E046F0D1
:10857C001006FFF759FFF3E74FF002084A4BC3F818
:10858C006080434B5B6E38EA0303FAD14FF44052E0
:10859C000021384600F040F9384600F036F9414BDE
:1085AC00C3F86480C3F860803C4B03EB4913012291
:1085BC00DA701444E4B2012C0BD8A146374F07EB08
:1085CC004417BB7E002BEFD0002CD5D04FF0010808
:1085DC00D4E700238DF8043006238DF80530334B97
:1085EC0093E8030004AB03E90300012101A800F0A8
:1085FC008FF92C4B4FF400321A6515F4805F0AD1B9
:10860C0015F4804F1DD115F4004F2BD1AE423AD149
:10861C0005B0BDE8F08346F4805600241C4B1C606A
:10862C00FFF7E2FE8DF8044001218DF805108DF85E
:10863C00084001A800F06CF91A4B4FF400221A659F
:10864C00DEE746F4804600238DF8043004238DF8D1
:10865C00053001210DEB030000F05AF9114B1022EB
:10866C001A65D0E746F4004600238DF80430052344
:10867C008DF80530012101A800F04AF9094B4FF49F
:10868C0000621A65C2E786EA0501094800F03CFC65
:10869C000000115000000B40541D0020641D0020F0
:1086AC00D221002000301150002011500000105039
:1086BC0090770010F8B504460F46838A068B9E42CD
:1086CC0028BF1E469B1B838246F48062C3787BB115
:1086DC004FF40055154383F00103E37063784BB1FD
:1086EC00A38A0BB945F4804507B12D042846F8BD83
:1086FC000025EFE7E0683246216900EB871000F0B7
:10870C00FBFB23693344236145F40045E8E7000093
:10871C00094B1B6C13F0020F0BD18378DB0901D1D1
:10872C0000207047C37E022B01D00020704701202F
:10873C0070470020704700BF0000115008B5FFF7CC
:10874C00E7FF40B1054B9B6A054A12689B1AA3F5DB
:10875C004873C62B00D808BD0020FCE700000B4076
:10876C00541D002038B5044683681B68084601B1C7
:10877C001B0CC3F30905627892B913F4004F09D1AD
:10878C00E38A2B44E382238BAB4201D90023A382DF
:10879C00284638BD0E4B0F4AE8210F4800F0C4FBA9
:1087AC0013F4004F0DD0E1682A4601EB80112069CB
:1087BC0000F0A2FBE38A2B44E38223692B44236160
:1087CC00E1E7064B034AEE21034800F0ADFB00BF86
:1087DC00B077001000800010D07700102C780010BB
:1087EC0010B5044683681B680021FFF7BBFF636864
:1087FC001B6813F0804F02D0238B834200D010BD36
:10880C0001212046FFF7AEFFF9E700238376838230
:10881C00C38203617047000008B50B4611B1816833
:10882C0009680B409AB1134312F4806F0FD0826821
:10883C00116811F4806F0DD123F480611160074A27
:10884C00126C12F0020F02D10C22033AFDD2826894
:10885C00136008BD8178024800F056FB00001150EF
:10886C004C78001070B5044643681D680021FFF772
:10887C0021FF40F48056164B1B6C13F0020F13D0E3
:10888C00A37813F07F0F14D10023A28A02B1A3B1F5
:10889C0025F0A04545F0005563681D603246002167
:1088AC002046FFF7B9FF70BDA378DB0903D1012384
:1088BC00EBE70123E9E70023E7E701212046FFF777
:1088CC00F9FE064325F0005545F0A045E4E700BF4E
:1088DC000000115038B50446857E2DB1FFF780FF9E
:1088EC00A38A2BB9284638BD8178084800F00CFBC8
:1088FC002046FFF723FF054618B1012323770025F7
:10890C00F0E72046FFF7AEFFECE700BF6C780010F5
:10891C00F0B585B005460E464378023B042B15D8BE
:10892C00DFE813F005006A003B004600FD00874BB2
:10893C001A7822F001021A701A7822F002021A70C8
:10894C00002159701A7861F382021A70804B1C68EE
:10895C006369EFF3108272B6D3E8CF0F01210028C0
:10896C00FAD1C3E8401F0028F6D1BFF35F8FA26194
:10897C002946204600F0D0FA6169A3690022C1E8BB
:10898C008F2F83F31088002800F0CF80324669784F
:10899C00287800F0C5FA05B0F0BD6C4B1B7813F0CD
:1089AC00010FF8D0694A137843F004031370CDE734
:1089BC00664B1B7813F0010FEDD0644A137823F04B
:1089CC0004031370C2E7D21A624B03EB4213DB6948
:1089DC0013B16968287898470134E4B25E4B1B7870
:1089EC002246591CA14209DBA342ECD95B4B1B6804
:1089FC0013EB4413EBD1EFE70024EFE7534B1B7859
:108A0C0013F0040F36D1514BDB7813F0010FC2D0A9
:108A1C0001A9002701974F608F602B788DF80430E7
:108A2C0003238DF805306B680293494B1C6863690E
:108A3C00EFF3108272B6D3E8CF5F0120002DFAD18C
:108A4C00C3E8450F002DF6D1BFF35F8FA26120461E
:108A5C0000F062FA6269A369C2E88F7F83F3108821
:108A6C0000284CD032469DF805109DF8040000F00B
:108A7C0057FA90E7354A137823F00403137001A9D1
:108A8C00002701974F608F602B788DF804300523F9
:108A9C008DF805302E4B1C686369EFF3108272B6AB
:108AAC00D3E8CFCF0120BCF1000FF9D1C3E84C0FB4
:108ABC00BCF1000FF4D1BFF35F8FA261204600F030
:108ACC002BFA6269A369C2E88F7F83F3108838B1EF
:108ADC0032469DF805109DF8040000F021FA92E74B
:108AEC0040F265121E491F4800F00AFA4FF0E023CD
:108AFC00D3F8F03D13F0010F85D000BE83E740F2B0
:108B0C0065121749174800F0FBF94FF0E023D3F832
:108B1C00F03D13F0010F3FF43EAF00BE3BE7124AAD
:108B2C0013780133DBB2137010E740F265120C4975
:108B3C000C4800F0E5F94FF0E023D3F8F03D13F0CA
:108B4C00010F3FF428AF00BE25E700BFF01800204E
:108B5C0048190020C8800010D121002020170020C7
:108B6C0044800010CC780010D321002053B94AB9AE
:108B7C00002908BF00281CBF4FF0FF314FF0FF3019
:108B8C0000F0B2B9ADF1080C6DE904CE00F006F8B6
:108B9C00DDF804E0DDE9022304B070472DE9F04F65
:108BAC008C46099E04460F46002B48D18A42154636
:108BBC005ED9B2FA82F33BB1C3F120029F409D40D3
:108BCC009C4020FA02F217434FEA154E1FFA85FC1F
:108BDC00220CB7FBFEF10EFB117701FB0CF042EA05
:108BEC000742904207D9AA1801F1FF3702D29042EE
:108BFC0000F258813946121AA4B2B2FBFEF00EFBF9
:108C0C00102200FB0CFC44EA0244A4450BD92C199D
:108C1C0000F1FF322CBF01270027A44502D9002FF9
:108C2C0000F04381104640EA0140A4EB0C04002103
:108C3C001EB1DC400023C6E90043BDE8F08F8B4237
:108C4C0006D90EB1C6E9000100210846BDE8F08F37
:108C5C00B3FA83F1002951D16345C0F016818242E9
:108C6C0040F213810846002EE7D0C6E90047E4E73E
:108C7C00002A00F0AF80B2FA82F3002B40F0C280E1
:108C8C008A1A4FEA154EAFB20121200CB2FBFEFC42
:108C9C000EFB1C2240EA024207FB0CF090420ED95C
:108CAC00AA180CF1FF382CBF4FF001094FF0000946
:108CBC00904203D9B9F1000F00F0F080C446121AAB
:108CCC00A4B2B2FBFEF00EFB102200FB07F744EA45
:108CDC000244A7420ED92C1900F1FF322CBF4FF0E1
:108CEC00010E4FF0000EA74203D9BEF1000F00F0A9
:108CFC00D2801046E41B40EA0C4099E7C1F12005F4
:108D0C008B400CFA01F400FA01F922FA05F72CFA5F
:108D1C0005FC8A401F4320FA05F3380C23431FFA45
:108D2C0087FE1C0CBCFBF0F800FB18CC44EA0C448E
:108D3C0008FB0EFCA4450ED93C1908F1FF3A2CBFD8
:108D4C004FF0010B4FF0000BA44503D9BBF1000F02
:108D5C0000F0B880D046A4EB0C041FFA83FCB4FBE3
:108D6C00F0F300FB134403FB0EFE4CEA0444A6454F
:108D7C000ED93C1903F1FF302CBF4FF0010C4FF012
:108D8C00000CA64503D9BCF1000F00F09F800346F0
:108D9C0043EA0840A4EB0E04A0FB02EC64457346C6
:108DAC00E04602D307D1F14505D2BEEB02036CEBD2
:108DBC00070C0138E0465EB1B9EB030264EB080422
:108DCC0004FA05F522FA01F3CC401D43C6E9005420
:108DDC00002132E742082F464B08AC4642EAC172EA
:108DEC00AE46C407110C92B241EA034142EA014279
:108DFC00B1FBF5F1B3FBF5F01F23A2EB0C0241EA3A
:108E0C00004142E79D40C3F1200299409C402CFA5E
:108E1C0002FC4FEA154E20FA02F2AFB2BCFBFEF890
:108E2C000A430EFB18CC110C41EA0C4108FB07FC61
:108E3C008C4550D9691808F1FF302CBF4FF001094F
:108E4C004FF000098C4502D9B9F1000F30D0A1EBDD
:108E5C000C01B1FBFEF808FB07FC0EFB181192B2DB
:108E6C0042EA0142624534D2AA1808F1FF312CBF04
:108E7C004FF001094FF000096245BED2B9F1000F65
:108E8C00BBD1A8F102012A44B7E7841A6CEB0302A8
:108E9C0001201746E7E62C4402382BE7ACF1020C14
:108EAC002A440CE702392A44A5E62C440238BAE6D7
:108EBC00A5EB0C0CA8F102006144B1FBFEF808FB19
:108ECC0007FCCAE7A8F102083C4444E7023B3C44D7
:108EDC005EE7414691E7A1EB0C014046B1FBFEF881
:108EEC0008FB07FCB9E700BF704700BF000000009B
:108EFC005FF800F08D1500105FF800F0393D0010A0
:108F0C005FF800F0993300105FF800F0F1050010E5
:108F1C005FF800F0C56A00105FF800F0C96100103E
:108F2C005FF800F0694000105FF800F0D1300010DD
:108F3C005FF800F0051400101000000000000000A5
:108F4C000000010000000000000000000000020012
:108F5C000000000000000000000003000000000002
:108F6C00000000000000FF000000000001B5486890
:108F7C0001318E460047704609380149884701BDCA
:108F8C00310B001000000000000000000000000089
:108F9C00000000000000000028140020FD37001025
:108FAC00C134001071370010AD3400100000000007
:108FBC00000100004C19002010000C000000000003
:108FCC000000000000000000000000000000000095
:108FDC00FF00000000800940000000000000094074
:108FEC0000000000FFFFFFFF000002000000000077
:108FFC000000000000000000D00E0020D00E002069
:10900C00D80E0020D80E0020E00E0020E00E00202C
:10901C00E80E0020E80E0020F00E0020F00E0020DC
:10902C00F80E0020F80E0020000F0020000F00208A
:10903C00080F0020080F0020100F0020100F002038
:10904C00180F0020180F0020200F0020200F0020E8
:10905C00280F0020280F0020300F0020300F002098
:10906C00380F0020380F0020400F0020400F002048
:10907C00480F0020480F0020500F0020500F0020F8
:10908C00580F0020580F0020600F0020600F0020A8
:10909C00680F0020680F0020700F0020700F002058
:1090AC00780F0020780F0020800F0020800F002008
:1090BC00880F0020880F0020900F0020900F0020B8
:1090CC00980F0020980F0020A00F0020A00F002068
:1090DC00A80F0020A80F0020B00F0020B00F002018
:1090EC00B80F0020B80F0020C00F0020C00F0020C8
:1090FC00C80F0020C80F0020D00F0020D00F002078
:10910C00D80F0020D80F0020E00F0020E00F002027
:10911C00E80F0020E80F0020F00F0020F00F0020D7
:10912C00F80F0020F80F0020001000200010002085
:10913C000810002008100020101000201010002033
:10914C0018100020181000202010002020100020E3
:10915C002810002028100020301000203010002093
:10916C003810002038100020401000204010002043
:10917C0048100020481000205010002050100020F3
:10918C0058100020581000206010002060100020A3
:10919C006810002068100020701000207010002053
:1091AC007810002078100020801000208010002003
:1091BC0088100020881000209010002090100020B3
:1091CC009810002098100020A0100020A010002063
:1091DC00A8100020A8100020B0100020B010002013
:1091EC00B8100020B8100020C0100020C0100020C3
:1091FC00C8100020C8100020D0100020D010002073
:10920C00D8100020D8100020E0100020E010002022
:10921C00E8100020E8100020F0100020F0100020D2
:10922C00F8100020F8100020001100200011002080
:10923C00081100200811002010110020101100202E
:10924C0018110020181100202011002020110020DE
:10925C00281100202811002030110020301100208E
:10926C00381100203811002040110020401100203E
:10927C0048110020481100205011002050110020EE
:10928C00581100205811002060110020601100209E
:10929C00681100206811002070110020701100204E
:1092AC0078110020781100208011002080110020FE
:1092BC0088110020881100209011002090110020AE
:1092CC009811002098110020A0110020A01100205E
:1092DC00A8110020A8110020B0110020B01100200E
:1092EC00B8110020B8110020C0110020C0110020BE
:1092FC00C8110020C8110020D0110020D01100206E
:10930C00D8110020D8110020E0110020E01100201D
:10931C00E8110020E8110020F0110020F0110020CD
:10932C00F8110020F811002000120020001200207B
:10933C000812002008120020101200201012002029
:10934C0018120020181200202012002020120020D9
:10935C002812002028120020301200203012002089
:10936C003812002038120020401200204012002039
:10937C0048120020481200205012002050120020E9
:10938C005812002058120020601200206012002099
:10939C006812002068120020701200207012002049
:1093AC0078120020781200208012002080120020F9
:1093BC0088120020881200209012002090120020A9
:1093CC009812002098120020A0120020A012002059
:1093DC00A8120020A8120020B0120020B012002009
:1093EC00B8120020B8120020C0120020C0120020B9
:1093FC00C8120020C8120020E0120020000000005B
:10940C0000000000E815002050160020B8160020BF
:10941C000000000000000000000000000000000040
:10942C000000000000000000000000000000000030
:10943C000000000000000000000000000000000020
:10944C000000000000000000000000000000000010
:10945C000000000000000000000000000000000000
:10946C0000000000000000000000000000000000F0
:10947C0000000000000000000000000000000000E0
:10948C0000000000000000000000000000000000D0
:10949C0000000000000000000100000000000000BF
:1094AC000E33CDAB34126DE6ECDE05000B00000084
:1094BC0000000000000000000000000000000000A0
:1094CC000000000000000000000000000000000090
:1094DC000000000000000000000000000000000080
:1094EC000000000000000000000000000000000070
:1094FC000000000000000000000000000000000060
:10950C00000000000000000000000000000000004F
:10951C00000000000000000000000000000000003F
:10952C00000000000000000000000000000000002F
:10953C00000000000000000000000000000000001F
:08954C00000000000000000017
:10955400D3DEFFFFFE010000FF010000E46BFFFF0C
:04956400793512AB98
:040000051000014D99
:00000001FF
