
C:/Users/vigwe/guitar_tuner/build/electronic_tuner.elf:     file format elf32-littlearm

Sections:
Idx Name          Size      VMA       LMA       File off  Algn
  0 .text         00008078  10000000  10000000  00001000  2**3
                  CONTENTS, ALLOC, LOAD, READONLY, CODE
  1 .rodata       00002340  10008078  10008078  00009078  2**3
                  CONTENTS, ALLOC, LOAD, READONLY, DATA
  2 .ARM.exidx    00000008  1000a3b8  1000a3b8  0000b3b8  2**2
                  CONTENTS, ALLOC, LOAD, READONLY, DATA
  3 .binary_info  00000024  1000a3c0  1000a3c0  0000b3c0  2**2
                  CONTENTS, ALLOC, LOAD, READONLY, DATA
  4 .ram_vector_table 00000110  20000000  20000000  0000e000  2**2
                  ALLOC
  5 .uninitialized_data 00000000  20000110  20000110  0000d710  2**0
                  CONTENTS
  6 .data         00001318  20000110  1000a3e4  0000c110  2**3
                  CONTENTS, ALLOC, LOAD, READONLY, CODE
  7 .tdata        00000000  20001428  20001428  0000d710  2**0
                  CONTENTS, ALLOC, LOAD, DATA, THREAD_LOCAL
  8 .tbss         00000000  20001428  20001428  00000000  2**0
                  ALLOC, THREAD_LOCAL
  9 .bss          00000db4  20001428  1000b6fc  0000e428  2**3
                  ALLOC
 10 .heap         00000800  200021dc  1000b6fc  0000e1dc  2**2
                  ALLOC, READONLY
 11 .scratch_x    00000000  20080000  20080000  0000d710  2**0
                  CONTENTS
 12 .scratch_y    00000000  20081000  20081000  0000d710  2**0
                  CONTENTS
 13 .stack_dummy  00000800  20081000  20081000  0000e000  2**5
                  ALLOC, READONLY
 14 .flash_end    00000014  1000b6fc  1000b6fc  0000d6fc  2**2
                  CONTENTS, ALLOC, LOAD, READONLY, DATA
 15 .ARM.attributes 00000034  00000000  00000000  0000d710  2**0
                  CONTENTS, READONLY
 16 .comment      00000045  00000000  00000000  0000d744  2**0
                  CONTENTS, READONLY
 17 .debug_info   00032937  00000000  00000000  0000d789  2**0
                  CONTENTS, READONLY, DEBUGGING, OCTETS
 18 .debug_abbrev 00008e19  00000000  00000000  000400c0  2**0
                  CONTENTS, READONLY, DEBUGGING, OCTETS
 19 .debug_loclists 00012cd2  00000000  00000000  00048ed9  2**0
                  CONTENTS, READONLY, DEBUGGING, OCTETS
 20 .debug_aranges 00001650  00000000  00000000  0005bbb0  2**3
                  CONTENTS, READONLY, DEBUGGING, OCTETS
 21 .debug_rnglists 00001b03  00000000  00000000  0005d200  2**0
                  CONTENTS, READONLY, DEBUGGING, OCTETS
 22 .debug_line   0001c16e  00000000  00000000  0005ed03  2**0
                  CONTENTS, READONLY, DEBUGGING, OCTETS
 23 .debug_str    00009b2e  00000000  00000000  0007ae71  2**0
                  CONTENTS, READONLY, DEBUGGING, OCTETS
 24 .debug_frame  00004014  00000000  00000000  000849a0  2**2
                  CONTENTS, READONLY, DEBUGGING, OCTETS
 25 .debug_line_str 00000282  00000000  00000000  000889b4  2**0
                  CONTENTS, READONLY, DEBUGGING, OCTETS

C:/Users/vigwe/guitar_tuner/build/electronic_tuner.elf:     file format elf32-littlearm


Disassembly of section .text:

10000000 <__VECTOR_TABLE>:
10000000:	20082000 	.word	0x20082000
10000004:	1000015d 	.word	0x1000015d
10000008:	1000011b 	.word	0x1000011b
1000000c:	1000011d 	.word	0x1000011d
10000010:	10000111 	.word	0x10000111
10000014:	10000111 	.word	0x10000111
10000018:	10000111 	.word	0x10000111
1000001c:	10000111 	.word	0x10000111
10000020:	10000119 	.word	0x10000119
10000024:	10000119 	.word	0x10000119
10000028:	10000119 	.word	0x10000119
1000002c:	1000011f 	.word	0x1000011f
10000030:	10000111 	.word	0x10000111
10000034:	10000119 	.word	0x10000119
10000038:	10000121 	.word	0x10000121
1000003c:	10000123 	.word	0x10000123
10000040:	10000111 	.word	0x10000111
10000044:	10000111 	.word	0x10000111
10000048:	10000111 	.word	0x10000111
1000004c:	10000111 	.word	0x10000111
10000050:	10000111 	.word	0x10000111
10000054:	10000111 	.word	0x10000111
10000058:	10000111 	.word	0x10000111
1000005c:	10000111 	.word	0x10000111
10000060:	10000111 	.word	0x10000111
10000064:	10000111 	.word	0x10000111
10000068:	10000111 	.word	0x10000111
1000006c:	10000111 	.word	0x10000111
10000070:	10000111 	.word	0x10000111
10000074:	10000111 	.word	0x10000111
10000078:	10000111 	.word	0x10000111
1000007c:	10000111 	.word	0x10000111
10000080:	10000111 	.word	0x10000111
10000084:	10000111 	.word	0x10000111
10000088:	10000111 	.word	0x10000111
1000008c:	10000111 	.word	0x10000111
10000090:	10000111 	.word	0x10000111
10000094:	10000111 	.word	0x10000111
10000098:	10000111 	.word	0x10000111
1000009c:	10000111 	.word	0x10000111
100000a0:	10000111 	.word	0x10000111
100000a4:	10000111 	.word	0x10000111
100000a8:	10000111 	.word	0x10000111
100000ac:	10000111 	.word	0x10000111
100000b0:	10000111 	.word	0x10000111
100000b4:	10000111 	.word	0x10000111
100000b8:	10000111 	.word	0x10000111
100000bc:	10000111 	.word	0x10000111
100000c0:	10000111 	.word	0x10000111
100000c4:	10000111 	.word	0x10000111
100000c8:	10000111 	.word	0x10000111
100000cc:	10000111 	.word	0x10000111
100000d0:	10000111 	.word	0x10000111
100000d4:	10000111 	.word	0x10000111
100000d8:	10000111 	.word	0x10000111
100000dc:	10000111 	.word	0x10000111
100000e0:	10000111 	.word	0x10000111
100000e4:	10000111 	.word	0x10000111
100000e8:	10000111 	.word	0x10000111
100000ec:	10000111 	.word	0x10000111
100000f0:	10000111 	.word	0x10000111
100000f4:	10000111 	.word	0x10000111
100000f8:	10000111 	.word	0x10000111
100000fc:	10000111 	.word	0x10000111
10000100:	10000111 	.word	0x10000111
10000104:	10000111 	.word	0x10000111
10000108:	10000111 	.word	0x10000111
1000010c:	10000111 	.word	0x10000111

10000110 <__unhandled_user_irq>:
10000110:	f3ef 8005 	mrs	r0, IPSR
10000114:	3810      	subs	r0, #16

10000116 <unhandled_user_irq_num_in_r0>:
10000116:	be00      	bkpt	0x0000

10000118 <isr_invalid>:
10000118:	be00      	bkpt	0x0000

1000011a <isr_nmi>:
1000011a:	be00      	bkpt	0x0000

1000011c <isr_hardfault>:
1000011c:	be00      	bkpt	0x0000

1000011e <isr_svcall>:
1000011e:	be00      	bkpt	0x0000

10000120 <isr_pendsv>:
10000120:	be00      	bkpt	0x0000

10000122 <isr_systick>:
10000122:	be00      	bkpt	0x0000

10000124 <__default_isrs_end>:
10000124:	7188ebf2 	.word	0x7188ebf2
10000128:	1000a3c0 	.word	0x1000a3c0
1000012c:	1000a3e4 	.word	0x1000a3e4
10000130:	100001a0 	.word	0x100001a0
10000134:	e71aa390 	.word	0xe71aa390

10000138 <__binary_info_header_end>:
10000138:	ffffded3 	.word	0xffffded3
1000013c:	10210142 	.word	0x10210142
10000140:	000001ff 	.word	0x000001ff
10000144:	0000b5c4 	.word	0x0000b5c4
10000148:	ab123579 	.word	0xab123579

1000014c <_entry_point>:
1000014c:	f04f 0000 	mov.w	r0, #0

10000150 <_enter_vtable_in_r0>:
10000150:	491e      	ldr	r1, [pc, #120]	@ (100001cc <data_cpy_table+0x2c>)
10000152:	6008      	str	r0, [r1, #0]
10000154:	c806      	ldmia	r0!, {r1, r2}
10000156:	f381 8808 	msr	MSP, r1
1000015a:	4710      	bx	r2

1000015c <_reset_handler>:
1000015c:	f04f 4050 	mov.w	r0, #3489660928	@ 0xd0000000
10000160:	6800      	ldr	r0, [r0, #0]
10000162:	b110      	cbz	r0, 1000016a <hold_non_core0_in_bootrom+0x6>

10000164 <hold_non_core0_in_bootrom>:
10000164:	f04f 0000 	mov.w	r0, #0
10000168:	e7f2      	b.n	10000150 <_enter_vtable_in_r0>
1000016a:	a40d      	add	r4, pc, #52	@ (adr r4, 100001a0 <data_cpy_table>)
1000016c:	cc0e      	ldmia	r4!, {r1, r2, r3}
1000016e:	2900      	cmp	r1, #0
10000170:	d002      	beq.n	10000178 <hold_non_core0_in_bootrom+0x14>
10000172:	f000 f812 	bl	1000019a <data_cpy>
10000176:	e7f9      	b.n	1000016c <hold_non_core0_in_bootrom+0x8>
10000178:	4915      	ldr	r1, [pc, #84]	@ (100001d0 <data_cpy_table+0x30>)
1000017a:	4a16      	ldr	r2, [pc, #88]	@ (100001d4 <data_cpy_table+0x34>)
1000017c:	2000      	movs	r0, #0
1000017e:	e000      	b.n	10000182 <bss_fill_test>

10000180 <bss_fill_loop>:
10000180:	c101      	stmia	r1!, {r0}

10000182 <bss_fill_test>:
10000182:	4291      	cmp	r1, r2
10000184:	d1fc      	bne.n	10000180 <bss_fill_loop>

10000186 <platform_entry>:
10000186:	4914      	ldr	r1, [pc, #80]	@ (100001d8 <data_cpy_table+0x38>)
10000188:	4788      	blx	r1
1000018a:	4914      	ldr	r1, [pc, #80]	@ (100001dc <data_cpy_table+0x3c>)
1000018c:	4788      	blx	r1
1000018e:	4914      	ldr	r1, [pc, #80]	@ (100001e0 <data_cpy_table+0x40>)
10000190:	4788      	blx	r1
10000192:	be00      	bkpt	0x0000
10000194:	e7fd      	b.n	10000192 <platform_entry+0xc>

10000196 <data_cpy_loop>:
10000196:	c901      	ldmia	r1!, {r0}
10000198:	c201      	stmia	r2!, {r0}

1000019a <data_cpy>:
1000019a:	429a      	cmp	r2, r3
1000019c:	d3fb      	bcc.n	10000196 <data_cpy_loop>
1000019e:	4770      	bx	lr

100001a0 <data_cpy_table>:
100001a0:	1000a3e4 	.word	0x1000a3e4
100001a4:	20000110 	.word	0x20000110
100001a8:	20001428 	.word	0x20001428
100001ac:	1000b6fc 	.word	0x1000b6fc
100001b0:	20080000 	.word	0x20080000
100001b4:	20080000 	.word	0x20080000
100001b8:	1000b6fc 	.word	0x1000b6fc
100001bc:	20081000 	.word	0x20081000
100001c0:	20081000 	.word	0x20081000
100001c4:	00000000 	.word	0x00000000
100001c8:	4770      	bx	lr
100001ca:	0000      	.short	0x0000
100001cc:	e000ed08 	.word	0xe000ed08
100001d0:	20001428 	.word	0x20001428
100001d4:	200021dc 	.word	0x200021dc
100001d8:	10004015 	.word	0x10004015
100001dc:	10000b55 	.word	0x10000b55
100001e0:	10003fd9 	.word	0x10003fd9

100001e4 <_init>:
100001e4:	b5f8      	push	{r3, r4, r5, r6, r7, lr}
100001e6:	bf00      	nop

100001e8 <register_tm_clones>:
100001e8:	4b06      	ldr	r3, [pc, #24]	@ (10000204 <register_tm_clones+0x1c>)
100001ea:	4907      	ldr	r1, [pc, #28]	@ (10000208 <register_tm_clones+0x20>)
100001ec:	1ac9      	subs	r1, r1, r3
100001ee:	1089      	asrs	r1, r1, #2
100001f0:	bf48      	it	mi
100001f2:	3101      	addmi	r1, #1
100001f4:	1049      	asrs	r1, r1, #1
100001f6:	d003      	beq.n	10000200 <register_tm_clones+0x18>
100001f8:	4b04      	ldr	r3, [pc, #16]	@ (1000020c <register_tm_clones+0x24>)
100001fa:	b10b      	cbz	r3, 10000200 <register_tm_clones+0x18>
100001fc:	4801      	ldr	r0, [pc, #4]	@ (10000204 <register_tm_clones+0x1c>)
100001fe:	4718      	bx	r3
10000200:	4770      	bx	lr
10000202:	bf00      	nop
10000204:	20001428 	.word	0x20001428
10000208:	20001428 	.word	0x20001428
1000020c:	00000000 	.word	0x00000000

10000210 <frame_dummy>:
10000210:	b508      	push	{r3, lr}
10000212:	4b05      	ldr	r3, [pc, #20]	@ (10000228 <frame_dummy+0x18>)
10000214:	b11b      	cbz	r3, 1000021e <frame_dummy+0xe>
10000216:	4905      	ldr	r1, [pc, #20]	@ (1000022c <frame_dummy+0x1c>)
10000218:	4805      	ldr	r0, [pc, #20]	@ (10000230 <frame_dummy+0x20>)
1000021a:	f3af 8000 	nop.w
1000021e:	e8bd 4008 	ldmia.w	sp!, {r3, lr}
10000222:	f7ff bfe1 	b.w	100001e8 <register_tm_clones>
10000226:	bf00      	nop
10000228:	00000000 	.word	0x00000000
1000022c:	2000216c 	.word	0x2000216c
10000230:	10008078 	.word	0x10008078

10000234 <draw_5_point_star>:
10000234:	b570      	push	{r4, r5, r6, lr}
10000236:	ed2d 8b04 	vpush	{d8-d9}
1000023a:	b08c      	sub	sp, #48	@ 0x30
1000023c:	4605      	mov	r5, r0
1000023e:	ee09 1a10 	vmov	s18, r1
10000242:	ee08 2a90 	vmov	s17, r2
10000246:	ee08 3a10 	vmov	s16, r3
1000024a:	ac02      	add	r4, sp, #8
1000024c:	4e36      	ldr	r6, [pc, #216]	@ (10000328 <draw_5_point_star+0xf4>)
1000024e:	ce0f      	ldmia	r6!, {r0, r1, r2, r3}
10000250:	c40f      	stmia	r4!, {r0, r1, r2, r3}
10000252:	ce0f      	ldmia	r6!, {r0, r1, r2, r3}
10000254:	c40f      	stmia	r4!, {r0, r1, r2, r3}
10000256:	e896 0003 	ldmia.w	r6, {r0, r1}
1000025a:	e884 0003 	stmia.w	r4, {r0, r1}
1000025e:	2400      	movs	r4, #0
10000260:	e05c      	b.n	1000031c <draw_5_point_star+0xe8>
10000262:	eef8 5ac9 	vcvt.f32.s32	s11, s18
10000266:	ab0c      	add	r3, sp, #48	@ 0x30
10000268:	eb03 0284 	add.w	r2, r3, r4, lsl #2
1000026c:	f832 3c28 	ldrh.w	r3, [r2, #-40]
10000270:	3b0f      	subs	r3, #15
10000272:	b21b      	sxth	r3, r3
10000274:	ee07 3a90 	vmov	s15, r3
10000278:	eef8 7ae7 	vcvt.f32.s32	s15, s15
1000027c:	ee67 7a88 	vmul.f32	s15, s15, s16
10000280:	ee75 7aa7 	vadd.f32	s15, s11, s15
10000284:	eef8 6ae8 	vcvt.f32.s32	s13, s17
10000288:	f832 3c26 	ldrh.w	r3, [r2, #-38]
1000028c:	3b10      	subs	r3, #16
1000028e:	b21b      	sxth	r3, r3
10000290:	ee07 3a10 	vmov	s14, r3
10000294:	eeb8 7ac7 	vcvt.f32.s32	s14, s14
10000298:	ee27 7a08 	vmul.f32	s14, s14, s16
1000029c:	ee36 7a87 	vadd.f32	s14, s13, s14
100002a0:	3401      	adds	r4, #1
100002a2:	4a22      	ldr	r2, [pc, #136]	@ (1000032c <draw_5_point_star+0xf8>)
100002a4:	fb82 3204 	smull	r3, r2, r2, r4
100002a8:	17e3      	asrs	r3, r4, #31
100002aa:	ebc3 03a2 	rsb	r3, r3, r2, asr #2
100002ae:	eb03 0383 	add.w	r3, r3, r3, lsl #2
100002b2:	eba4 0343 	sub.w	r3, r4, r3, lsl #1
100002b6:	aa0c      	add	r2, sp, #48	@ 0x30
100002b8:	eb02 0383 	add.w	r3, r2, r3, lsl #2
100002bc:	f833 2c28 	ldrh.w	r2, [r3, #-40]
100002c0:	3a0f      	subs	r2, #15
100002c2:	b212      	sxth	r2, r2
100002c4:	ee06 2a10 	vmov	s12, r2
100002c8:	eeb8 6ac6 	vcvt.f32.s32	s12, s12
100002cc:	ee26 6a08 	vmul.f32	s12, s12, s16
100002d0:	ee75 5a86 	vadd.f32	s11, s11, s12
100002d4:	f833 3c26 	ldrh.w	r3, [r3, #-38]
100002d8:	3b10      	subs	r3, #16
100002da:	b21b      	sxth	r3, r3
100002dc:	ee06 3a10 	vmov	s12, r3
100002e0:	eeb8 6ac6 	vcvt.f32.s32	s12, s12
100002e4:	ee26 6a08 	vmul.f32	s12, s12, s16
100002e8:	ee76 6a86 	vadd.f32	s13, s13, s12
100002ec:	eefc 5ae5 	vcvt.u32.f32	s11, s11
100002f0:	eebc 7ac7 	vcvt.u32.f32	s14, s14
100002f4:	eefc 7ae7 	vcvt.u32.f32	s15, s15
100002f8:	eefc 6ae6 	vcvt.u32.f32	s13, s13
100002fc:	ee16 3a90 	vmov	r3, s13
10000300:	b29b      	uxth	r3, r3
10000302:	9300      	str	r3, [sp, #0]
10000304:	ee15 3a90 	vmov	r3, s11
10000308:	b29b      	uxth	r3, r3
1000030a:	ee17 2a10 	vmov	r2, s14
1000030e:	b292      	uxth	r2, r2
10000310:	ee17 1a90 	vmov	r1, s15
10000314:	b289      	uxth	r1, r1
10000316:	4628      	mov	r0, r5
10000318:	f000 fdd5 	bl	10000ec6 <ssd1306_draw_line>
1000031c:	2c09      	cmp	r4, #9
1000031e:	dda0      	ble.n	10000262 <draw_5_point_star+0x2e>
10000320:	b00c      	add	sp, #48	@ 0x30
10000322:	ecbd 8b04 	vpop	{d8-d9}
10000326:	bd70      	pop	{r4, r5, r6, pc}
10000328:	10009dd4 	.word	0x10009dd4
1000032c:	66666667 	.word	0x66666667

10000330 <scan_i2c_bus>:
10000330:	b510      	push	{r4, lr}
10000332:	b084      	sub	sp, #16
10000334:	4919      	ldr	r1, [pc, #100]	@ (1000039c <scan_i2c_bus+0x6c>)
10000336:	481a      	ldr	r0, [pc, #104]	@ (100003a0 <scan_i2c_bus+0x70>)
10000338:	f007 f8ac 	bl	10007494 <i2c_init>
1000033c:	2103      	movs	r1, #3
1000033e:	2012      	movs	r0, #18
10000340:	f001 f89a 	bl	10001478 <gpio_set_function>
10000344:	2103      	movs	r1, #3
10000346:	2013      	movs	r0, #19
10000348:	f001 f896 	bl	10001478 <gpio_set_function>
1000034c:	2200      	movs	r2, #0
1000034e:	2101      	movs	r1, #1
10000350:	2012      	movs	r0, #18
10000352:	f001 f8ad 	bl	100014b0 <gpio_set_pulls>
10000356:	2200      	movs	r2, #0
10000358:	2101      	movs	r1, #1
1000035a:	2013      	movs	r0, #19
1000035c:	f001 f8a8 	bl	100014b0 <gpio_set_pulls>
10000360:	4810      	ldr	r0, [pc, #64]	@ (100003a4 <scan_i2c_bus+0x74>)
10000362:	f003 ff71 	bl	10004248 <__wrap_puts>
10000366:	2400      	movs	r4, #0
10000368:	e000      	b.n	1000036c <scan_i2c_bus+0x3c>
1000036a:	3401      	adds	r4, #1
1000036c:	2c7f      	cmp	r4, #127	@ 0x7f
1000036e:	dc0f      	bgt.n	10000390 <scan_i2c_bus+0x60>
10000370:	2300      	movs	r3, #0
10000372:	9300      	str	r3, [sp, #0]
10000374:	2301      	movs	r3, #1
10000376:	f10d 020f 	add.w	r2, sp, #15
1000037a:	b2e1      	uxtb	r1, r4
1000037c:	4808      	ldr	r0, [pc, #32]	@ (100003a0 <scan_i2c_bus+0x70>)
1000037e:	f007 f8bf 	bl	10007500 <i2c_read_blocking>
10000382:	2800      	cmp	r0, #0
10000384:	dbf1      	blt.n	1000036a <scan_i2c_bus+0x3a>
10000386:	4621      	mov	r1, r4
10000388:	4807      	ldr	r0, [pc, #28]	@ (100003a8 <scan_i2c_bus+0x78>)
1000038a:	f003 ff8d 	bl	100042a8 <__wrap_printf>
1000038e:	e7ec      	b.n	1000036a <scan_i2c_bus+0x3a>
10000390:	4806      	ldr	r0, [pc, #24]	@ (100003ac <scan_i2c_bus+0x7c>)
10000392:	f003 ff59 	bl	10004248 <__wrap_puts>
10000396:	b004      	add	sp, #16
10000398:	bd10      	pop	{r4, pc}
1000039a:	bf00      	nop
1000039c:	00061a80 	.word	0x00061a80
100003a0:	20000eb4 	.word	0x20000eb4
100003a4:	10008078 	.word	0x10008078
100003a8:	1000808c 	.word	0x1000808c
100003ac:	100080ac 	.word	0x100080ac

100003b0 <init_display>:
100003b0:	b570      	push	{r4, r5, r6, lr}
100003b2:	b082      	sub	sp, #8
100003b4:	4605      	mov	r5, r0
100003b6:	460c      	mov	r4, r1
100003b8:	4e10      	ldr	r6, [pc, #64]	@ (100003fc <init_display+0x4c>)
100003ba:	4911      	ldr	r1, [pc, #68]	@ (10000400 <init_display+0x50>)
100003bc:	4630      	mov	r0, r6
100003be:	f007 f869 	bl	10007494 <i2c_init>
100003c2:	2103      	movs	r1, #3
100003c4:	4628      	mov	r0, r5
100003c6:	f001 f857 	bl	10001478 <gpio_set_function>
100003ca:	2103      	movs	r1, #3
100003cc:	4620      	mov	r0, r4
100003ce:	f001 f853 	bl	10001478 <gpio_set_function>
100003d2:	2200      	movs	r2, #0
100003d4:	2101      	movs	r1, #1
100003d6:	4628      	mov	r0, r5
100003d8:	f001 f86a 	bl	100014b0 <gpio_set_pulls>
100003dc:	2200      	movs	r2, #0
100003de:	2101      	movs	r1, #1
100003e0:	4620      	mov	r0, r4
100003e2:	f001 f865 	bl	100014b0 <gpio_set_pulls>
100003e6:	2300      	movs	r3, #0
100003e8:	9301      	str	r3, [sp, #4]
100003ea:	9600      	str	r6, [sp, #0]
100003ec:	233c      	movs	r3, #60	@ 0x3c
100003ee:	2240      	movs	r2, #64	@ 0x40
100003f0:	2180      	movs	r1, #128	@ 0x80
100003f2:	4804      	ldr	r0, [pc, #16]	@ (10000404 <init_display+0x54>)
100003f4:	f000 ffa3 	bl	1000133e <ssd1306_init>
100003f8:	b002      	add	sp, #8
100003fa:	bd70      	pop	{r4, r5, r6, pc}
100003fc:	20000eb4 	.word	0x20000eb4
10000400:	00061a80 	.word	0x00061a80
10000404:	20001d38 	.word	0x20001d38

10000408 <demo_write>:
10000408:	b530      	push	{r4, r5, lr}
1000040a:	b083      	sub	sp, #12
1000040c:	4c13      	ldr	r4, [pc, #76]	@ (1000045c <demo_write+0x54>)
1000040e:	4620      	mov	r0, r4
10000410:	f000 fd03 	bl	10000e1a <ssd1306_clear>
10000414:	4b12      	ldr	r3, [pc, #72]	@ (10000460 <demo_write+0x58>)
10000416:	9300      	str	r3, [sp, #0]
10000418:	4b12      	ldr	r3, [pc, #72]	@ (10000464 <demo_write+0x5c>)
1000041a:	2205      	movs	r2, #5
1000041c:	4611      	mov	r1, r2
1000041e:	4620      	mov	r0, r4
10000420:	f000 ff30 	bl	10001284 <ssd1306_draw_str>
10000424:	4b10      	ldr	r3, [pc, #64]	@ (10000468 <demo_write+0x60>)
10000426:	9300      	str	r3, [sp, #0]
10000428:	4b10      	ldr	r3, [pc, #64]	@ (1000046c <demo_write+0x64>)
1000042a:	2216      	movs	r2, #22
1000042c:	2105      	movs	r1, #5
1000042e:	4620      	mov	r0, r4
10000430:	f000 ff28 	bl	10001284 <ssd1306_draw_str>
10000434:	4d0e      	ldr	r5, [pc, #56]	@ (10000470 <demo_write+0x68>)
10000436:	9500      	str	r5, [sp, #0]
10000438:	4b0e      	ldr	r3, [pc, #56]	@ (10000474 <demo_write+0x6c>)
1000043a:	2220      	movs	r2, #32
1000043c:	2105      	movs	r1, #5
1000043e:	4620      	mov	r0, r4
10000440:	f000 ff20 	bl	10001284 <ssd1306_draw_str>
10000444:	9500      	str	r5, [sp, #0]
10000446:	4b0c      	ldr	r3, [pc, #48]	@ (10000478 <demo_write+0x70>)
10000448:	2234      	movs	r2, #52	@ 0x34
1000044a:	2105      	movs	r1, #5
1000044c:	4620      	mov	r0, r4
1000044e:	f000 ff19 	bl	10001284 <ssd1306_draw_str>
10000452:	4620      	mov	r0, r4
10000454:	f000 fcf0 	bl	10000e38 <ssd1306_show>
10000458:	b003      	add	sp, #12
1000045a:	bd30      	pop	{r4, r5, pc}
1000045c:	20001d38 	.word	0x20001d38
10000460:	1000969c 	.word	0x1000969c
10000464:	100080bc 	.word	0x100080bc
10000468:	100099a4 	.word	0x100099a4
1000046c:	100080cc 	.word	0x100080cc
10000470:	10009bec 	.word	0x10009bec
10000474:	100080dc 	.word	0x100080dc
10000478:	100080f0 	.word	0x100080f0

1000047c <demo_contrast>:
1000047c:	e92d 41f0 	stmdb	sp!, {r4, r5, r6, r7, r8, lr}
10000480:	b088      	sub	sp, #32
10000482:	4c28      	ldr	r4, [pc, #160]	@ (10000524 <demo_contrast+0xa8>)
10000484:	4620      	mov	r0, r4
10000486:	f000 fcc8 	bl	10000e1a <ssd1306_clear>
1000048a:	8863      	ldrh	r3, [r4, #2]
1000048c:	9300      	str	r3, [sp, #0]
1000048e:	8823      	ldrh	r3, [r4, #0]
10000490:	2200      	movs	r2, #0
10000492:	4611      	mov	r1, r2
10000494:	4620      	mov	r0, r4
10000496:	f000 fedf 	bl	10001258 <ssd1306_fill_rect>
1000049a:	4620      	mov	r0, r4
1000049c:	f000 fccc 	bl	10000e38 <ssd1306_show>
100004a0:	231c      	movs	r3, #28
100004a2:	2600      	movs	r6, #0
100004a4:	2720      	movs	r7, #32
100004a6:	e002      	b.n	100004ae <demo_contrast+0x32>
100004a8:	2b00      	cmp	r3, #0
100004aa:	dd31      	ble.n	10000510 <demo_contrast+0x94>
100004ac:	462b      	mov	r3, r5
100004ae:	1e5d      	subs	r5, r3, #1
100004b0:	b22d      	sxth	r5, r5
100004b2:	b383      	cbz	r3, 10000516 <demo_contrast+0x9a>
100004b4:	4c1b      	ldr	r4, [pc, #108]	@ (10000524 <demo_contrast+0xa8>)
100004b6:	b2f1      	uxtb	r1, r6
100004b8:	4620      	mov	r0, r4
100004ba:	f000 fcef 	bl	10000e9c <ssd1306_contrast>
100004be:	2310      	movs	r3, #16
100004c0:	9300      	str	r3, [sp, #0]
100004c2:	2370      	movs	r3, #112	@ 0x70
100004c4:	220a      	movs	r2, #10
100004c6:	2108      	movs	r1, #8
100004c8:	4620      	mov	r0, r4
100004ca:	f000 fed0 	bl	1000126e <ssd1306_clear_rect>
100004ce:	f10d 080c 	add.w	r8, sp, #12
100004d2:	4632      	mov	r2, r6
100004d4:	4914      	ldr	r1, [pc, #80]	@ (10000528 <demo_contrast+0xac>)
100004d6:	4640      	mov	r0, r8
100004d8:	f003 fd3a 	bl	10003f50 <__wrap_sprintf>
100004dc:	4b13      	ldr	r3, [pc, #76]	@ (1000052c <demo_contrast+0xb0>)
100004de:	9300      	str	r3, [sp, #0]
100004e0:	4643      	mov	r3, r8
100004e2:	220e      	movs	r2, #14
100004e4:	210c      	movs	r1, #12
100004e6:	4620      	mov	r0, r4
100004e8:	f000 fecc 	bl	10001284 <ssd1306_draw_str>
100004ec:	4620      	mov	r0, r4
100004ee:	f000 fca3 	bl	10000e38 <ssd1306_show>
100004f2:	2064      	movs	r0, #100	@ 0x64
100004f4:	f001 fefa 	bl	100022ec <sleep_ms>
100004f8:	b2ba      	uxth	r2, r7
100004fa:	1993      	adds	r3, r2, r6
100004fc:	b21b      	sxth	r3, r3
100004fe:	f383 0608 	usat	r6, #8, r3
10000502:	2bfe      	cmp	r3, #254	@ 0xfe
10000504:	ddd0      	ble.n	100004a8 <demo_contrast+0x2c>
10000506:	2f00      	cmp	r7, #0
10000508:	ddce      	ble.n	100004a8 <demo_contrast+0x2c>
1000050a:	4252      	negs	r2, r2
1000050c:	b217      	sxth	r7, r2
1000050e:	e7cd      	b.n	100004ac <demo_contrast+0x30>
10000510:	2f00      	cmp	r7, #0
10000512:	dacb      	bge.n	100004ac <demo_contrast+0x30>
10000514:	e7f9      	b.n	1000050a <demo_contrast+0x8e>
10000516:	21ff      	movs	r1, #255	@ 0xff
10000518:	4802      	ldr	r0, [pc, #8]	@ (10000524 <demo_contrast+0xa8>)
1000051a:	f000 fcbf 	bl	10000e9c <ssd1306_contrast>
1000051e:	b008      	add	sp, #32
10000520:	e8bd 81f0 	ldmia.w	sp!, {r4, r5, r6, r7, r8, pc}
10000524:	20001d38 	.word	0x20001d38
10000528:	10008108 	.word	0x10008108
1000052c:	1000969c 	.word	0x1000969c

10000530 <demo_invert>:
10000530:	b510      	push	{r4, lr}
10000532:	b082      	sub	sp, #8
10000534:	4c15      	ldr	r4, [pc, #84]	@ (1000058c <demo_invert+0x5c>)
10000536:	4620      	mov	r0, r4
10000538:	f000 fc6f 	bl	10000e1a <ssd1306_clear>
1000053c:	4b14      	ldr	r3, [pc, #80]	@ (10000590 <demo_invert+0x60>)
1000053e:	9300      	str	r3, [sp, #0]
10000540:	4b14      	ldr	r3, [pc, #80]	@ (10000594 <demo_invert+0x64>)
10000542:	2219      	movs	r2, #25
10000544:	210a      	movs	r1, #10
10000546:	4620      	mov	r0, r4
10000548:	f000 fe9c 	bl	10001284 <ssd1306_draw_str>
1000054c:	4620      	mov	r0, r4
1000054e:	f000 fc73 	bl	10000e38 <ssd1306_show>
10000552:	f44f 70fa 	mov.w	r0, #500	@ 0x1f4
10000556:	f001 fec9 	bl	100022ec <sleep_ms>
1000055a:	2101      	movs	r1, #1
1000055c:	4620      	mov	r0, r4
1000055e:	f000 fc63 	bl	10000e28 <ssd1306_invert>
10000562:	4620      	mov	r0, r4
10000564:	f000 fc68 	bl	10000e38 <ssd1306_show>
10000568:	f44f 70fa 	mov.w	r0, #500	@ 0x1f4
1000056c:	f001 febe 	bl	100022ec <sleep_ms>
10000570:	2100      	movs	r1, #0
10000572:	4620      	mov	r0, r4
10000574:	f000 fc58 	bl	10000e28 <ssd1306_invert>
10000578:	4620      	mov	r0, r4
1000057a:	f000 fc5d 	bl	10000e38 <ssd1306_show>
1000057e:	f44f 70fa 	mov.w	r0, #500	@ 0x1f4
10000582:	f001 feb3 	bl	100022ec <sleep_ms>
10000586:	b002      	add	sp, #8
10000588:	bd10      	pop	{r4, pc}
1000058a:	bf00      	nop
1000058c:	20001d38 	.word	0x20001d38
10000590:	1000969c 	.word	0x1000969c
10000594:	10008118 	.word	0x10008118

10000598 <demo_pixel_drawing>:
10000598:	e92d 47f0 	stmdb	sp!, {r4, r5, r6, r7, r8, r9, sl, lr}
1000059c:	b082      	sub	sp, #8
1000059e:	4c27      	ldr	r4, [pc, #156]	@ (1000063c <demo_pixel_drawing+0xa4>)
100005a0:	f8b4 9000 	ldrh.w	r9, [r4]
100005a4:	ea4f 0959 	mov.w	r9, r9, lsr #1
100005a8:	4620      	mov	r0, r4
100005aa:	f000 fc36 	bl	10000e1a <ssd1306_clear>
100005ae:	8863      	ldrh	r3, [r4, #2]
100005b0:	9300      	str	r3, [sp, #0]
100005b2:	464b      	mov	r3, r9
100005b4:	2200      	movs	r2, #0
100005b6:	4611      	mov	r1, r2
100005b8:	4620      	mov	r0, r4
100005ba:	f000 fe4d 	bl	10001258 <ssd1306_fill_rect>
100005be:	f04f 0a00 	mov.w	sl, #0
100005c2:	e034      	b.n	1000062e <demo_pixel_drawing+0x96>
100005c4:	f007 fa78 	bl	10007ab8 <rand>
100005c8:	fb90 f3f9 	sdiv	r3, r0, r9
100005cc:	fb09 0413 	mls	r4, r9, r3, r0
100005d0:	fa19 f484 	uxtah	r4, r9, r4
100005d4:	b2a4      	uxth	r4, r4
100005d6:	f007 fa6f 	bl	10007ab8 <rand>
100005da:	f8df 8060 	ldr.w	r8, [pc, #96]	@ 1000063c <demo_pixel_drawing+0xa4>
100005de:	f8b8 3002 	ldrh.w	r3, [r8, #2]
100005e2:	fb90 f2f3 	sdiv	r2, r0, r3
100005e6:	fb03 0012 	mls	r0, r3, r2, r0
100005ea:	b287      	uxth	r7, r0
100005ec:	f007 fa64 	bl	10007ab8 <rand>
100005f0:	fb90 f3f9 	sdiv	r3, r0, r9
100005f4:	fb09 0013 	mls	r0, r9, r3, r0
100005f8:	b285      	uxth	r5, r0
100005fa:	f007 fa5d 	bl	10007ab8 <rand>
100005fe:	f8b8 3002 	ldrh.w	r3, [r8, #2]
10000602:	fb90 f2f3 	sdiv	r2, r0, r3
10000606:	fb03 0012 	mls	r0, r3, r2, r0
1000060a:	b286      	uxth	r6, r0
1000060c:	463a      	mov	r2, r7
1000060e:	4621      	mov	r1, r4
10000610:	4640      	mov	r0, r8
10000612:	f000 fc4e 	bl	10000eb2 <ssd1306_draw_pixel>
10000616:	4632      	mov	r2, r6
10000618:	4629      	mov	r1, r5
1000061a:	4640      	mov	r0, r8
1000061c:	f000 fc4e 	bl	10000ebc <ssd1306_clear_pixel>
10000620:	4640      	mov	r0, r8
10000622:	f000 fc09 	bl	10000e38 <ssd1306_show>
10000626:	f10a 0a01 	add.w	sl, sl, #1
1000062a:	fa1f fa8a 	uxth.w	sl, sl
1000062e:	f1ba 0f63 	cmp.w	sl, #99	@ 0x63
10000632:	d9c7      	bls.n	100005c4 <demo_pixel_drawing+0x2c>
10000634:	b002      	add	sp, #8
10000636:	e8bd 87f0 	ldmia.w	sp!, {r4, r5, r6, r7, r8, r9, sl, pc}
1000063a:	bf00      	nop
1000063c:	20001d38 	.word	0x20001d38

10000640 <demo_lines>:
10000640:	b5f0      	push	{r4, r5, r6, r7, lr}
10000642:	b087      	sub	sp, #28
10000644:	4d29      	ldr	r5, [pc, #164]	@ (100006ec <demo_lines+0xac>)
10000646:	4628      	mov	r0, r5
10000648:	f000 fbe7 	bl	10000e1a <ssd1306_clear>
1000064c:	2400      	movs	r4, #0
1000064e:	f8ad 4014 	strh.w	r4, [sp, #20]
10000652:	f8ad 4016 	strh.w	r4, [sp, #22]
10000656:	882f      	ldrh	r7, [r5, #0]
10000658:	3f01      	subs	r7, #1
1000065a:	b2bf      	uxth	r7, r7
1000065c:	f8ad 7010 	strh.w	r7, [sp, #16]
10000660:	f8ad 4012 	strh.w	r4, [sp, #18]
10000664:	f8ad 400c 	strh.w	r4, [sp, #12]
10000668:	886e      	ldrh	r6, [r5, #2]
1000066a:	3e01      	subs	r6, #1
1000066c:	b2b6      	uxth	r6, r6
1000066e:	f8ad 600e 	strh.w	r6, [sp, #14]
10000672:	f8ad 7008 	strh.w	r7, [sp, #8]
10000676:	f8ad 600a 	strh.w	r6, [sp, #10]
1000067a:	9400      	str	r4, [sp, #0]
1000067c:	463b      	mov	r3, r7
1000067e:	4622      	mov	r2, r4
10000680:	4621      	mov	r1, r4
10000682:	4628      	mov	r0, r5
10000684:	f000 fc1f 	bl	10000ec6 <ssd1306_draw_line>
10000688:	9600      	str	r6, [sp, #0]
1000068a:	463b      	mov	r3, r7
1000068c:	4622      	mov	r2, r4
1000068e:	4639      	mov	r1, r7
10000690:	4628      	mov	r0, r5
10000692:	f000 fc18 	bl	10000ec6 <ssd1306_draw_line>
10000696:	9600      	str	r6, [sp, #0]
10000698:	4623      	mov	r3, r4
1000069a:	4632      	mov	r2, r6
1000069c:	4639      	mov	r1, r7
1000069e:	4628      	mov	r0, r5
100006a0:	f000 fc11 	bl	10000ec6 <ssd1306_draw_line>
100006a4:	9400      	str	r4, [sp, #0]
100006a6:	4623      	mov	r3, r4
100006a8:	4632      	mov	r2, r6
100006aa:	4621      	mov	r1, r4
100006ac:	4628      	mov	r0, r5
100006ae:	f000 fc0a 	bl	10000ec6 <ssd1306_draw_line>
100006b2:	882b      	ldrh	r3, [r5, #0]
100006b4:	886a      	ldrh	r2, [r5, #2]
100006b6:	3b01      	subs	r3, #1
100006b8:	3a01      	subs	r2, #1
100006ba:	b292      	uxth	r2, r2
100006bc:	9200      	str	r2, [sp, #0]
100006be:	b29b      	uxth	r3, r3
100006c0:	4622      	mov	r2, r4
100006c2:	4621      	mov	r1, r4
100006c4:	4628      	mov	r0, r5
100006c6:	f000 fbfe 	bl	10000ec6 <ssd1306_draw_line>
100006ca:	886a      	ldrh	r2, [r5, #2]
100006cc:	882b      	ldrh	r3, [r5, #0]
100006ce:	3b01      	subs	r3, #1
100006d0:	3a01      	subs	r2, #1
100006d2:	9400      	str	r4, [sp, #0]
100006d4:	b29b      	uxth	r3, r3
100006d6:	b292      	uxth	r2, r2
100006d8:	4621      	mov	r1, r4
100006da:	4628      	mov	r0, r5
100006dc:	f000 fbf3 	bl	10000ec6 <ssd1306_draw_line>
100006e0:	4628      	mov	r0, r5
100006e2:	f000 fba9 	bl	10000e38 <ssd1306_show>
100006e6:	b007      	add	sp, #28
100006e8:	bdf0      	pop	{r4, r5, r6, r7, pc}
100006ea:	bf00      	nop
100006ec:	20001d38 	.word	0x20001d38

100006f0 <demo_scaling_star>:
100006f0:	b5f8      	push	{r3, r4, r5, r6, r7, lr}
100006f2:	ed2d 8b02 	vpush	{d8}
100006f6:	4b29      	ldr	r3, [pc, #164]	@ (1000079c <demo_scaling_star+0xac>)
100006f8:	881f      	ldrh	r7, [r3, #0]
100006fa:	087f      	lsrs	r7, r7, #1
100006fc:	3f14      	subs	r7, #20
100006fe:	b2bf      	uxth	r7, r7
10000700:	885e      	ldrh	r6, [r3, #2]
10000702:	0876      	lsrs	r6, r6, #1
10000704:	3e0f      	subs	r6, #15
10000706:	b2b6      	uxth	r6, r6
10000708:	eddf 8a25 	vldr	s17, [pc, #148]	@ 100007a0 <demo_scaling_star+0xb0>
1000070c:	ed9f 8a25 	vldr	s16, [pc, #148]	@ 100007a4 <demo_scaling_star+0xb4>
10000710:	2505      	movs	r5, #5
10000712:	e004      	b.n	1000071e <demo_scaling_star+0x2e>
10000714:	eef1 8a68 	vneg.f32	s17, s17
10000718:	3d01      	subs	r5, #1
1000071a:	ee38 8a28 	vadd.f32	s16, s16, s17
1000071e:	b3d5      	cbz	r5, 10000796 <demo_scaling_star+0xa6>
10000720:	4c1e      	ldr	r4, [pc, #120]	@ (1000079c <demo_scaling_star+0xac>)
10000722:	4620      	mov	r0, r4
10000724:	f000 fb79 	bl	10000e1a <ssd1306_clear>
10000728:	eef2 7a04 	vmov.f32	s15, #36	@ 0x41200000  10.0
1000072c:	ee68 7a27 	vmul.f32	s15, s16, s15
10000730:	eefd 7ae7 	vcvt.s32.f32	s15, s15
10000734:	ee17 1a90 	vmov	r1, s15
10000738:	eef2 7a0e 	vmov.f32	s15, #46	@ 0x41700000  15.0
1000073c:	ee68 7a27 	vmul.f32	s15, s16, s15
10000740:	eefd 7ae7 	vcvt.s32.f32	s15, s15
10000744:	ee17 2a90 	vmov	r2, s15
10000748:	fa16 f282 	uxtah	r2, r6, r2
1000074c:	fa17 f181 	uxtah	r1, r7, r1
10000750:	ee18 3a10 	vmov	r3, s16
10000754:	b292      	uxth	r2, r2
10000756:	b289      	uxth	r1, r1
10000758:	4620      	mov	r0, r4
1000075a:	f7ff fd6b 	bl	10000234 <draw_5_point_star>
1000075e:	4620      	mov	r0, r4
10000760:	f000 fb6a 	bl	10000e38 <ssd1306_show>
10000764:	eef0 7a08 	vmov.f32	s15, #8	@ 0x40400000  3.0
10000768:	eeb4 8ae7 	vcmpe.f32	s16, s15
1000076c:	eef1 fa10 	vmrs	APSR_nzcv, fpscr
10000770:	dd04      	ble.n	1000077c <demo_scaling_star+0x8c>
10000772:	eef5 8ac0 	vcmpe.f32	s17, #0.0
10000776:	eef1 fa10 	vmrs	APSR_nzcv, fpscr
1000077a:	dccb      	bgt.n	10000714 <demo_scaling_star+0x24>
1000077c:	eddf 7a0a 	vldr	s15, [pc, #40]	@ 100007a8 <demo_scaling_star+0xb8>
10000780:	eeb4 8ae7 	vcmpe.f32	s16, s15
10000784:	eef1 fa10 	vmrs	APSR_nzcv, fpscr
10000788:	d5c7      	bpl.n	1000071a <demo_scaling_star+0x2a>
1000078a:	eef5 8ac0 	vcmpe.f32	s17, #0.0
1000078e:	eef1 fa10 	vmrs	APSR_nzcv, fpscr
10000792:	d5c2      	bpl.n	1000071a <demo_scaling_star+0x2a>
10000794:	e7be      	b.n	10000714 <demo_scaling_star+0x24>
10000796:	ecbd 8b02 	vpop	{d8}
1000079a:	bdf8      	pop	{r3, r4, r5, r6, r7, pc}
1000079c:	20001d38 	.word	0x20001d38
100007a0:	3dcccccd 	.word	0x3dcccccd
100007a4:	3f19999a 	.word	0x3f19999a
100007a8:	3f4ccccd 	.word	0x3f4ccccd

100007ac <demo_scrolling_stars>:
100007ac:	b530      	push	{r4, r5, lr}
100007ae:	b083      	sub	sp, #12
100007b0:	4831      	ldr	r0, [pc, #196]	@ (10000878 <demo_scrolling_stars+0xcc>)
100007b2:	f000 fb32 	bl	10000e1a <ssd1306_clear>
100007b6:	250a      	movs	r5, #10
100007b8:	e00d      	b.n	100007d6 <demo_scrolling_stars+0x2a>
100007ba:	4b30      	ldr	r3, [pc, #192]	@ (1000087c <demo_scrolling_stars+0xd0>)
100007bc:	462a      	mov	r2, r5
100007be:	4621      	mov	r1, r4
100007c0:	482d      	ldr	r0, [pc, #180]	@ (10000878 <demo_scrolling_stars+0xcc>)
100007c2:	f7ff fd37 	bl	10000234 <draw_5_point_star>
100007c6:	3419      	adds	r4, #25
100007c8:	b2a4      	uxth	r4, r4
100007ca:	4b2b      	ldr	r3, [pc, #172]	@ (10000878 <demo_scrolling_stars+0xcc>)
100007cc:	881b      	ldrh	r3, [r3, #0]
100007ce:	42a3      	cmp	r3, r4
100007d0:	d8f3      	bhi.n	100007ba <demo_scrolling_stars+0xe>
100007d2:	3510      	adds	r5, #16
100007d4:	b2ad      	uxth	r5, r5
100007d6:	4b28      	ldr	r3, [pc, #160]	@ (10000878 <demo_scrolling_stars+0xcc>)
100007d8:	885b      	ldrh	r3, [r3, #2]
100007da:	42ab      	cmp	r3, r5
100007dc:	d906      	bls.n	100007ec <demo_scrolling_stars+0x40>
100007de:	f015 0f10 	tst.w	r5, #16
100007e2:	d001      	beq.n	100007e8 <demo_scrolling_stars+0x3c>
100007e4:	2413      	movs	r4, #19
100007e6:	e7f0      	b.n	100007ca <demo_scrolling_stars+0x1e>
100007e8:	240a      	movs	r4, #10
100007ea:	e7ee      	b.n	100007ca <demo_scrolling_stars+0x1e>
100007ec:	4822      	ldr	r0, [pc, #136]	@ (10000878 <demo_scrolling_stars+0xcc>)
100007ee:	f000 fb23 	bl	10000e38 <ssd1306_show>
100007f2:	2400      	movs	r4, #0
100007f4:	e008      	b.n	10000808 <demo_scrolling_stars+0x5c>
100007f6:	4d20      	ldr	r5, [pc, #128]	@ (10000878 <demo_scrolling_stars+0xcc>)
100007f8:	2101      	movs	r1, #1
100007fa:	4628      	mov	r0, r5
100007fc:	f000 fdec 	bl	100013d8 <ssd1306_scroll_row_vert>
10000800:	4628      	mov	r0, r5
10000802:	f000 fb19 	bl	10000e38 <ssd1306_show>
10000806:	3401      	adds	r4, #1
10000808:	4b1b      	ldr	r3, [pc, #108]	@ (10000878 <demo_scrolling_stars+0xcc>)
1000080a:	885b      	ldrh	r3, [r3, #2]
1000080c:	42a3      	cmp	r3, r4
1000080e:	dcf2      	bgt.n	100007f6 <demo_scrolling_stars+0x4a>
10000810:	4d19      	ldr	r5, [pc, #100]	@ (10000878 <demo_scrolling_stars+0xcc>)
10000812:	88ab      	ldrh	r3, [r5, #4]
10000814:	3b01      	subs	r3, #1
10000816:	2400      	movs	r4, #0
10000818:	9400      	str	r4, [sp, #0]
1000081a:	b2db      	uxtb	r3, r3
1000081c:	4622      	mov	r2, r4
1000081e:	2101      	movs	r1, #1
10000820:	4628      	mov	r0, r5
10000822:	f000 fdac 	bl	1000137e <ssd1306_scroll_horiz>
10000826:	f240 50dc 	movw	r0, #1500	@ 0x5dc
1000082a:	f001 fd5f 	bl	100022ec <sleep_ms>
1000082e:	4628      	mov	r0, r5
10000830:	f000 fd80 	bl	10001334 <ssd1306_scroll_horiz_stop>
10000834:	e008      	b.n	10000848 <demo_scrolling_stars+0x9c>
10000836:	4d10      	ldr	r5, [pc, #64]	@ (10000878 <demo_scrolling_stars+0xcc>)
10000838:	2100      	movs	r1, #0
1000083a:	4628      	mov	r0, r5
1000083c:	f000 fdcc 	bl	100013d8 <ssd1306_scroll_row_vert>
10000840:	4628      	mov	r0, r5
10000842:	f000 faf9 	bl	10000e38 <ssd1306_show>
10000846:	3401      	adds	r4, #1
10000848:	4b0b      	ldr	r3, [pc, #44]	@ (10000878 <demo_scrolling_stars+0xcc>)
1000084a:	885b      	ldrh	r3, [r3, #2]
1000084c:	42a3      	cmp	r3, r4
1000084e:	dcf2      	bgt.n	10000836 <demo_scrolling_stars+0x8a>
10000850:	4c09      	ldr	r4, [pc, #36]	@ (10000878 <demo_scrolling_stars+0xcc>)
10000852:	88a3      	ldrh	r3, [r4, #4]
10000854:	3b01      	subs	r3, #1
10000856:	2100      	movs	r1, #0
10000858:	9100      	str	r1, [sp, #0]
1000085a:	b2db      	uxtb	r3, r3
1000085c:	460a      	mov	r2, r1
1000085e:	4620      	mov	r0, r4
10000860:	f000 fd8d 	bl	1000137e <ssd1306_scroll_horiz>
10000864:	f240 50dc 	movw	r0, #1500	@ 0x5dc
10000868:	f001 fd40 	bl	100022ec <sleep_ms>
1000086c:	4620      	mov	r0, r4
1000086e:	f000 fd61 	bl	10001334 <ssd1306_scroll_horiz_stop>
10000872:	b003      	add	sp, #12
10000874:	bd30      	pop	{r4, r5, pc}
10000876:	bf00      	nop
10000878:	20001d38 	.word	0x20001d38
1000087c:	3ee66666 	.word	0x3ee66666

10000880 <demo_rectangles>:
10000880:	e92d 43f0 	stmdb	sp!, {r4, r5, r6, r7, r8, r9, lr}
10000884:	b083      	sub	sp, #12
10000886:	4b1c      	ldr	r3, [pc, #112]	@ (100008f8 <demo_rectangles+0x78>)
10000888:	881f      	ldrh	r7, [r3, #0]
1000088a:	087f      	lsrs	r7, r7, #1
1000088c:	885e      	ldrh	r6, [r3, #2]
1000088e:	0876      	lsrs	r6, r6, #1
10000890:	2500      	movs	r5, #0
10000892:	f04f 090a 	mov.w	r9, #10
10000896:	464b      	mov	r3, r9
10000898:	f109 39ff 	add.w	r9, r9, #4294967295
1000089c:	b343      	cbz	r3, 100008f0 <demo_rectangles+0x70>
1000089e:	f04f 0800 	mov.w	r8, #0
100008a2:	e01d      	b.n	100008e0 <demo_rectangles+0x60>
100008a4:	f3c4 024f 	ubfx	r2, r4, #1, #16
100008a8:	1ab9      	subs	r1, r7, r2
100008aa:	fa15 f181 	uxtah	r1, r5, r1
100008ae:	b289      	uxth	r1, r1
100008b0:	3964      	subs	r1, #100	@ 0x64
100008b2:	1ab2      	subs	r2, r6, r2
100008b4:	9400      	str	r4, [sp, #0]
100008b6:	4623      	mov	r3, r4
100008b8:	b212      	sxth	r2, r2
100008ba:	b209      	sxth	r1, r1
100008bc:	480e      	ldr	r0, [pc, #56]	@ (100008f8 <demo_rectangles+0x78>)
100008be:	f000 fb75 	bl	10000fac <ssd1306_draw_rect>
100008c2:	340f      	adds	r4, #15
100008c4:	b2a4      	uxth	r4, r4
100008c6:	4b0c      	ldr	r3, [pc, #48]	@ (100008f8 <demo_rectangles+0x78>)
100008c8:	881b      	ldrh	r3, [r3, #0]
100008ca:	ebb4 0f43 	cmp.w	r4, r3, lsl #1
100008ce:	dbe9      	blt.n	100008a4 <demo_rectangles+0x24>
100008d0:	4809      	ldr	r0, [pc, #36]	@ (100008f8 <demo_rectangles+0x78>)
100008d2:	f000 fab1 	bl	10000e38 <ssd1306_show>
100008d6:	3501      	adds	r5, #1
100008d8:	f108 0801 	add.w	r8, r8, #1
100008dc:	fa1f f888 	uxth.w	r8, r8
100008e0:	f1b8 0f0e 	cmp.w	r8, #14
100008e4:	d8d7      	bhi.n	10000896 <demo_rectangles+0x16>
100008e6:	4804      	ldr	r0, [pc, #16]	@ (100008f8 <demo_rectangles+0x78>)
100008e8:	f000 fa97 	bl	10000e1a <ssd1306_clear>
100008ec:	4644      	mov	r4, r8
100008ee:	e7ea      	b.n	100008c6 <demo_rectangles+0x46>
100008f0:	b003      	add	sp, #12
100008f2:	e8bd 83f0 	ldmia.w	sp!, {r4, r5, r6, r7, r8, r9, pc}
100008f6:	bf00      	nop
100008f8:	20001d38 	.word	0x20001d38

100008fc <demo_ellipses>:
100008fc:	e92d 4ff0 	stmdb	sp!, {r4, r5, r6, r7, r8, r9, sl, fp, lr}
10000900:	b085      	sub	sp, #20
10000902:	4b31      	ldr	r3, [pc, #196]	@ (100009c8 <demo_ellipses+0xcc>)
10000904:	f8b3 8000 	ldrh.w	r8, [r3]
10000908:	ea4f 0858 	mov.w	r8, r8, lsr #1
1000090c:	885f      	ldrh	r7, [r3, #2]
1000090e:	087e      	lsrs	r6, r7, #1
10000910:	4637      	mov	r7, r6
10000912:	f04f 0b05 	mov.w	fp, #5
10000916:	e048      	b.n	100009aa <demo_ellipses+0xae>
10000918:	f1ab 020a 	sub.w	r2, fp, #10
1000091c:	4e2a      	ldr	r6, [pc, #168]	@ (100009c8 <demo_ellipses+0xcc>)
1000091e:	9500      	str	r5, [sp, #0]
10000920:	4623      	mov	r3, r4
10000922:	b212      	sxth	r2, r2
10000924:	f06f 0113 	mvn.w	r1, #19
10000928:	4630      	mov	r0, r6
1000092a:	f000 fb7f 	bl	1000102c <ssd1306_draw_ellipse>
1000092e:	8831      	ldrh	r1, [r6, #0]
10000930:	3114      	adds	r1, #20
10000932:	f10b 020a 	add.w	r2, fp, #10
10000936:	9500      	str	r5, [sp, #0]
10000938:	4623      	mov	r3, r4
1000093a:	b212      	sxth	r2, r2
1000093c:	b209      	sxth	r1, r1
1000093e:	4630      	mov	r0, r6
10000940:	f000 fb74 	bl	1000102c <ssd1306_draw_ellipse>
10000944:	3414      	adds	r4, #20
10000946:	b2a4      	uxth	r4, r4
10000948:	3505      	adds	r5, #5
1000094a:	b2ad      	uxth	r5, r5
1000094c:	f10a 0a14 	add.w	sl, sl, #20
10000950:	fa1f fa8a 	uxth.w	sl, sl
10000954:	4b1c      	ldr	r3, [pc, #112]	@ (100009c8 <demo_ellipses+0xcc>)
10000956:	881b      	ldrh	r3, [r3, #0]
10000958:	ebba 0f43 	cmp.w	sl, r3, lsl #1
1000095c:	dbdc      	blt.n	10000918 <demo_ellipses+0x1c>
1000095e:	9e03      	ldr	r6, [sp, #12]
10000960:	464c      	mov	r4, r9
10000962:	e007      	b.n	10000974 <demo_ellipses+0x78>
10000964:	4623      	mov	r3, r4
10000966:	463a      	mov	r2, r7
10000968:	4641      	mov	r1, r8
1000096a:	4817      	ldr	r0, [pc, #92]	@ (100009c8 <demo_ellipses+0xcc>)
1000096c:	f000 fc6c 	bl	10001248 <ssd1306_draw_circle>
10000970:	3414      	adds	r4, #20
10000972:	b2a4      	uxth	r4, r4
10000974:	4b14      	ldr	r3, [pc, #80]	@ (100009c8 <demo_ellipses+0xcc>)
10000976:	881b      	ldrh	r3, [r3, #0]
10000978:	42a3      	cmp	r3, r4
1000097a:	d2f3      	bcs.n	10000964 <demo_ellipses+0x68>
1000097c:	4812      	ldr	r0, [pc, #72]	@ (100009c8 <demo_ellipses+0xcc>)
1000097e:	f000 fa5b 	bl	10000e38 <ssd1306_show>
10000982:	f109 0901 	add.w	r9, r9, #1
10000986:	fa1f f989 	uxth.w	r9, r9
1000098a:	f1b9 0f13 	cmp.w	r9, #19
1000098e:	d809      	bhi.n	100009a4 <demo_ellipses+0xa8>
10000990:	480d      	ldr	r0, [pc, #52]	@ (100009c8 <demo_ellipses+0xcc>)
10000992:	f000 fa42 	bl	10000e1a <ssd1306_clear>
10000996:	ea4f 0599 	mov.w	r5, r9, lsr #2
1000099a:	464c      	mov	r4, r9
1000099c:	f04f 0a00 	mov.w	sl, #0
100009a0:	9603      	str	r6, [sp, #12]
100009a2:	e7d7      	b.n	10000954 <demo_ellipses+0x58>
100009a4:	4633      	mov	r3, r6
100009a6:	465e      	mov	r6, fp
100009a8:	469b      	mov	fp, r3
100009aa:	465b      	mov	r3, fp
100009ac:	f10b 3bff 	add.w	fp, fp, #4294967295
100009b0:	fa1f fb8b 	uxth.w	fp, fp
100009b4:	b12b      	cbz	r3, 100009c2 <demo_ellipses+0xc6>
100009b6:	f04f 0900 	mov.w	r9, #0
100009ba:	465b      	mov	r3, fp
100009bc:	46b3      	mov	fp, r6
100009be:	461e      	mov	r6, r3
100009c0:	e7e3      	b.n	1000098a <demo_ellipses+0x8e>
100009c2:	b005      	add	sp, #20
100009c4:	e8bd 8ff0 	ldmia.w	sp!, {r4, r5, r6, r7, r8, r9, sl, fp, pc}
100009c8:	20001d38 	.word	0x20001d38

100009cc <demo_fills>:
100009cc:	e92d 4ff0 	stmdb	sp!, {r4, r5, r6, r7, r8, r9, sl, fp, lr}
100009d0:	b083      	sub	sp, #12
100009d2:	4b34      	ldr	r3, [pc, #208]	@ (10000aa4 <demo_fills+0xd8>)
100009d4:	f8b3 9000 	ldrh.w	r9, [r3]
100009d8:	ea4f 0999 	mov.w	r9, r9, lsr #2
100009dc:	f8b3 8002 	ldrh.w	r8, [r3, #2]
100009e0:	ea4f 0858 	mov.w	r8, r8, lsr #1
100009e4:	f04f 0b05 	mov.w	fp, #5
100009e8:	465b      	mov	r3, fp
100009ea:	f10b 3bff 	add.w	fp, fp, #4294967295
100009ee:	fa1f fb8b 	uxth.w	fp, fp
100009f2:	2b00      	cmp	r3, #0
100009f4:	d053      	beq.n	10000a9e <demo_fills+0xd2>
100009f6:	f04f 0a00 	mov.w	sl, #0
100009fa:	e045      	b.n	10000a88 <demo_fills+0xbc>
100009fc:	1d71      	adds	r1, r6, #5
100009fe:	1d7a      	adds	r2, r7, #5
10000a00:	f1a4 030a 	sub.w	r3, r4, #10
10000a04:	ee07 3a90 	vmov	s15, r3
10000a08:	eef8 7ae7 	vcvt.f32.s32	s15, s15
10000a0c:	eeb7 7a0c 	vmov.f32	s14, #124	@ 0x3fe00000  1.750
10000a10:	ee67 7a87 	vmul.f32	s15, s15, s14
10000a14:	eefc 7ae7 	vcvt.u32.f32	s15, s15
10000a18:	f1a5 030a 	sub.w	r3, r5, #10
10000a1c:	b29b      	uxth	r3, r3
10000a1e:	9300      	str	r3, [sp, #0]
10000a20:	ee17 3a90 	vmov	r3, s15
10000a24:	b29b      	uxth	r3, r3
10000a26:	b212      	sxth	r2, r2
10000a28:	b209      	sxth	r1, r1
10000a2a:	481e      	ldr	r0, [pc, #120]	@ (10000aa4 <demo_fills+0xd8>)
10000a2c:	f000 fc1f 	bl	1000126e <ssd1306_clear_rect>
10000a30:	3d14      	subs	r5, #20
10000a32:	b22c      	sxth	r4, r5
10000a34:	2c00      	cmp	r4, #0
10000a36:	dd20      	ble.n	10000a7a <demo_fills+0xae>
10000a38:	eb04 72d4 	add.w	r2, r4, r4, lsr #31
10000a3c:	f3c2 024f 	ubfx	r2, r2, #1, #16
10000a40:	eba9 0102 	sub.w	r1, r9, r2
10000a44:	b28e      	uxth	r6, r1
10000a46:	eba8 0202 	sub.w	r2, r8, r2
10000a4a:	b297      	uxth	r7, r2
10000a4c:	ee07 4a90 	vmov	s15, r4
10000a50:	eef8 7ae7 	vcvt.f32.s32	s15, s15
10000a54:	eeb7 7a0c 	vmov.f32	s14, #124	@ 0x3fe00000  1.750
10000a58:	ee67 7a87 	vmul.f32	s15, s15, s14
10000a5c:	b2a5      	uxth	r5, r4
10000a5e:	eefc 7ae7 	vcvt.u32.f32	s15, s15
10000a62:	9500      	str	r5, [sp, #0]
10000a64:	ee17 3a90 	vmov	r3, s15
10000a68:	b29b      	uxth	r3, r3
10000a6a:	b212      	sxth	r2, r2
10000a6c:	b209      	sxth	r1, r1
10000a6e:	480d      	ldr	r0, [pc, #52]	@ (10000aa4 <demo_fills+0xd8>)
10000a70:	f000 fbf2 	bl	10001258 <ssd1306_fill_rect>
10000a74:	2c0a      	cmp	r4, #10
10000a76:	dddb      	ble.n	10000a30 <demo_fills+0x64>
10000a78:	e7c0      	b.n	100009fc <demo_fills+0x30>
10000a7a:	480a      	ldr	r0, [pc, #40]	@ (10000aa4 <demo_fills+0xd8>)
10000a7c:	f000 f9dc 	bl	10000e38 <ssd1306_show>
10000a80:	f10a 0a01 	add.w	sl, sl, #1
10000a84:	fa1f fa8a 	uxth.w	sl, sl
10000a88:	f1ba 0f13 	cmp.w	sl, #19
10000a8c:	d8ac      	bhi.n	100009e8 <demo_fills+0x1c>
10000a8e:	4c05      	ldr	r4, [pc, #20]	@ (10000aa4 <demo_fills+0xd8>)
10000a90:	4620      	mov	r0, r4
10000a92:	f000 f9c2 	bl	10000e1a <ssd1306_clear>
10000a96:	8864      	ldrh	r4, [r4, #2]
10000a98:	4454      	add	r4, sl
10000a9a:	b224      	sxth	r4, r4
10000a9c:	e7ca      	b.n	10000a34 <demo_fills+0x68>
10000a9e:	b003      	add	sp, #12
10000aa0:	e8bd 8ff0 	ldmia.w	sp!, {r4, r5, r6, r7, r8, r9, sl, fp, pc}
10000aa4:	20001d38 	.word	0x20001d38

10000aa8 <demo_power_onoff>:
10000aa8:	b530      	push	{r4, r5, lr}
10000aaa:	b083      	sub	sp, #12
10000aac:	4c16      	ldr	r4, [pc, #88]	@ (10000b08 <demo_power_onoff+0x60>)
10000aae:	4620      	mov	r0, r4
10000ab0:	f000 f9b3 	bl	10000e1a <ssd1306_clear>
10000ab4:	4d15      	ldr	r5, [pc, #84]	@ (10000b0c <demo_power_onoff+0x64>)
10000ab6:	9500      	str	r5, [sp, #0]
10000ab8:	4b15      	ldr	r3, [pc, #84]	@ (10000b10 <demo_power_onoff+0x68>)
10000aba:	2219      	movs	r2, #25
10000abc:	2105      	movs	r1, #5
10000abe:	4620      	mov	r0, r4
10000ac0:	f000 fbe0 	bl	10001284 <ssd1306_draw_str>
10000ac4:	4620      	mov	r0, r4
10000ac6:	f000 f9b7 	bl	10000e38 <ssd1306_show>
10000aca:	f44f 707a 	mov.w	r0, #1000	@ 0x3e8
10000ace:	f001 fc0d 	bl	100022ec <sleep_ms>
10000ad2:	4620      	mov	r0, r4
10000ad4:	f000 f997 	bl	10000e06 <ssd1306_power_off>
10000ad8:	f44f 707a 	mov.w	r0, #1000	@ 0x3e8
10000adc:	f001 fc06 	bl	100022ec <sleep_ms>
10000ae0:	4620      	mov	r0, r4
10000ae2:	f000 f995 	bl	10000e10 <ssd1306_power_on>
10000ae6:	9500      	str	r5, [sp, #0]
10000ae8:	4b0a      	ldr	r3, [pc, #40]	@ (10000b14 <demo_power_onoff+0x6c>)
10000aea:	222d      	movs	r2, #45	@ 0x2d
10000aec:	2105      	movs	r1, #5
10000aee:	4620      	mov	r0, r4
10000af0:	f000 fbc8 	bl	10001284 <ssd1306_draw_str>
10000af4:	4620      	mov	r0, r4
10000af6:	f000 f99f 	bl	10000e38 <ssd1306_show>
10000afa:	f44f 707a 	mov.w	r0, #1000	@ 0x3e8
10000afe:	f001 fbf5 	bl	100022ec <sleep_ms>
10000b02:	b003      	add	sp, #12
10000b04:	bd30      	pop	{r4, r5, pc}
10000b06:	bf00      	nop
10000b08:	20001d38 	.word	0x20001d38
10000b0c:	1000969c 	.word	0x1000969c
10000b10:	10008128 	.word	0x10008128
10000b14:	10008138 	.word	0x10008138

10000b18 <demo_scroll_oversize_image>:
10000b18:	b538      	push	{r3, r4, r5, lr}
10000b1a:	2400      	movs	r4, #0
10000b1c:	e00f      	b.n	10000b3e <demo_scroll_oversize_image+0x26>
10000b1e:	4d0b      	ldr	r5, [pc, #44]	@ (10000b4c <demo_scroll_oversize_image+0x34>)
10000b20:	4628      	mov	r0, r5
10000b22:	f000 f97a 	bl	10000e1a <ssd1306_clear>
10000b26:	4262      	negs	r2, r4
10000b28:	4b09      	ldr	r3, [pc, #36]	@ (10000b50 <demo_scroll_oversize_image+0x38>)
10000b2a:	b292      	uxth	r2, r2
10000b2c:	2100      	movs	r1, #0
10000b2e:	4628      	mov	r0, r5
10000b30:	f000 fbce 	bl	100012d0 <ssd1306_draw_image>
10000b34:	4628      	mov	r0, r5
10000b36:	f000 f97f 	bl	10000e38 <ssd1306_show>
10000b3a:	3401      	adds	r4, #1
10000b3c:	b2a4      	uxth	r4, r4
10000b3e:	4b03      	ldr	r3, [pc, #12]	@ (10000b4c <demo_scroll_oversize_image+0x34>)
10000b40:	885b      	ldrh	r3, [r3, #2]
10000b42:	f1c3 03c4 	rsb	r3, r3, #196	@ 0xc4
10000b46:	429c      	cmp	r4, r3
10000b48:	dbe9      	blt.n	10000b1e <demo_scroll_oversize_image+0x6>
10000b4a:	bd38      	pop	{r3, r4, r5, pc}
10000b4c:	20001d38 	.word	0x20001d38
10000b50:	10008a50 	.word	0x10008a50

10000b54 <main>:
10000b54:	b538      	push	{r3, r4, r5, lr}
10000b56:	2019      	movs	r0, #25
10000b58:	f000 fcc6 	bl	100014e8 <gpio_init>
10000b5c:	2319      	movs	r3, #25
10000b5e:	f04f 0201 	mov.w	r2, #1
10000b62:	ec42 3044 	gpioc_bit_oe_put r3, r2
10000b66:	2400      	movs	r4, #0
10000b68:	e00f      	b.n	10000b8a <main+0x36>
10000b6a:	2519      	movs	r5, #25
10000b6c:	f04f 0301 	mov.w	r3, #1
10000b70:	ec43 5040 	gpioc_bit_out_put r5, r3
10000b74:	20c8      	movs	r0, #200	@ 0xc8
10000b76:	f001 fbb9 	bl	100022ec <sleep_ms>
10000b7a:	f04f 0300 	mov.w	r3, #0
10000b7e:	ec43 5040 	gpioc_bit_out_put r5, r3
10000b82:	20c8      	movs	r0, #200	@ 0xc8
10000b84:	f001 fbb2 	bl	100022ec <sleep_ms>
10000b88:	3401      	adds	r4, #1
10000b8a:	2c05      	cmp	r4, #5
10000b8c:	dded      	ble.n	10000b6a <main+0x16>
10000b8e:	f003 fb57 	bl	10004240 <stdio_init_all>
10000b92:	481f      	ldr	r0, [pc, #124]	@ (10000c10 <main+0xbc>)
10000b94:	f003 fb58 	bl	10004248 <__wrap_puts>
10000b98:	f640 30b8 	movw	r0, #3000	@ 0xbb8
10000b9c:	f001 fba6 	bl	100022ec <sleep_ms>
10000ba0:	f7ff fbc6 	bl	10000330 <scan_i2c_bus>
10000ba4:	2113      	movs	r1, #19
10000ba6:	2012      	movs	r0, #18
10000ba8:	f7ff fc02 	bl	100003b0 <init_display>
10000bac:	f7ff fc2c 	bl	10000408 <demo_write>
10000bb0:	f44f 60fa 	mov.w	r0, #2000	@ 0x7d0
10000bb4:	f001 fb9a 	bl	100022ec <sleep_ms>
10000bb8:	f7ff fc60 	bl	1000047c <demo_contrast>
10000bbc:	f240 20ee 	movw	r0, #750	@ 0x2ee
10000bc0:	f001 fb94 	bl	100022ec <sleep_ms>
10000bc4:	f7ff fcb4 	bl	10000530 <demo_invert>
10000bc8:	f240 20ee 	movw	r0, #750	@ 0x2ee
10000bcc:	f001 fb8e 	bl	100022ec <sleep_ms>
10000bd0:	f7ff fce2 	bl	10000598 <demo_pixel_drawing>
10000bd4:	f7ff fd8c 	bl	100006f0 <demo_scaling_star>
10000bd8:	f7ff fde8 	bl	100007ac <demo_scrolling_stars>
10000bdc:	f240 20ee 	movw	r0, #750	@ 0x2ee
10000be0:	f001 fb84 	bl	100022ec <sleep_ms>
10000be4:	f7ff ff98 	bl	10000b18 <demo_scroll_oversize_image>
10000be8:	f240 20ee 	movw	r0, #750	@ 0x2ee
10000bec:	f001 fb7e 	bl	100022ec <sleep_ms>
10000bf0:	f7ff fd26 	bl	10000640 <demo_lines>
10000bf4:	f240 20ee 	movw	r0, #750	@ 0x2ee
10000bf8:	f001 fb78 	bl	100022ec <sleep_ms>
10000bfc:	f7ff fe40 	bl	10000880 <demo_rectangles>
10000c00:	f7ff fe7c 	bl	100008fc <demo_ellipses>
10000c04:	f7ff fee2 	bl	100009cc <demo_fills>
10000c08:	f7ff ff4e 	bl	10000aa8 <demo_power_onoff>
10000c0c:	e7ce      	b.n	10000bac <main+0x58>
10000c0e:	bf00      	nop
10000c10:	10008140 	.word	0x10008140

10000c14 <draw_pixel>:
10000c14:	f8b0 c000 	ldrh.w	ip, [r0]
10000c18:	458c      	cmp	ip, r1
10000c1a:	d91f      	bls.n	10000c5c <draw_pixel+0x48>
10000c1c:	b510      	push	{r4, lr}
10000c1e:	f8b0 e002 	ldrh.w	lr, [r0, #2]
10000c22:	4596      	cmp	lr, r2
10000c24:	d90b      	bls.n	10000c3e <draw_pixel+0x2a>
10000c26:	b15b      	cbz	r3, 10000c40 <draw_pixel+0x2c>
10000c28:	6900      	ldr	r0, [r0, #16]
10000c2a:	08d3      	lsrs	r3, r2, #3
10000c2c:	fb0c 1103 	mla	r1, ip, r3, r1
10000c30:	5c43      	ldrb	r3, [r0, r1]
10000c32:	f002 0407 	and.w	r4, r2, #7
10000c36:	2201      	movs	r2, #1
10000c38:	40a2      	lsls	r2, r4
10000c3a:	4313      	orrs	r3, r2
10000c3c:	5443      	strb	r3, [r0, r1]
10000c3e:	bd10      	pop	{r4, pc}
10000c40:	6904      	ldr	r4, [r0, #16]
10000c42:	08d3      	lsrs	r3, r2, #3
10000c44:	fb0c 1103 	mla	r1, ip, r3, r1
10000c48:	5c63      	ldrb	r3, [r4, r1]
10000c4a:	f002 0207 	and.w	r2, r2, #7
10000c4e:	2001      	movs	r0, #1
10000c50:	fa00 f202 	lsl.w	r2, r0, r2
10000c54:	ea23 0302 	bic.w	r3, r3, r2
10000c58:	5463      	strb	r3, [r4, r1]
10000c5a:	e7f0      	b.n	10000c3e <draw_pixel+0x2a>
10000c5c:	4770      	bx	lr

10000c5e <fill_rect>:
10000c5e:	e92d 47f0 	stmdb	sp!, {r4, r5, r6, r7, r8, r9, sl, lr}
10000c62:	4607      	mov	r7, r0
10000c64:	f89d 8024 	ldrb.w	r8, [sp, #36]	@ 0x24
10000c68:	ea21 71e1 	bic.w	r1, r1, r1, asr #31
10000c6c:	b28d      	uxth	r5, r1
10000c6e:	ea22 72e2 	bic.w	r2, r2, r2, asr #31
10000c72:	fa1f f982 	uxth.w	r9, r2
10000c76:	442b      	add	r3, r5
10000c78:	b29a      	uxth	r2, r3
10000c7a:	f8bd 3020 	ldrh.w	r3, [sp, #32]
10000c7e:	444b      	add	r3, r9
10000c80:	b29b      	uxth	r3, r3
10000c82:	f8b0 a000 	ldrh.w	sl, [r0]
10000c86:	4592      	cmp	sl, r2
10000c88:	bf28      	it	cs
10000c8a:	4692      	movcs	sl, r2
10000c8c:	8846      	ldrh	r6, [r0, #2]
10000c8e:	429e      	cmp	r6, r3
10000c90:	bf28      	it	cs
10000c92:	461e      	movcs	r6, r3
10000c94:	e00b      	b.n	10000cae <fill_rect+0x50>
10000c96:	4643      	mov	r3, r8
10000c98:	4622      	mov	r2, r4
10000c9a:	4629      	mov	r1, r5
10000c9c:	4638      	mov	r0, r7
10000c9e:	f7ff ffb9 	bl	10000c14 <draw_pixel>
10000ca2:	3401      	adds	r4, #1
10000ca4:	b2a4      	uxth	r4, r4
10000ca6:	42b4      	cmp	r4, r6
10000ca8:	d3f5      	bcc.n	10000c96 <fill_rect+0x38>
10000caa:	3501      	adds	r5, #1
10000cac:	b2ad      	uxth	r5, r5
10000cae:	4555      	cmp	r5, sl
10000cb0:	d201      	bcs.n	10000cb6 <fill_rect+0x58>
10000cb2:	464c      	mov	r4, r9
10000cb4:	e7f7      	b.n	10000ca6 <fill_rect+0x48>
10000cb6:	e8bd 87f0 	ldmia.w	sp!, {r4, r5, r6, r7, r8, r9, sl, pc}

10000cba <draw_char>:
10000cba:	e92d 4ff8 	stmdb	sp!, {r3, r4, r5, r6, r7, r8, r9, sl, fp, lr}
10000cbe:	4682      	mov	sl, r0
10000cc0:	4689      	mov	r9, r1
10000cc2:	4690      	mov	r8, r2
10000cc4:	469b      	mov	fp, r3
10000cc6:	9f0a      	ldr	r7, [sp, #40]	@ 0x28
10000cc8:	2600      	movs	r6, #0
10000cca:	e012      	b.n	10000cf2 <draw_char+0x38>
10000ccc:	eb04 0208 	add.w	r2, r4, r8
10000cd0:	eb06 0109 	add.w	r1, r6, r9
10000cd4:	f005 0301 	and.w	r3, r5, #1
10000cd8:	b292      	uxth	r2, r2
10000cda:	b289      	uxth	r1, r1
10000cdc:	4650      	mov	r0, sl
10000cde:	f7ff ff99 	bl	10000c14 <draw_pixel>
10000ce2:	086d      	lsrs	r5, r5, #1
10000ce4:	3401      	adds	r4, #1
10000ce6:	b2e4      	uxtb	r4, r4
10000ce8:	797b      	ldrb	r3, [r7, #5]
10000cea:	42a3      	cmp	r3, r4
10000cec:	d8ee      	bhi.n	10000ccc <draw_char+0x12>
10000cee:	3601      	adds	r6, #1
10000cf0:	b2f6      	uxtb	r6, r6
10000cf2:	7939      	ldrb	r1, [r7, #4]
10000cf4:	42b1      	cmp	r1, r6
10000cf6:	d909      	bls.n	10000d0c <draw_char+0x52>
10000cf8:	683a      	ldr	r2, [r7, #0]
10000cfa:	f89b 3000 	ldrb.w	r3, [fp]
10000cfe:	79b8      	ldrb	r0, [r7, #6]
10000d00:	1a1b      	subs	r3, r3, r0
10000d02:	fb01 6303 	mla	r3, r1, r3, r6
10000d06:	5cd5      	ldrb	r5, [r2, r3]
10000d08:	2400      	movs	r4, #0
10000d0a:	e7ed      	b.n	10000ce8 <draw_char+0x2e>
10000d0c:	e8bd 8ff8 	ldmia.w	sp!, {r3, r4, r5, r6, r7, r8, r9, sl, fp, pc}

10000d10 <write_command>:
10000d10:	b500      	push	{lr}
10000d12:	b085      	sub	sp, #20
10000d14:	2300      	movs	r3, #0
10000d16:	f88d 300c 	strb.w	r3, [sp, #12]
10000d1a:	f88d 100d 	strb.w	r1, [sp, #13]
10000d1e:	9300      	str	r3, [sp, #0]
10000d20:	2302      	movs	r3, #2
10000d22:	aa03      	add	r2, sp, #12
10000d24:	7981      	ldrb	r1, [r0, #6]
10000d26:	6880      	ldr	r0, [r0, #8]
10000d28:	f006 fbde 	bl	100074e8 <i2c_write_blocking>
10000d2c:	b005      	add	sp, #20
10000d2e:	f85d fb04 	ldr.w	pc, [sp], #4

10000d32 <run_init_commands>:
10000d32:	b530      	push	{r4, r5, lr}
10000d34:	b089      	sub	sp, #36	@ 0x24
10000d36:	4605      	mov	r5, r0
10000d38:	23ae      	movs	r3, #174	@ 0xae
10000d3a:	f88d 3004 	strb.w	r3, [sp, #4]
10000d3e:	23a8      	movs	r3, #168	@ 0xa8
10000d40:	f88d 3005 	strb.w	r3, [sp, #5]
10000d44:	8843      	ldrh	r3, [r0, #2]
10000d46:	1e5a      	subs	r2, r3, #1
10000d48:	f88d 2006 	strb.w	r2, [sp, #6]
10000d4c:	22d3      	movs	r2, #211	@ 0xd3
10000d4e:	f88d 2007 	strb.w	r2, [sp, #7]
10000d52:	2200      	movs	r2, #0
10000d54:	f88d 2008 	strb.w	r2, [sp, #8]
10000d58:	2240      	movs	r2, #64	@ 0x40
10000d5a:	f88d 2009 	strb.w	r2, [sp, #9]
10000d5e:	22a1      	movs	r2, #161	@ 0xa1
10000d60:	f88d 200a 	strb.w	r2, [sp, #10]
10000d64:	22c8      	movs	r2, #200	@ 0xc8
10000d66:	f88d 200b 	strb.w	r2, [sp, #11]
10000d6a:	22da      	movs	r2, #218	@ 0xda
10000d6c:	f88d 200c 	strb.w	r2, [sp, #12]
10000d70:	8802      	ldrh	r2, [r0, #0]
10000d72:	ebb2 0f43 	cmp.w	r2, r3, lsl #1
10000d76:	dd33      	ble.n	10000de0 <run_init_commands+0xae>
10000d78:	2302      	movs	r3, #2
10000d7a:	f88d 300d 	strb.w	r3, [sp, #13]
10000d7e:	2381      	movs	r3, #129	@ 0x81
10000d80:	f88d 300e 	strb.w	r3, [sp, #14]
10000d84:	23ff      	movs	r3, #255	@ 0xff
10000d86:	f88d 300f 	strb.w	r3, [sp, #15]
10000d8a:	23a4      	movs	r3, #164	@ 0xa4
10000d8c:	f88d 3010 	strb.w	r3, [sp, #16]
10000d90:	23a6      	movs	r3, #166	@ 0xa6
10000d92:	f88d 3011 	strb.w	r3, [sp, #17]
10000d96:	23d5      	movs	r3, #213	@ 0xd5
10000d98:	f88d 3012 	strb.w	r3, [sp, #18]
10000d9c:	2380      	movs	r3, #128	@ 0x80
10000d9e:	f88d 3013 	strb.w	r3, [sp, #19]
10000da2:	238d      	movs	r3, #141	@ 0x8d
10000da4:	f88d 3014 	strb.w	r3, [sp, #20]
10000da8:	7b2b      	ldrb	r3, [r5, #12]
10000daa:	b1db      	cbz	r3, 10000de4 <run_init_commands+0xb2>
10000dac:	2210      	movs	r2, #16
10000dae:	f88d 2015 	strb.w	r2, [sp, #21]
10000db2:	22d9      	movs	r2, #217	@ 0xd9
10000db4:	f88d 2016 	strb.w	r2, [sp, #22]
10000db8:	b1b3      	cbz	r3, 10000de8 <run_init_commands+0xb6>
10000dba:	2322      	movs	r3, #34	@ 0x22
10000dbc:	f88d 3017 	strb.w	r3, [sp, #23]
10000dc0:	23db      	movs	r3, #219	@ 0xdb
10000dc2:	f88d 3018 	strb.w	r3, [sp, #24]
10000dc6:	2330      	movs	r3, #48	@ 0x30
10000dc8:	f88d 3019 	strb.w	r3, [sp, #25]
10000dcc:	2320      	movs	r3, #32
10000dce:	f88d 301a 	strb.w	r3, [sp, #26]
10000dd2:	2400      	movs	r4, #0
10000dd4:	f88d 401b 	strb.w	r4, [sp, #27]
10000dd8:	23af      	movs	r3, #175	@ 0xaf
10000dda:	f88d 301c 	strb.w	r3, [sp, #28]
10000dde:	e00e      	b.n	10000dfe <run_init_commands+0xcc>
10000de0:	2312      	movs	r3, #18
10000de2:	e7ca      	b.n	10000d7a <run_init_commands+0x48>
10000de4:	2214      	movs	r2, #20
10000de6:	e7e2      	b.n	10000dae <run_init_commands+0x7c>
10000de8:	23f1      	movs	r3, #241	@ 0xf1
10000dea:	e7e7      	b.n	10000dbc <run_init_commands+0x8a>
10000dec:	f104 0320 	add.w	r3, r4, #32
10000df0:	446b      	add	r3, sp
10000df2:	f813 1c1c 	ldrb.w	r1, [r3, #-28]
10000df6:	4628      	mov	r0, r5
10000df8:	f7ff ff8a 	bl	10000d10 <write_command>
10000dfc:	3401      	adds	r4, #1
10000dfe:	2c18      	cmp	r4, #24
10000e00:	d9f4      	bls.n	10000dec <run_init_commands+0xba>
10000e02:	b009      	add	sp, #36	@ 0x24
10000e04:	bd30      	pop	{r4, r5, pc}

10000e06 <ssd1306_power_off>:
10000e06:	b508      	push	{r3, lr}
10000e08:	21ae      	movs	r1, #174	@ 0xae
10000e0a:	f7ff ff81 	bl	10000d10 <write_command>
10000e0e:	bd08      	pop	{r3, pc}

10000e10 <ssd1306_power_on>:
10000e10:	b508      	push	{r3, lr}
10000e12:	21af      	movs	r1, #175	@ 0xaf
10000e14:	f7ff ff7c 	bl	10000d10 <write_command>
10000e18:	bd08      	pop	{r3, pc}

10000e1a <ssd1306_clear>:
10000e1a:	b508      	push	{r3, lr}
10000e1c:	6942      	ldr	r2, [r0, #20]
10000e1e:	2100      	movs	r1, #0
10000e20:	6900      	ldr	r0, [r0, #16]
10000e22:	f006 fe69 	bl	10007af8 <memset>
10000e26:	bd08      	pop	{r3, pc}

10000e28 <ssd1306_invert>:
10000e28:	b508      	push	{r3, lr}
10000e2a:	f001 0101 	and.w	r1, r1, #1
10000e2e:	f041 01a6 	orr.w	r1, r1, #166	@ 0xa6
10000e32:	f7ff ff6d 	bl	10000d10 <write_command>
10000e36:	bd08      	pop	{r3, pc}

10000e38 <ssd1306_show>:
10000e38:	b530      	push	{r4, r5, lr}
10000e3a:	b085      	sub	sp, #20
10000e3c:	4605      	mov	r5, r0
10000e3e:	2321      	movs	r3, #33	@ 0x21
10000e40:	f88d 3008 	strb.w	r3, [sp, #8]
10000e44:	2400      	movs	r4, #0
10000e46:	f88d 4009 	strb.w	r4, [sp, #9]
10000e4a:	8803      	ldrh	r3, [r0, #0]
10000e4c:	3b01      	subs	r3, #1
10000e4e:	f88d 300a 	strb.w	r3, [sp, #10]
10000e52:	2322      	movs	r3, #34	@ 0x22
10000e54:	f88d 300b 	strb.w	r3, [sp, #11]
10000e58:	f88d 400c 	strb.w	r4, [sp, #12]
10000e5c:	8883      	ldrh	r3, [r0, #4]
10000e5e:	3b01      	subs	r3, #1
10000e60:	f88d 300d 	strb.w	r3, [sp, #13]
10000e64:	e008      	b.n	10000e78 <ssd1306_show+0x40>
10000e66:	f104 0310 	add.w	r3, r4, #16
10000e6a:	446b      	add	r3, sp
10000e6c:	f813 1c08 	ldrb.w	r1, [r3, #-8]
10000e70:	4628      	mov	r0, r5
10000e72:	f7ff ff4d 	bl	10000d10 <write_command>
10000e76:	3401      	adds	r4, #1
10000e78:	2c05      	cmp	r4, #5
10000e7a:	d9f4      	bls.n	10000e66 <ssd1306_show+0x2e>
10000e7c:	692b      	ldr	r3, [r5, #16]
10000e7e:	2240      	movs	r2, #64	@ 0x40
10000e80:	f803 2c01 	strb.w	r2, [r3, #-1]
10000e84:	692a      	ldr	r2, [r5, #16]
10000e86:	696b      	ldr	r3, [r5, #20]
10000e88:	2100      	movs	r1, #0
10000e8a:	9100      	str	r1, [sp, #0]
10000e8c:	3301      	adds	r3, #1
10000e8e:	3a01      	subs	r2, #1
10000e90:	79a9      	ldrb	r1, [r5, #6]
10000e92:	68a8      	ldr	r0, [r5, #8]
10000e94:	f006 fb28 	bl	100074e8 <i2c_write_blocking>
10000e98:	b005      	add	sp, #20
10000e9a:	bd30      	pop	{r4, r5, pc}

10000e9c <ssd1306_contrast>:
10000e9c:	b538      	push	{r3, r4, r5, lr}
10000e9e:	4604      	mov	r4, r0
10000ea0:	460d      	mov	r5, r1
10000ea2:	2181      	movs	r1, #129	@ 0x81
10000ea4:	f7ff ff34 	bl	10000d10 <write_command>
10000ea8:	4629      	mov	r1, r5
10000eaa:	4620      	mov	r0, r4
10000eac:	f7ff ff30 	bl	10000d10 <write_command>
10000eb0:	bd38      	pop	{r3, r4, r5, pc}

10000eb2 <ssd1306_draw_pixel>:
10000eb2:	b508      	push	{r3, lr}
10000eb4:	2301      	movs	r3, #1
10000eb6:	f7ff fead 	bl	10000c14 <draw_pixel>
10000eba:	bd08      	pop	{r3, pc}

10000ebc <ssd1306_clear_pixel>:
10000ebc:	b508      	push	{r3, lr}
10000ebe:	2300      	movs	r3, #0
10000ec0:	f7ff fea8 	bl	10000c14 <draw_pixel>
10000ec4:	bd08      	pop	{r3, pc}

10000ec6 <ssd1306_draw_line>:
10000ec6:	e92d 4ff0 	stmdb	sp!, {r4, r5, r6, r7, r8, r9, sl, fp, lr}
10000eca:	b083      	sub	sp, #12
10000ecc:	4680      	mov	r8, r0
10000ece:	460d      	mov	r5, r1
10000ed0:	4614      	mov	r4, r2
10000ed2:	4699      	mov	r9, r3
10000ed4:	f8bd b030 	ldrh.w	fp, [sp, #48]	@ 0x30
10000ed8:	1a5e      	subs	r6, r3, r1
10000eda:	b236      	sxth	r6, r6
10000edc:	ebab 0702 	sub.w	r7, fp, r2
10000ee0:	b23f      	sxth	r7, r7
10000ee2:	2e00      	cmp	r6, #0
10000ee4:	db17      	blt.n	10000f16 <ssd1306_draw_line+0x50>
10000ee6:	2301      	movs	r3, #1
10000ee8:	9300      	str	r3, [sp, #0]
10000eea:	2f00      	cmp	r7, #0
10000eec:	db19      	blt.n	10000f22 <ssd1306_draw_line+0x5c>
10000eee:	f04f 0a01 	mov.w	sl, #1
10000ef2:	2301      	movs	r3, #1
10000ef4:	4622      	mov	r2, r4
10000ef6:	4629      	mov	r1, r5
10000ef8:	4640      	mov	r0, r8
10000efa:	f7ff fe8b 	bl	10000c14 <draw_pixel>
10000efe:	42be      	cmp	r6, r7
10000f00:	dd2f      	ble.n	10000f62 <ssd1306_draw_line+0x9c>
10000f02:	007f      	lsls	r7, r7, #1
10000f04:	b2bf      	uxth	r7, r7
10000f06:	b2b6      	uxth	r6, r6
10000f08:	eba7 0b06 	sub.w	fp, r7, r6
10000f0c:	fa0f fb8b 	sxth.w	fp, fp
10000f10:	9601      	str	r6, [sp, #4]
10000f12:	9e00      	ldr	r6, [sp, #0]
10000f14:	e014      	b.n	10000f40 <ssd1306_draw_line+0x7a>
10000f16:	1ace      	subs	r6, r1, r3
10000f18:	b236      	sxth	r6, r6
10000f1a:	f04f 33ff 	mov.w	r3, #4294967295
10000f1e:	9300      	str	r3, [sp, #0]
10000f20:	e7e3      	b.n	10000eea <ssd1306_draw_line+0x24>
10000f22:	eba4 070b 	sub.w	r7, r4, fp
10000f26:	b23f      	sxth	r7, r7
10000f28:	f04f 3aff 	mov.w	sl, #4294967295
10000f2c:	e7e1      	b.n	10000ef2 <ssd1306_draw_line+0x2c>
10000f2e:	44bb      	add	fp, r7
10000f30:	fa0f fb8b 	sxth.w	fp, fp
10000f34:	2301      	movs	r3, #1
10000f36:	4622      	mov	r2, r4
10000f38:	4629      	mov	r1, r5
10000f3a:	4640      	mov	r0, r8
10000f3c:	f7ff fe6a 	bl	10000c14 <draw_pixel>
10000f40:	454d      	cmp	r5, r9
10000f42:	d030      	beq.n	10000fa6 <ssd1306_draw_line+0xe0>
10000f44:	4435      	add	r5, r6
10000f46:	b2ad      	uxth	r5, r5
10000f48:	f1bb 0f00 	cmp.w	fp, #0
10000f4c:	dbef      	blt.n	10000f2e <ssd1306_draw_line+0x68>
10000f4e:	4454      	add	r4, sl
10000f50:	b2a4      	uxth	r4, r4
10000f52:	9b01      	ldr	r3, [sp, #4]
10000f54:	005b      	lsls	r3, r3, #1
10000f56:	b29b      	uxth	r3, r3
10000f58:	ebab 0303 	sub.w	r3, fp, r3
10000f5c:	fa0f fb83 	sxth.w	fp, r3
10000f60:	e7e5      	b.n	10000f2e <ssd1306_draw_line+0x68>
10000f62:	b2bf      	uxth	r7, r7
10000f64:	0076      	lsls	r6, r6, #1
10000f66:	b2b6      	uxth	r6, r6
10000f68:	eba7 0906 	sub.w	r9, r7, r6
10000f6c:	fa0f f989 	sxth.w	r9, r9
10000f70:	e011      	b.n	10000f96 <ssd1306_draw_line+0xd0>
10000f72:	9b00      	ldr	r3, [sp, #0]
10000f74:	441d      	add	r5, r3
10000f76:	b2ad      	uxth	r5, r5
10000f78:	007b      	lsls	r3, r7, #1
10000f7a:	b29b      	uxth	r3, r3
10000f7c:	444b      	add	r3, r9
10000f7e:	fa0f f983 	sxth.w	r9, r3
10000f82:	eba9 0906 	sub.w	r9, r9, r6
10000f86:	fa0f f989 	sxth.w	r9, r9
10000f8a:	2301      	movs	r3, #1
10000f8c:	4622      	mov	r2, r4
10000f8e:	4629      	mov	r1, r5
10000f90:	4640      	mov	r0, r8
10000f92:	f7ff fe3f 	bl	10000c14 <draw_pixel>
10000f96:	455c      	cmp	r4, fp
10000f98:	d005      	beq.n	10000fa6 <ssd1306_draw_line+0xe0>
10000f9a:	4454      	add	r4, sl
10000f9c:	b2a4      	uxth	r4, r4
10000f9e:	f1b9 0f00 	cmp.w	r9, #0
10000fa2:	dcee      	bgt.n	10000f82 <ssd1306_draw_line+0xbc>
10000fa4:	e7e5      	b.n	10000f72 <ssd1306_draw_line+0xac>
10000fa6:	b003      	add	sp, #12
10000fa8:	e8bd 8ff0 	ldmia.w	sp!, {r4, r5, r6, r7, r8, r9, sl, fp, pc}

10000fac <ssd1306_draw_rect>:
10000fac:	e92d 47f0 	stmdb	sp!, {r4, r5, r6, r7, r8, r9, sl, lr}
10000fb0:	4606      	mov	r6, r0
10000fb2:	4688      	mov	r8, r1
10000fb4:	4617      	mov	r7, r2
10000fb6:	4699      	mov	r9, r3
10000fb8:	f8bd a020 	ldrh.w	sl, [sp, #32]
10000fbc:	460d      	mov	r5, r1
10000fbe:	e013      	b.n	10000fe8 <ssd1306_draw_rect+0x3c>
10000fc0:	b2ad      	uxth	r5, r5
10000fc2:	b2bc      	uxth	r4, r7
10000fc4:	2301      	movs	r3, #1
10000fc6:	4622      	mov	r2, r4
10000fc8:	4629      	mov	r1, r5
10000fca:	4630      	mov	r0, r6
10000fcc:	f7ff fe22 	bl	10000c14 <draw_pixel>
10000fd0:	eb04 020a 	add.w	r2, r4, sl
10000fd4:	b292      	uxth	r2, r2
10000fd6:	3a01      	subs	r2, #1
10000fd8:	2301      	movs	r3, #1
10000fda:	b292      	uxth	r2, r2
10000fdc:	4629      	mov	r1, r5
10000fde:	4630      	mov	r0, r6
10000fe0:	f7ff fe18 	bl	10000c14 <draw_pixel>
10000fe4:	3501      	adds	r5, #1
10000fe6:	b22d      	sxth	r5, r5
10000fe8:	fa08 f389 	sxtah	r3, r8, r9
10000fec:	429d      	cmp	r5, r3
10000fee:	dbe7      	blt.n	10000fc0 <ssd1306_draw_rect+0x14>
10000ff0:	463d      	mov	r5, r7
10000ff2:	e014      	b.n	1000101e <ssd1306_draw_rect+0x72>
10000ff4:	fa1f f488 	uxth.w	r4, r8
10000ff8:	b2ad      	uxth	r5, r5
10000ffa:	2301      	movs	r3, #1
10000ffc:	462a      	mov	r2, r5
10000ffe:	4621      	mov	r1, r4
10001000:	4630      	mov	r0, r6
10001002:	f7ff fe07 	bl	10000c14 <draw_pixel>
10001006:	eb04 0109 	add.w	r1, r4, r9
1000100a:	b289      	uxth	r1, r1
1000100c:	3901      	subs	r1, #1
1000100e:	2301      	movs	r3, #1
10001010:	462a      	mov	r2, r5
10001012:	b289      	uxth	r1, r1
10001014:	4630      	mov	r0, r6
10001016:	f7ff fdfd 	bl	10000c14 <draw_pixel>
1000101a:	3501      	adds	r5, #1
1000101c:	b22d      	sxth	r5, r5
1000101e:	fa07 f38a 	sxtah	r3, r7, sl
10001022:	429d      	cmp	r5, r3
10001024:	dbe6      	blt.n	10000ff4 <ssd1306_draw_rect+0x48>
10001026:	e8bd 87f0 	ldmia.w	sp!, {r4, r5, r6, r7, r8, r9, sl, pc}
	...

1000102c <ssd1306_draw_ellipse>:
1000102c:	e92d 4ff0 	stmdb	sp!, {r4, r5, r6, r7, r8, r9, sl, fp, lr}
10001030:	ed2d 8b08 	vpush	{d8-d11}
10001034:	b083      	sub	sp, #12
10001036:	9100      	str	r1, [sp, #0]
10001038:	4615      	mov	r5, r2
1000103a:	9201      	str	r2, [sp, #4]
1000103c:	f8bd 2050 	ldrh.w	r2, [sp, #80]	@ 0x50
10001040:	2b00      	cmp	r3, #0
10001042:	f000 80f9 	beq.w	10001238 <ssd1306_draw_ellipse+0x20c>
10001046:	4607      	mov	r7, r0
10001048:	4608      	mov	r0, r1
1000104a:	4619      	mov	r1, r3
1000104c:	2a00      	cmp	r2, #0
1000104e:	f000 80f3 	beq.w	10001238 <ssd1306_draw_ellipse+0x20c>
10001052:	b21b      	sxth	r3, r3
10001054:	42d8      	cmn	r0, r3
10001056:	f100 80ef 	bmi.w	10001238 <ssd1306_draw_ellipse+0x20c>
1000105a:	1ac3      	subs	r3, r0, r3
1000105c:	8838      	ldrh	r0, [r7, #0]
1000105e:	4283      	cmp	r3, r0
10001060:	f280 80ea 	bge.w	10001238 <ssd1306_draw_ellipse+0x20c>
10001064:	b214      	sxth	r4, r2
10001066:	42e5      	cmn	r5, r4
10001068:	f100 80e6 	bmi.w	10001238 <ssd1306_draw_ellipse+0x20c>
1000106c:	1b2b      	subs	r3, r5, r4
1000106e:	8878      	ldrh	r0, [r7, #2]
10001070:	4283      	cmp	r3, r0
10001072:	f280 80e1 	bge.w	10001238 <ssd1306_draw_ellipse+0x20c>
10001076:	ee07 1a90 	vmov	s15, r1
1000107a:	eef8 9a67 	vcvt.f32.u32	s19, s15
1000107e:	ee07 2a90 	vmov	s15, r2
10001082:	eeb8 8a67 	vcvt.f32.u32	s16, s15
10001086:	ee69 9aa9 	vmul.f32	s19, s19, s19
1000108a:	ee28 ba08 	vmul.f32	s22, s16, s16
1000108e:	ee39 aaa9 	vadd.f32	s20, s19, s19
10001092:	ee7b aa0b 	vadd.f32	s21, s22, s22
10001096:	ee07 4a90 	vmov	s15, r4
1000109a:	eef8 8ae7 	vcvt.f32.s32	s17, s15
1000109e:	ee68 8a8a 	vmul.f32	s17, s17, s20
100010a2:	ee28 8a29 	vmul.f32	s16, s16, s19
100010a6:	ee3b 8a48 	vsub.f32	s16, s22, s16
100010aa:	eef5 7a00 	vmov.f32	s15, #80	@ 0x3e800000  0.250
100010ae:	ee69 7aa7 	vmul.f32	s15, s19, s15
100010b2:	ee38 8a27 	vadd.f32	s16, s16, s15
100010b6:	ed9f 9a63 	vldr	s18, [pc, #396]	@ 10001244 <ssd1306_draw_ellipse+0x218>
100010ba:	2500      	movs	r5, #0
100010bc:	e00f      	b.n	100010de <ssd1306_draw_ellipse+0xb2>
100010be:	3501      	adds	r5, #1
100010c0:	b22d      	sxth	r5, r5
100010c2:	f109 39ff 	add.w	r9, r9, #4294967295
100010c6:	fa0f f489 	sxth.w	r4, r9
100010ca:	ee39 9a2a 	vadd.f32	s18, s18, s21
100010ce:	ee78 8aca 	vsub.f32	s17, s17, s20
100010d2:	ee79 7a68 	vsub.f32	s15, s18, s17
100010d6:	ee77 7a8b 	vadd.f32	s15, s15, s22
100010da:	ee38 8a27 	vadd.f32	s16, s16, s15
100010de:	eeb4 9ae8 	vcmpe.f32	s18, s17
100010e2:	eef1 fa10 	vmrs	APSR_nzcv, fpscr
100010e6:	d83a      	bhi.n	1000115e <ssd1306_draw_ellipse+0x132>
100010e8:	f8bd 6000 	ldrh.w	r6, [sp]
100010ec:	b2ad      	uxth	r5, r5
100010ee:	eb06 0a05 	add.w	sl, r6, r5
100010f2:	fa1f fa8a 	uxth.w	sl, sl
100010f6:	f8bd 8004 	ldrh.w	r8, [sp, #4]
100010fa:	fa1f f984 	uxth.w	r9, r4
100010fe:	eb08 0b09 	add.w	fp, r8, r9
10001102:	fa1f fb8b 	uxth.w	fp, fp
10001106:	2301      	movs	r3, #1
10001108:	465a      	mov	r2, fp
1000110a:	4651      	mov	r1, sl
1000110c:	4638      	mov	r0, r7
1000110e:	f7ff fd81 	bl	10000c14 <draw_pixel>
10001112:	1b76      	subs	r6, r6, r5
10001114:	b2b6      	uxth	r6, r6
10001116:	2301      	movs	r3, #1
10001118:	465a      	mov	r2, fp
1000111a:	4631      	mov	r1, r6
1000111c:	4638      	mov	r0, r7
1000111e:	f7ff fd79 	bl	10000c14 <draw_pixel>
10001122:	eba8 0809 	sub.w	r8, r8, r9
10001126:	fa1f f888 	uxth.w	r8, r8
1000112a:	2301      	movs	r3, #1
1000112c:	4642      	mov	r2, r8
1000112e:	4651      	mov	r1, sl
10001130:	4638      	mov	r0, r7
10001132:	f7ff fd6f 	bl	10000c14 <draw_pixel>
10001136:	2301      	movs	r3, #1
10001138:	4642      	mov	r2, r8
1000113a:	4631      	mov	r1, r6
1000113c:	4638      	mov	r0, r7
1000113e:	f7ff fd69 	bl	10000c14 <draw_pixel>
10001142:	eeb5 8ac0 	vcmpe.f32	s16, #0.0
10001146:	eef1 fa10 	vmrs	APSR_nzcv, fpscr
1000114a:	d5b8      	bpl.n	100010be <ssd1306_draw_ellipse+0x92>
1000114c:	3501      	adds	r5, #1
1000114e:	b22d      	sxth	r5, r5
10001150:	ee39 9a2a 	vadd.f32	s18, s18, s21
10001154:	ee7b 7a09 	vadd.f32	s15, s22, s18
10001158:	ee38 8a27 	vadd.f32	s16, s16, s15
1000115c:	e7bf      	b.n	100010de <ssd1306_draw_ellipse+0xb2>
1000115e:	ee07 5a90 	vmov	s15, r5
10001162:	eeb8 8ae7 	vcvt.f32.s32	s16, s15
10001166:	eef6 7a00 	vmov.f32	s15, #96	@ 0x3f000000  0.5
1000116a:	ee38 8a27 	vadd.f32	s16, s16, s15
1000116e:	ee68 7a0b 	vmul.f32	s15, s16, s22
10001172:	ee28 8a27 	vmul.f32	s16, s16, s15
10001176:	ee07 4a90 	vmov	s15, r4
1000117a:	eef8 7ae7 	vcvt.f32.s32	s15, s15
1000117e:	eeb7 7a00 	vmov.f32	s14, #112	@ 0x3f800000  1.0
10001182:	ee77 7ac7 	vsub.f32	s15, s15, s14
10001186:	ee27 7aa9 	vmul.f32	s14, s15, s19
1000118a:	ee67 7a87 	vmul.f32	s15, s15, s14
1000118e:	ee38 8a27 	vadd.f32	s16, s16, s15
10001192:	ee29 ba8b 	vmul.f32	s22, s19, s22
10001196:	ee38 8a4b 	vsub.f32	s16, s16, s22
1000119a:	e00f      	b.n	100011bc <ssd1306_draw_ellipse+0x190>
1000119c:	3c01      	subs	r4, #1
1000119e:	b224      	sxth	r4, r4
100011a0:	f109 0901 	add.w	r9, r9, #1
100011a4:	fa0f f589 	sxth.w	r5, r9
100011a8:	ee39 9a2a 	vadd.f32	s18, s18, s21
100011ac:	ee78 8aca 	vsub.f32	s17, s17, s20
100011b0:	ee79 7a68 	vsub.f32	s15, s18, s17
100011b4:	ee77 7aa9 	vadd.f32	s15, s15, s19
100011b8:	ee38 8a27 	vadd.f32	s16, s16, s15
100011bc:	2c00      	cmp	r4, #0
100011be:	db3b      	blt.n	10001238 <ssd1306_draw_ellipse+0x20c>
100011c0:	f8bd 6000 	ldrh.w	r6, [sp]
100011c4:	fa1f f985 	uxth.w	r9, r5
100011c8:	eb06 0a09 	add.w	sl, r6, r9
100011cc:	fa1f fa8a 	uxth.w	sl, sl
100011d0:	f8bd 8004 	ldrh.w	r8, [sp, #4]
100011d4:	b2a4      	uxth	r4, r4
100011d6:	eb08 0b04 	add.w	fp, r8, r4
100011da:	fa1f fb8b 	uxth.w	fp, fp
100011de:	2301      	movs	r3, #1
100011e0:	465a      	mov	r2, fp
100011e2:	4651      	mov	r1, sl
100011e4:	4638      	mov	r0, r7
100011e6:	f7ff fd15 	bl	10000c14 <draw_pixel>
100011ea:	eba6 0609 	sub.w	r6, r6, r9
100011ee:	b2b6      	uxth	r6, r6
100011f0:	2301      	movs	r3, #1
100011f2:	465a      	mov	r2, fp
100011f4:	4631      	mov	r1, r6
100011f6:	4638      	mov	r0, r7
100011f8:	f7ff fd0c 	bl	10000c14 <draw_pixel>
100011fc:	eba8 0804 	sub.w	r8, r8, r4
10001200:	fa1f f888 	uxth.w	r8, r8
10001204:	2301      	movs	r3, #1
10001206:	4642      	mov	r2, r8
10001208:	4651      	mov	r1, sl
1000120a:	4638      	mov	r0, r7
1000120c:	f7ff fd02 	bl	10000c14 <draw_pixel>
10001210:	2301      	movs	r3, #1
10001212:	4642      	mov	r2, r8
10001214:	4631      	mov	r1, r6
10001216:	4638      	mov	r0, r7
10001218:	f7ff fcfc 	bl	10000c14 <draw_pixel>
1000121c:	eeb5 8ac0 	vcmpe.f32	s16, #0.0
10001220:	eef1 fa10 	vmrs	APSR_nzcv, fpscr
10001224:	ddba      	ble.n	1000119c <ssd1306_draw_ellipse+0x170>
10001226:	3c01      	subs	r4, #1
10001228:	b224      	sxth	r4, r4
1000122a:	ee78 8aca 	vsub.f32	s17, s17, s20
1000122e:	ee79 7ae8 	vsub.f32	s15, s19, s17
10001232:	ee38 8a27 	vadd.f32	s16, s16, s15
10001236:	e7c1      	b.n	100011bc <ssd1306_draw_ellipse+0x190>
10001238:	b003      	add	sp, #12
1000123a:	ecbd 8b08 	vpop	{d8-d11}
1000123e:	e8bd 8ff0 	ldmia.w	sp!, {r4, r5, r6, r7, r8, r9, sl, fp, pc}
10001242:	bf00      	nop
10001244:	00000000 	.word	0x00000000

10001248 <ssd1306_draw_circle>:
10001248:	b500      	push	{lr}
1000124a:	b083      	sub	sp, #12
1000124c:	9300      	str	r3, [sp, #0]
1000124e:	f7ff feed 	bl	1000102c <ssd1306_draw_ellipse>
10001252:	b003      	add	sp, #12
10001254:	f85d fb04 	ldr.w	pc, [sp], #4

10001258 <ssd1306_fill_rect>:
10001258:	b510      	push	{r4, lr}
1000125a:	b082      	sub	sp, #8
1000125c:	2401      	movs	r4, #1
1000125e:	9401      	str	r4, [sp, #4]
10001260:	f8bd 4010 	ldrh.w	r4, [sp, #16]
10001264:	9400      	str	r4, [sp, #0]
10001266:	f7ff fcfa 	bl	10000c5e <fill_rect>
1000126a:	b002      	add	sp, #8
1000126c:	bd10      	pop	{r4, pc}

1000126e <ssd1306_clear_rect>:
1000126e:	b510      	push	{r4, lr}
10001270:	b082      	sub	sp, #8
10001272:	2400      	movs	r4, #0
10001274:	9401      	str	r4, [sp, #4]
10001276:	f8bd 4010 	ldrh.w	r4, [sp, #16]
1000127a:	9400      	str	r4, [sp, #0]
1000127c:	f7ff fcef 	bl	10000c5e <fill_rect>
10001280:	b002      	add	sp, #8
10001282:	bd10      	pop	{r4, pc}

10001284 <ssd1306_draw_str>:
10001284:	e92d 43f0 	stmdb	sp!, {r4, r5, r6, r7, r8, r9, lr}
10001288:	b083      	sub	sp, #12
1000128a:	4681      	mov	r9, r0
1000128c:	460e      	mov	r6, r1
1000128e:	4690      	mov	r8, r2
10001290:	461c      	mov	r4, r3
10001292:	9d0a      	ldr	r5, [sp, #40]	@ 0x28
10001294:	79af      	ldrb	r7, [r5, #6]
10001296:	79eb      	ldrb	r3, [r5, #7]
10001298:	441f      	add	r7, r3
1000129a:	b2ff      	uxtb	r7, r7
1000129c:	e004      	b.n	100012a8 <ssd1306_draw_str+0x24>
1000129e:	792b      	ldrb	r3, [r5, #4]
100012a0:	441e      	add	r6, r3
100012a2:	f814 3f01 	ldrb.w	r3, [r4, #1]!
100012a6:	b183      	cbz	r3, 100012ca <ssd1306_draw_str+0x46>
100012a8:	7823      	ldrb	r3, [r4, #0]
100012aa:	79aa      	ldrb	r2, [r5, #6]
100012ac:	429a      	cmp	r2, r3
100012ae:	d8f6      	bhi.n	1000129e <ssd1306_draw_str+0x1a>
100012b0:	429f      	cmp	r7, r3
100012b2:	d9f4      	bls.n	1000129e <ssd1306_draw_str+0x1a>
100012b4:	9500      	str	r5, [sp, #0]
100012b6:	4623      	mov	r3, r4
100012b8:	fa1f f288 	uxth.w	r2, r8
100012bc:	b2b1      	uxth	r1, r6
100012be:	4648      	mov	r0, r9
100012c0:	f7ff fcfb 	bl	10000cba <draw_char>
100012c4:	792b      	ldrb	r3, [r5, #4]
100012c6:	441e      	add	r6, r3
100012c8:	e7eb      	b.n	100012a2 <ssd1306_draw_str+0x1e>
100012ca:	b003      	add	sp, #12
100012cc:	e8bd 83f0 	ldmia.w	sp!, {r4, r5, r6, r7, r8, r9, pc}

100012d0 <ssd1306_draw_image>:
100012d0:	e92d 43f8 	stmdb	sp!, {r3, r4, r5, r6, r7, r8, r9, lr}
100012d4:	4681      	mov	r9, r0
100012d6:	4688      	mov	r8, r1
100012d8:	4617      	mov	r7, r2
100012da:	461e      	mov	r6, r3
100012dc:	2500      	movs	r5, #0
100012de:	e022      	b.n	10001326 <ssd1306_draw_image+0x56>
100012e0:	ea4f 0cec 	mov.w	ip, ip, asr #3
100012e4:	43e2      	mvns	r2, r4
100012e6:	f002 0207 	and.w	r2, r2, #7
100012ea:	68b3      	ldr	r3, [r6, #8]
100012ec:	f813 300c 	ldrb.w	r3, [r3, ip]
100012f0:	4113      	asrs	r3, r2
100012f2:	19ea      	adds	r2, r5, r7
100012f4:	eb04 0108 	add.w	r1, r4, r8
100012f8:	f003 0301 	and.w	r3, r3, #1
100012fc:	b292      	uxth	r2, r2
100012fe:	b289      	uxth	r1, r1
10001300:	4648      	mov	r0, r9
10001302:	f7ff fc87 	bl	10000c14 <draw_pixel>
10001306:	3401      	adds	r4, #1
10001308:	b2a4      	uxth	r4, r4
1000130a:	f8b6 c000 	ldrh.w	ip, [r6]
1000130e:	45a4      	cmp	ip, r4
10001310:	d907      	bls.n	10001322 <ssd1306_draw_image+0x52>
10001312:	fb0c 4c05 	mla	ip, ip, r5, r4
10001316:	f1bc 0f00 	cmp.w	ip, #0
1000131a:	dae1      	bge.n	100012e0 <ssd1306_draw_image+0x10>
1000131c:	f10c 0c07 	add.w	ip, ip, #7
10001320:	e7de      	b.n	100012e0 <ssd1306_draw_image+0x10>
10001322:	3501      	adds	r5, #1
10001324:	b2ad      	uxth	r5, r5
10001326:	8873      	ldrh	r3, [r6, #2]
10001328:	42ab      	cmp	r3, r5
1000132a:	d901      	bls.n	10001330 <ssd1306_draw_image+0x60>
1000132c:	2400      	movs	r4, #0
1000132e:	e7ec      	b.n	1000130a <ssd1306_draw_image+0x3a>
10001330:	e8bd 83f8 	ldmia.w	sp!, {r3, r4, r5, r6, r7, r8, r9, pc}

10001334 <ssd1306_scroll_horiz_stop>:
10001334:	b508      	push	{r3, lr}
10001336:	212e      	movs	r1, #46	@ 0x2e
10001338:	f7ff fcea 	bl	10000d10 <write_command>
1000133c:	bd08      	pop	{r3, pc}

1000133e <ssd1306_init>:
1000133e:	b510      	push	{r4, lr}
10001340:	4604      	mov	r4, r0
10001342:	8001      	strh	r1, [r0, #0]
10001344:	8042      	strh	r2, [r0, #2]
10001346:	08d2      	lsrs	r2, r2, #3
10001348:	8082      	strh	r2, [r0, #4]
1000134a:	7183      	strb	r3, [r0, #6]
1000134c:	9b02      	ldr	r3, [sp, #8]
1000134e:	6083      	str	r3, [r0, #8]
10001350:	f89d 300c 	ldrb.w	r3, [sp, #12]
10001354:	7303      	strb	r3, [r0, #12]
10001356:	fb02 f101 	mul.w	r1, r2, r1
1000135a:	6141      	str	r1, [r0, #20]
1000135c:	1c48      	adds	r0, r1, #1
1000135e:	f001 fcff 	bl	10002d60 <__wrap_malloc>
10001362:	6120      	str	r0, [r4, #16]
10001364:	b148      	cbz	r0, 1000137a <ssd1306_init+0x3c>
10001366:	3001      	adds	r0, #1
10001368:	6120      	str	r0, [r4, #16]
1000136a:	4620      	mov	r0, r4
1000136c:	f7ff fce1 	bl	10000d32 <run_init_commands>
10001370:	4620      	mov	r0, r4
10001372:	f7ff ffdf 	bl	10001334 <ssd1306_scroll_horiz_stop>
10001376:	2001      	movs	r0, #1
10001378:	bd10      	pop	{r4, pc}
1000137a:	2000      	movs	r0, #0
1000137c:	e7fc      	b.n	10001378 <ssd1306_init+0x3a>

1000137e <ssd1306_scroll_horiz>:
1000137e:	b5f8      	push	{r3, r4, r5, r6, r7, lr}
10001380:	4604      	mov	r4, r0
10001382:	460f      	mov	r7, r1
10001384:	4616      	mov	r6, r2
10001386:	461d      	mov	r5, r3
10001388:	f7ff ffd4 	bl	10001334 <ssd1306_scroll_horiz_stop>
1000138c:	b317      	cbz	r7, 100013d4 <ssd1306_scroll_horiz+0x56>
1000138e:	2126      	movs	r1, #38	@ 0x26
10001390:	4620      	mov	r0, r4
10001392:	f7ff fcbd 	bl	10000d10 <write_command>
10001396:	2100      	movs	r1, #0
10001398:	4620      	mov	r0, r4
1000139a:	f7ff fcb9 	bl	10000d10 <write_command>
1000139e:	f006 0107 	and.w	r1, r6, #7
100013a2:	4620      	mov	r0, r4
100013a4:	f7ff fcb4 	bl	10000d10 <write_command>
100013a8:	2100      	movs	r1, #0
100013aa:	4620      	mov	r0, r4
100013ac:	f7ff fcb0 	bl	10000d10 <write_command>
100013b0:	f005 0107 	and.w	r1, r5, #7
100013b4:	4620      	mov	r0, r4
100013b6:	f7ff fcab 	bl	10000d10 <write_command>
100013ba:	2100      	movs	r1, #0
100013bc:	4620      	mov	r0, r4
100013be:	f7ff fca7 	bl	10000d10 <write_command>
100013c2:	21ff      	movs	r1, #255	@ 0xff
100013c4:	4620      	mov	r0, r4
100013c6:	f7ff fca3 	bl	10000d10 <write_command>
100013ca:	212f      	movs	r1, #47	@ 0x2f
100013cc:	4620      	mov	r0, r4
100013ce:	f7ff fc9f 	bl	10000d10 <write_command>
100013d2:	bdf8      	pop	{r3, r4, r5, r6, r7, pc}
100013d4:	2127      	movs	r1, #39	@ 0x27
100013d6:	e7db      	b.n	10001390 <ssd1306_scroll_horiz+0x12>

100013d8 <ssd1306_scroll_row_vert>:
100013d8:	e92d 41f0 	stmdb	sp!, {r4, r5, r6, r7, r8, lr}
100013dc:	460c      	mov	r4, r1
100013de:	f8b0 e000 	ldrh.w	lr, [r0]
100013e2:	8841      	ldrh	r1, [r0, #2]
100013e4:	08c9      	lsrs	r1, r1, #3
100013e6:	f04f 0c00 	mov.w	ip, #0
100013ea:	e01a      	b.n	10001422 <ssd1306_scroll_row_vert+0x4a>
100013ec:	fb12 f30e 	smulbb	r3, r2, lr
100013f0:	fa1c f383 	uxtah	r3, ip, r3
100013f4:	b29b      	uxth	r3, r3
100013f6:	6907      	ldr	r7, [r0, #16]
100013f8:	5cfe      	ldrb	r6, [r7, r3]
100013fa:	ea45 0546 	orr.w	r5, r5, r6, lsl #1
100013fe:	54fd      	strb	r5, [r7, r3]
10001400:	3201      	adds	r2, #1
10001402:	b292      	uxth	r2, r2
10001404:	09f5      	lsrs	r5, r6, #7
10001406:	428a      	cmp	r2, r1
10001408:	d3f0      	bcc.n	100013ec <ssd1306_scroll_row_vert+0x14>
1000140a:	6902      	ldr	r2, [r0, #16]
1000140c:	f812 300c 	ldrb.w	r3, [r2, ip]
10001410:	f003 03fe 	and.w	r3, r3, #254	@ 0xfe
10001414:	432b      	orrs	r3, r5
10001416:	f802 300c 	strb.w	r3, [r2, ip]
1000141a:	f10c 0c01 	add.w	ip, ip, #1
1000141e:	fa1f fc8c 	uxth.w	ip, ip
10001422:	45f4      	cmp	ip, lr
10001424:	d225      	bcs.n	10001472 <ssd1306_scroll_row_vert+0x9a>
10001426:	b91c      	cbnz	r4, 10001430 <ssd1306_scroll_row_vert+0x58>
10001428:	1e4d      	subs	r5, r1, #1
1000142a:	f04f 0800 	mov.w	r8, #0
1000142e:	e010      	b.n	10001452 <ssd1306_scroll_row_vert+0x7a>
10001430:	2200      	movs	r2, #0
10001432:	4615      	mov	r5, r2
10001434:	e7e7      	b.n	10001406 <ssd1306_scroll_row_vert+0x2e>
10001436:	fb15 f30e 	smulbb	r3, r5, lr
1000143a:	fa1c f383 	uxtah	r3, ip, r3
1000143e:	b29b      	uxth	r3, r3
10001440:	6906      	ldr	r6, [r0, #16]
10001442:	5cf2      	ldrb	r2, [r6, r3]
10001444:	01d7      	lsls	r7, r2, #7
10001446:	ea48 0252 	orr.w	r2, r8, r2, lsr #1
1000144a:	54f2      	strb	r2, [r6, r3]
1000144c:	3d01      	subs	r5, #1
1000144e:	f007 0880 	and.w	r8, r7, #128	@ 0x80
10001452:	2d00      	cmp	r5, #0
10001454:	daef      	bge.n	10001436 <ssd1306_scroll_row_vert+0x5e>
10001456:	1e4b      	subs	r3, r1, #1
10001458:	fb13 f30e 	smulbb	r3, r3, lr
1000145c:	fa1c f383 	uxtah	r3, ip, r3
10001460:	b29b      	uxth	r3, r3
10001462:	6905      	ldr	r5, [r0, #16]
10001464:	5cea      	ldrb	r2, [r5, r3]
10001466:	f002 027f 	and.w	r2, r2, #127	@ 0x7f
1000146a:	ea42 0208 	orr.w	r2, r2, r8
1000146e:	54ea      	strb	r2, [r5, r3]
10001470:	e7d3      	b.n	1000141a <ssd1306_scroll_row_vert+0x42>
10001472:	e8bd 81f0 	ldmia.w	sp!, {r4, r5, r6, r7, r8, pc}
	...

10001478 <gpio_set_function>:
10001478:	4b0c      	ldr	r3, [pc, #48]	@ (100014ac <gpio_set_function+0x34>)
1000147a:	eb03 0280 	add.w	r2, r3, r0, lsl #2
1000147e:	f853 3020 	ldr.w	r3, [r3, r0, lsl #2]
10001482:	f083 0340 	eor.w	r3, r3, #64	@ 0x40
10001486:	f003 03c0 	and.w	r3, r3, #192	@ 0xc0
1000148a:	f502 5c80 	add.w	ip, r2, #4096	@ 0x1000
1000148e:	f8cc 3000 	str.w	r3, [ip]
10001492:	00c0      	lsls	r0, r0, #3
10001494:	f100 4080 	add.w	r0, r0, #1073741824	@ 0x40000000
10001498:	f500 3020 	add.w	r0, r0, #163840	@ 0x28000
1000149c:	6041      	str	r1, [r0, #4]
1000149e:	f502 5240 	add.w	r2, r2, #12288	@ 0x3000
100014a2:	f44f 7380 	mov.w	r3, #256	@ 0x100
100014a6:	6013      	str	r3, [r2, #0]
100014a8:	4770      	bx	lr
100014aa:	bf00      	nop
100014ac:	40038004 	.word	0x40038004

100014b0 <gpio_set_pulls>:
100014b0:	b410      	push	{r4}
100014b2:	4c0c      	ldr	r4, [pc, #48]	@ (100014e4 <gpio_set_pulls+0x34>)
100014b4:	eb04 0c80 	add.w	ip, r4, r0, lsl #2
100014b8:	b179      	cbz	r1, 100014da <gpio_set_pulls+0x2a>
100014ba:	2308      	movs	r3, #8
100014bc:	b17a      	cbz	r2, 100014de <gpio_set_pulls+0x2e>
100014be:	2204      	movs	r2, #4
100014c0:	4313      	orrs	r3, r2
100014c2:	f854 2020 	ldr.w	r2, [r4, r0, lsl #2]
100014c6:	4053      	eors	r3, r2
100014c8:	f003 030c 	and.w	r3, r3, #12
100014cc:	f50c 5c80 	add.w	ip, ip, #4096	@ 0x1000
100014d0:	f8cc 3000 	str.w	r3, [ip]
100014d4:	f85d 4b04 	ldr.w	r4, [sp], #4
100014d8:	4770      	bx	lr
100014da:	2300      	movs	r3, #0
100014dc:	e7ee      	b.n	100014bc <gpio_set_pulls+0xc>
100014de:	2200      	movs	r2, #0
100014e0:	e7ee      	b.n	100014c0 <gpio_set_pulls+0x10>
100014e2:	bf00      	nop
100014e4:	40038004 	.word	0x40038004

100014e8 <gpio_init>:
100014e8:	b508      	push	{r3, lr}
100014ea:	f04f 0200 	mov.w	r2, #0
100014ee:	ec42 0044 	gpioc_bit_oe_put r0, r2
100014f2:	ec42 0040 	gpioc_bit_out_put r0, r2
100014f6:	2105      	movs	r1, #5
100014f8:	f7ff ffbe 	bl	10001478 <gpio_set_function>
100014fc:	bd08      	pop	{r3, pc}
	...

10001500 <panic>:
10001500:	b40f      	push	{r0, r1, r2, r3}
10001502:	b500      	push	{lr}
10001504:	b083      	sub	sp, #12
10001506:	9c04      	ldr	r4, [sp, #16]
10001508:	4807      	ldr	r0, [pc, #28]	@ (10001528 <panic+0x28>)
1000150a:	f002 fe9d 	bl	10004248 <__wrap_puts>
1000150e:	b13c      	cbz	r4, 10001520 <panic+0x20>
10001510:	a905      	add	r1, sp, #20
10001512:	9101      	str	r1, [sp, #4]
10001514:	4620      	mov	r0, r4
10001516:	f002 fea7 	bl	10004268 <__wrap_vprintf>
1000151a:	4804      	ldr	r0, [pc, #16]	@ (1000152c <panic+0x2c>)
1000151c:	f002 fe94 	bl	10004248 <__wrap_puts>
10001520:	2001      	movs	r0, #1
10001522:	f002 fd3d 	bl	10003fa0 <_exit>
10001526:	bf00      	nop
10001528:	10008150 	.word	0x10008150
1000152c:	10008160 	.word	0x10008160

10001530 <hw_claim_lock>:
10001530:	f3ef 8010 	mrs	r0, PRIMASK
10001534:	b672      	cpsid	i
10001536:	4b06      	ldr	r3, [pc, #24]	@ (10001550 <hw_claim_lock+0x20>)
10001538:	e8d3 1fcf 	ldaexb	r1, [r3]
1000153c:	2201      	movs	r2, #1
1000153e:	2900      	cmp	r1, #0
10001540:	d1fa      	bne.n	10001538 <hw_claim_lock+0x8>
10001542:	e8c3 2f41 	strexb	r1, r2, [r3]
10001546:	2900      	cmp	r1, #0
10001548:	d1f6      	bne.n	10001538 <hw_claim_lock+0x8>
1000154a:	f3bf 8f5f 	dmb	sy
1000154e:	4770      	bx	lr
10001550:	200018cf 	.word	0x200018cf

10001554 <hw_claim_unlock>:
10001554:	2300      	movs	r3, #0
10001556:	4a03      	ldr	r2, [pc, #12]	@ (10001564 <hw_claim_unlock+0x10>)
10001558:	e8c2 3f8f 	stlb	r3, [r2]
1000155c:	f380 8810 	msr	PRIMASK, r0
10001560:	4770      	bx	lr
10001562:	bf00      	nop
10001564:	200018cf 	.word	0x200018cf

10001568 <hw_claim_or_assert>:
10001568:	b570      	push	{r4, r5, r6, lr}
1000156a:	4605      	mov	r5, r0
1000156c:	460c      	mov	r4, r1
1000156e:	4616      	mov	r6, r2
10001570:	f7ff ffde 	bl	10001530 <hw_claim_lock>
10001574:	08e2      	lsrs	r2, r4, #3
10001576:	5ca9      	ldrb	r1, [r5, r2]
10001578:	f004 0c07 	and.w	ip, r4, #7
1000157c:	2301      	movs	r3, #1
1000157e:	fa03 f30c 	lsl.w	r3, r3, ip
10001582:	4219      	tst	r1, r3
10001584:	d105      	bne.n	10001592 <hw_claim_or_assert+0x2a>
10001586:	b2db      	uxtb	r3, r3
10001588:	430b      	orrs	r3, r1
1000158a:	54ab      	strb	r3, [r5, r2]
1000158c:	f7ff ffe2 	bl	10001554 <hw_claim_unlock>
10001590:	bd70      	pop	{r4, r5, r6, pc}
10001592:	4621      	mov	r1, r4
10001594:	4630      	mov	r0, r6
10001596:	f7ff ffb3 	bl	10001500 <panic>

1000159a <hw_claim_unused_from_range>:
1000159a:	b5f8      	push	{r3, r4, r5, r6, r7, lr}
1000159c:	4606      	mov	r6, r0
1000159e:	460d      	mov	r5, r1
100015a0:	4614      	mov	r4, r2
100015a2:	461f      	mov	r7, r3
100015a4:	f7ff ffc4 	bl	10001530 <hw_claim_lock>
100015a8:	e000      	b.n	100015ac <hw_claim_unused_from_range+0x12>
100015aa:	3401      	adds	r4, #1
100015ac:	42bc      	cmp	r4, r7
100015ae:	d80e      	bhi.n	100015ce <hw_claim_unused_from_range+0x34>
100015b0:	ea4f 0cd4 	mov.w	ip, r4, lsr #3
100015b4:	f816 100c 	ldrb.w	r1, [r6, ip]
100015b8:	f004 0307 	and.w	r3, r4, #7
100015bc:	2201      	movs	r2, #1
100015be:	409a      	lsls	r2, r3
100015c0:	4211      	tst	r1, r2
100015c2:	d1f2      	bne.n	100015aa <hw_claim_unused_from_range+0x10>
100015c4:	b2d2      	uxtb	r2, r2
100015c6:	430a      	orrs	r2, r1
100015c8:	f806 200c 	strb.w	r2, [r6, ip]
100015cc:	e001      	b.n	100015d2 <hw_claim_unused_from_range+0x38>
100015ce:	f04f 34ff 	mov.w	r4, #4294967295
100015d2:	f7ff ffbf 	bl	10001554 <hw_claim_unlock>
100015d6:	2c00      	cmp	r4, #0
100015d8:	db01      	blt.n	100015de <hw_claim_unused_from_range+0x44>
100015da:	4620      	mov	r0, r4
100015dc:	bdf8      	pop	{r3, r4, r5, r6, r7, pc}
100015de:	2d00      	cmp	r5, #0
100015e0:	d0fb      	beq.n	100015da <hw_claim_unused_from_range+0x40>
100015e2:	9806      	ldr	r0, [sp, #24]
100015e4:	f7ff ff8c 	bl	10001500 <panic>

100015e8 <next_striped_spin_lock_num>:
100015e8:	4a05      	ldr	r2, [pc, #20]	@ (10001600 <next_striped_spin_lock_num+0x18>)
100015ea:	7810      	ldrb	r0, [r2, #0]
100015ec:	1c43      	adds	r3, r0, #1
100015ee:	b2db      	uxtb	r3, r3
100015f0:	7013      	strb	r3, [r2, #0]
100015f2:	2b17      	cmp	r3, #23
100015f4:	d902      	bls.n	100015fc <next_striped_spin_lock_num+0x14>
100015f6:	4613      	mov	r3, r2
100015f8:	2210      	movs	r2, #16
100015fa:	701a      	strb	r2, [r3, #0]
100015fc:	4770      	bx	lr
100015fe:	bf00      	nop
10001600:	20000e18 	.word	0x20000e18

10001604 <spin_lock_claim_unused>:
10001604:	b500      	push	{lr}
10001606:	b083      	sub	sp, #12
10001608:	4601      	mov	r1, r0
1000160a:	4b05      	ldr	r3, [pc, #20]	@ (10001620 <spin_lock_claim_unused+0x1c>)
1000160c:	9300      	str	r3, [sp, #0]
1000160e:	231f      	movs	r3, #31
10001610:	2218      	movs	r2, #24
10001612:	4804      	ldr	r0, [pc, #16]	@ (10001624 <spin_lock_claim_unused+0x20>)
10001614:	f7ff ffc1 	bl	1000159a <hw_claim_unused_from_range>
10001618:	b003      	add	sp, #12
1000161a:	f85d fb04 	ldr.w	pc, [sp], #4
1000161e:	bf00      	nop
10001620:	10008164 	.word	0x10008164
10001624:	20001ce0 	.word	0x20001ce0

10001628 <spinlock_set_extexclall>:
10001628:	f04f 22e0 	mov.w	r2, #3758153728	@ 0xe000e000
1000162c:	6893      	ldr	r3, [r2, #8]
1000162e:	f043 5300 	orr.w	r3, r3, #536870912	@ 0x20000000
10001632:	6093      	str	r3, [r2, #8]
10001634:	4770      	bx	lr
	...

10001638 <spin_locks_reset>:
10001638:	2300      	movs	r3, #0
1000163a:	e005      	b.n	10001648 <spin_locks_reset+0x10>
1000163c:	4a04      	ldr	r2, [pc, #16]	@ (10001650 <spin_locks_reset+0x18>)
1000163e:	441a      	add	r2, r3
10001640:	2100      	movs	r1, #0
10001642:	e8c2 1f8f 	stlb	r1, [r2]
10001646:	3301      	adds	r3, #1
10001648:	2b1f      	cmp	r3, #31
1000164a:	d9f7      	bls.n	1000163c <spin_locks_reset+0x4>
1000164c:	4770      	bx	lr
1000164e:	bf00      	nop
10001650:	200018c4 	.word	0x200018c4

10001654 <set_raw_irq_handler_and_unlock>:
10001654:	4b06      	ldr	r3, [pc, #24]	@ (10001670 <set_raw_irq_handler_and_unlock+0x1c>)
10001656:	689b      	ldr	r3, [r3, #8]
10001658:	3010      	adds	r0, #16
1000165a:	f843 1020 	str.w	r1, [r3, r0, lsl #2]
1000165e:	f3bf 8f5f 	dmb	sy
10001662:	2300      	movs	r3, #0
10001664:	4903      	ldr	r1, [pc, #12]	@ (10001674 <set_raw_irq_handler_and_unlock+0x20>)
10001666:	e8c1 3f8f 	stlb	r3, [r1]
1000166a:	f382 8810 	msr	PRIMASK, r2
1000166e:	4770      	bx	lr
10001670:	e000ed00 	.word	0xe000ed00
10001674:	200018cd 	.word	0x200018cd

10001678 <nvic_ipr0>:
10001678:	4800      	ldr	r0, [pc, #0]	@ (1000167c <nvic_ipr0+0x4>)
1000167a:	4770      	bx	lr
1000167c:	e000e400 	.word	0xe000e400

10001680 <runtime_init_per_core_irq_priorities>:
10001680:	b508      	push	{r3, lr}
10001682:	f7ff fff9 	bl	10001678 <nvic_ipr0>
10001686:	2300      	movs	r3, #0
10001688:	e004      	b.n	10001694 <runtime_init_per_core_irq_priorities+0x14>
1000168a:	f04f 3280 	mov.w	r2, #2155905152	@ 0x80808080
1000168e:	f840 2b04 	str.w	r2, [r0], #4
10001692:	3301      	adds	r3, #1
10001694:	2b0c      	cmp	r3, #12
10001696:	d9f8      	bls.n	1000168a <runtime_init_per_core_irq_priorities+0xa>
10001698:	b662      	cpsie	i
1000169a:	bd08      	pop	{r3, pc}

1000169c <resolve_j_16>:
1000169c:	b508      	push	{r3, lr}
1000169e:	8803      	ldrh	r3, [r0, #0]
100016a0:	0ada      	lsrs	r2, r3, #11
100016a2:	2a1c      	cmp	r2, #28
100016a4:	d106      	bne.n	100016b4 <resolve_j_16+0x18>
100016a6:	055b      	lsls	r3, r3, #21
100016a8:	d40b      	bmi.n	100016c2 <resolve_j_16+0x26>
100016aa:	155b      	asrs	r3, r3, #21
100016ac:	3302      	adds	r3, #2
100016ae:	eb00 0043 	add.w	r0, r0, r3, lsl #1
100016b2:	bd08      	pop	{r3, pc}
100016b4:	4b06      	ldr	r3, [pc, #24]	@ (100016d0 <resolve_j_16+0x34>)
100016b6:	4a07      	ldr	r2, [pc, #28]	@ (100016d4 <resolve_j_16+0x38>)
100016b8:	f44f 718e 	mov.w	r1, #284	@ 0x11c
100016bc:	4806      	ldr	r0, [pc, #24]	@ (100016d8 <resolve_j_16+0x3c>)
100016be:	f002 fc8f 	bl	10003fe0 <__assert_func>
100016c2:	f503 13ff 	add.w	r3, r3, #2088960	@ 0x1fe000
100016c6:	f503 53ff 	add.w	r3, r3, #8160	@ 0x1fe0
100016ca:	331f      	adds	r3, #31
100016cc:	e7ed      	b.n	100016aa <resolve_j_16+0xe>
100016ce:	bf00      	nop
100016d0:	10008180 	.word	0x10008180
100016d4:	10009e24 	.word	0x10009e24
100016d8:	10008198 	.word	0x10008198

100016dc <make_j_16>:
100016dc:	b508      	push	{r3, lr}
100016de:	1a09      	subs	r1, r1, r0
100016e0:	f201 72fc 	addw	r2, r1, #2044	@ 0x7fc
100016e4:	f640 73fe 	movw	r3, #4094	@ 0xffe
100016e8:	429a      	cmp	r2, r3
100016ea:	d808      	bhi.n	100016fe <make_j_16+0x22>
100016ec:	1f08      	subs	r0, r1, #4
100016ee:	f011 0f01 	tst.w	r1, #1
100016f2:	d104      	bne.n	100016fe <make_j_16+0x22>
100016f4:	f3c0 004a 	ubfx	r0, r0, #1, #11
100016f8:	f440 4060 	orr.w	r0, r0, #57344	@ 0xe000
100016fc:	bd08      	pop	{r3, pc}
100016fe:	4b03      	ldr	r3, [pc, #12]	@ (1000170c <make_j_16+0x30>)
10001700:	4a03      	ldr	r2, [pc, #12]	@ (10001710 <make_j_16+0x34>)
10001702:	f44f 7187 	mov.w	r1, #270	@ 0x10e
10001706:	4803      	ldr	r0, [pc, #12]	@ (10001714 <make_j_16+0x38>)
10001708:	f002 fc6a 	bl	10003fe0 <__assert_func>
1000170c:	100081e0 	.word	0x100081e0
10001710:	10009e18 	.word	0x10009e18
10001714:	10008198 	.word	0x10008198

10001718 <irq_is_enabled>:
10001718:	0942      	lsrs	r2, r0, #5
1000171a:	4b06      	ldr	r3, [pc, #24]	@ (10001734 <irq_is_enabled+0x1c>)
1000171c:	f853 3022 	ldr.w	r3, [r3, r2, lsl #2]
10001720:	f000 001f 	and.w	r0, r0, #31
10001724:	2201      	movs	r2, #1
10001726:	4082      	lsls	r2, r0
10001728:	ea03 0002 	and.w	r0, r3, r2
1000172c:	3800      	subs	r0, #0
1000172e:	bf18      	it	ne
10001730:	2001      	movne	r0, #1
10001732:	4770      	bx	lr
10001734:	e000e100 	.word	0xe000e100

10001738 <irq_set_mask_n_enabled>:
10001738:	b13a      	cbz	r2, 1000174a <irq_set_mask_n_enabled+0x12>
1000173a:	4b06      	ldr	r3, [pc, #24]	@ (10001754 <irq_set_mask_n_enabled+0x1c>)
1000173c:	f100 0260 	add.w	r2, r0, #96	@ 0x60
10001740:	f843 1022 	str.w	r1, [r3, r2, lsl #2]
10001744:	f843 1020 	str.w	r1, [r3, r0, lsl #2]
10001748:	4770      	bx	lr
1000174a:	3020      	adds	r0, #32
1000174c:	4b01      	ldr	r3, [pc, #4]	@ (10001754 <irq_set_mask_n_enabled+0x1c>)
1000174e:	f843 1020 	str.w	r1, [r3, r0, lsl #2]
10001752:	4770      	bx	lr
10001754:	e000e100 	.word	0xe000e100

10001758 <irq_set_enabled>:
10001758:	b508      	push	{r3, lr}
1000175a:	460a      	mov	r2, r1
1000175c:	f000 031f 	and.w	r3, r0, #31
10001760:	2101      	movs	r1, #1
10001762:	4099      	lsls	r1, r3
10001764:	0940      	lsrs	r0, r0, #5
10001766:	f7ff ffe7 	bl	10001738 <irq_set_mask_n_enabled>
1000176a:	bd08      	pop	{r3, pc}

1000176c <irq_set_pending>:
1000176c:	f000 021f 	and.w	r2, r0, #31
10001770:	0940      	lsrs	r0, r0, #5
10001772:	2301      	movs	r3, #1
10001774:	4093      	lsls	r3, r2
10001776:	3040      	adds	r0, #64	@ 0x40
10001778:	4a01      	ldr	r2, [pc, #4]	@ (10001780 <irq_set_pending+0x14>)
1000177a:	f842 3020 	str.w	r3, [r2, r0, lsl #2]
1000177e:	4770      	bx	lr
10001780:	e000e100 	.word	0xe000e100

10001784 <irq_get_vtable_handler>:
10001784:	4b02      	ldr	r3, [pc, #8]	@ (10001790 <irq_get_vtable_handler+0xc>)
10001786:	689b      	ldr	r3, [r3, #8]
10001788:	3010      	adds	r0, #16
1000178a:	f853 0020 	ldr.w	r0, [r3, r0, lsl #2]
1000178e:	4770      	bx	lr
10001790:	e000ed00 	.word	0xe000ed00

10001794 <irq_has_shared_handler>:
10001794:	b508      	push	{r3, lr}
10001796:	f7ff fff5 	bl	10001784 <irq_get_vtable_handler>
1000179a:	4b03      	ldr	r3, [pc, #12]	@ (100017a8 <irq_has_shared_handler+0x14>)
1000179c:	1ac0      	subs	r0, r0, r3
1000179e:	282f      	cmp	r0, #47	@ 0x2f
100017a0:	bf8c      	ite	hi
100017a2:	2000      	movhi	r0, #0
100017a4:	2001      	movls	r0, #1
100017a6:	bd08      	pop	{r3, pc}
100017a8:	20000e1c 	.word	0x20000e1c

100017ac <irq_set_exclusive_handler>:
100017ac:	b570      	push	{r4, r5, r6, lr}
100017ae:	4605      	mov	r5, r0
100017b0:	460c      	mov	r4, r1
100017b2:	f3ef 8610 	mrs	r6, PRIMASK
100017b6:	b672      	cpsid	i
100017b8:	4b0f      	ldr	r3, [pc, #60]	@ (100017f8 <irq_set_exclusive_handler+0x4c>)
100017ba:	e8d3 1fcf 	ldaexb	r1, [r3]
100017be:	2201      	movs	r2, #1
100017c0:	2900      	cmp	r1, #0
100017c2:	d1fa      	bne.n	100017ba <irq_set_exclusive_handler+0xe>
100017c4:	e8c3 2f41 	strexb	r1, r2, [r3]
100017c8:	2900      	cmp	r1, #0
100017ca:	d1f6      	bne.n	100017ba <irq_set_exclusive_handler+0xe>
100017cc:	f3bf 8f5f 	dmb	sy
100017d0:	f7ff ffd8 	bl	10001784 <irq_get_vtable_handler>
100017d4:	4b09      	ldr	r3, [pc, #36]	@ (100017fc <irq_set_exclusive_handler+0x50>)
100017d6:	4298      	cmp	r0, r3
100017d8:	d001      	beq.n	100017de <irq_set_exclusive_handler+0x32>
100017da:	42a0      	cmp	r0, r4
100017dc:	d105      	bne.n	100017ea <irq_set_exclusive_handler+0x3e>
100017de:	4632      	mov	r2, r6
100017e0:	4621      	mov	r1, r4
100017e2:	4628      	mov	r0, r5
100017e4:	f7ff ff36 	bl	10001654 <set_raw_irq_handler_and_unlock>
100017e8:	bd70      	pop	{r4, r5, r6, pc}
100017ea:	4b05      	ldr	r3, [pc, #20]	@ (10001800 <irq_set_exclusive_handler+0x54>)
100017ec:	4a05      	ldr	r2, [pc, #20]	@ (10001804 <irq_set_exclusive_handler+0x58>)
100017ee:	21ed      	movs	r1, #237	@ 0xed
100017f0:	4805      	ldr	r0, [pc, #20]	@ (10001808 <irq_set_exclusive_handler+0x5c>)
100017f2:	f002 fbf5 	bl	10003fe0 <__assert_func>
100017f6:	bf00      	nop
100017f8:	200018cd 	.word	0x200018cd
100017fc:	10000111 	.word	0x10000111
10001800:	10008210 	.word	0x10008210
10001804:	10009e4c 	.word	0x10009e4c
10001808:	10008198 	.word	0x10008198

1000180c <irq_add_shared_handler>:
1000180c:	e92d 4ff0 	stmdb	sp!, {r4, r5, r6, r7, r8, r9, sl, fp, lr}
10001810:	b087      	sub	sp, #28
10001812:	9100      	str	r1, [sp, #0]
10001814:	4615      	mov	r5, r2
10001816:	f3ef 8a10 	mrs	sl, PRIMASK
1000181a:	b672      	cpsid	i
1000181c:	4b7c      	ldr	r3, [pc, #496]	@ (10001a10 <irq_add_shared_handler+0x204>)
1000181e:	e8d3 1fcf 	ldaexb	r1, [r3]
10001822:	2201      	movs	r2, #1
10001824:	2900      	cmp	r1, #0
10001826:	d1fa      	bne.n	1000181e <irq_add_shared_handler+0x12>
10001828:	e8c3 2f41 	strexb	r1, r2, [r3]
1000182c:	2900      	cmp	r1, #0
1000182e:	d1f6      	bne.n	1000181e <irq_add_shared_handler+0x12>
10001830:	f3bf 8f5f 	dmb	sy
10001834:	4b77      	ldr	r3, [pc, #476]	@ (10001a14 <irq_add_shared_handler+0x208>)
10001836:	f993 4000 	ldrsb.w	r4, [r3]
1000183a:	2c00      	cmp	r4, #0
1000183c:	db44      	blt.n	100018c8 <irq_add_shared_handler+0xbc>
1000183e:	4680      	mov	r8, r0
10001840:	eb04 0744 	add.w	r7, r4, r4, lsl #1
10001844:	4b74      	ldr	r3, [pc, #464]	@ (10001a18 <irq_add_shared_handler+0x20c>)
10001846:	eb03 0787 	add.w	r7, r3, r7, lsl #2
1000184a:	f997 1006 	ldrsb.w	r1, [r7, #6]
1000184e:	4a71      	ldr	r2, [pc, #452]	@ (10001a14 <irq_add_shared_handler+0x208>)
10001850:	7011      	strb	r1, [r2, #0]
10001852:	4a72      	ldr	r2, [pc, #456]	@ (10001a1c <irq_add_shared_handler+0x210>)
10001854:	6892      	ldr	r2, [r2, #8]
10001856:	f100 0110 	add.w	r1, r0, #16
1000185a:	f852 9021 	ldr.w	r9, [r2, r1, lsl #2]
1000185e:	eba9 0203 	sub.w	r2, r9, r3
10001862:	2a2f      	cmp	r2, #47	@ 0x2f
10001864:	d93e      	bls.n	100018e4 <irq_add_shared_handler+0xd8>
10001866:	4b6e      	ldr	r3, [pc, #440]	@ (10001a20 <irq_add_shared_handler+0x214>)
10001868:	4599      	cmp	r9, r3
1000186a:	d134      	bne.n	100018d6 <irq_add_shared_handler+0xca>
1000186c:	f44f 4321 	mov.w	r3, #41216	@ 0xa100
10001870:	f8ad 300c 	strh.w	r3, [sp, #12]
10001874:	ea4f 0944 	mov.w	r9, r4, lsl #1
10001878:	eb04 0044 	add.w	r0, r4, r4, lsl #1
1000187c:	4e66      	ldr	r6, [pc, #408]	@ (10001a18 <irq_add_shared_handler+0x20c>)
1000187e:	eb06 0080 	add.w	r0, r6, r0, lsl #2
10001882:	4968      	ldr	r1, [pc, #416]	@ (10001a24 <irq_add_shared_handler+0x218>)
10001884:	3002      	adds	r0, #2
10001886:	f7ff ff29 	bl	100016dc <make_j_16>
1000188a:	f8ad 000e 	strh.w	r0, [sp, #14]
1000188e:	f64b 5301 	movw	r3, #48385	@ 0xbd01
10001892:	f8ad 3010 	strh.w	r3, [sp, #16]
10001896:	23ff      	movs	r3, #255	@ 0xff
10001898:	f88d 3012 	strb.w	r3, [sp, #18]
1000189c:	f88d 5013 	strb.w	r5, [sp, #19]
100018a0:	9b00      	ldr	r3, [sp, #0]
100018a2:	9305      	str	r3, [sp, #20]
100018a4:	44a1      	add	r9, r4
100018a6:	eb06 0389 	add.w	r3, r6, r9, lsl #2
100018aa:	aa06      	add	r2, sp, #24
100018ac:	e912 0007 	ldmdb	r2, {r0, r1, r2}
100018b0:	e883 0007 	stmia.w	r3, {r0, r1, r2}
100018b4:	f047 0901 	orr.w	r9, r7, #1
100018b8:	4652      	mov	r2, sl
100018ba:	4649      	mov	r1, r9
100018bc:	4640      	mov	r0, r8
100018be:	f7ff fec9 	bl	10001654 <set_raw_irq_handler_and_unlock>
100018c2:	b007      	add	sp, #28
100018c4:	e8bd 8ff0 	ldmia.w	sp!, {r4, r5, r6, r7, r8, r9, sl, fp, pc}
100018c8:	4b57      	ldr	r3, [pc, #348]	@ (10001a28 <irq_add_shared_handler+0x21c>)
100018ca:	4a58      	ldr	r2, [pc, #352]	@ (10001a2c <irq_add_shared_handler+0x220>)
100018cc:	f44f 71be 	mov.w	r1, #380	@ 0x17c
100018d0:	4857      	ldr	r0, [pc, #348]	@ (10001a30 <irq_add_shared_handler+0x224>)
100018d2:	f002 fb85 	bl	10003fe0 <__assert_func>
100018d6:	4b57      	ldr	r3, [pc, #348]	@ (10001a34 <irq_add_shared_handler+0x228>)
100018d8:	4a54      	ldr	r2, [pc, #336]	@ (10001a2c <irq_add_shared_handler+0x220>)
100018da:	f240 1183 	movw	r1, #387	@ 0x183
100018de:	4854      	ldr	r0, [pc, #336]	@ (10001a30 <irq_add_shared_handler+0x224>)
100018e0:	f002 fb7e 	bl	10003fe0 <__assert_func>
100018e4:	f029 0b01 	bic.w	fp, r9, #1
100018e8:	ebab 0303 	sub.w	r3, fp, r3
100018ec:	4a52      	ldr	r2, [pc, #328]	@ (10001a38 <irq_add_shared_handler+0x22c>)
100018ee:	fba2 1203 	umull	r1, r2, r2, r3
100018f2:	08d2      	lsrs	r2, r2, #3
100018f4:	eb02 0242 	add.w	r2, r2, r2, lsl #1
100018f8:	ebb3 0f82 	cmp.w	r3, r2, lsl #2
100018fc:	d10f      	bne.n	1000191e <irq_add_shared_handler+0x112>
100018fe:	465b      	mov	r3, fp
10001900:	2600      	movs	r6, #0
10001902:	79da      	ldrb	r2, [r3, #7]
10001904:	42aa      	cmp	r2, r5
10001906:	d912      	bls.n	1000192e <irq_add_shared_handler+0x122>
10001908:	f993 2006 	ldrsb.w	r2, [r3, #6]
1000190c:	2a00      	cmp	r2, #0
1000190e:	db0d      	blt.n	1000192c <irq_add_shared_handler+0x120>
10001910:	eb02 0242 	add.w	r2, r2, r2, lsl #1
10001914:	461e      	mov	r6, r3
10001916:	4b40      	ldr	r3, [pc, #256]	@ (10001a18 <irq_add_shared_handler+0x20c>)
10001918:	eb03 0382 	add.w	r3, r3, r2, lsl #2
1000191c:	e7f1      	b.n	10001902 <irq_add_shared_handler+0xf6>
1000191e:	4b47      	ldr	r3, [pc, #284]	@ (10001a3c <irq_add_shared_handler+0x230>)
10001920:	4a42      	ldr	r2, [pc, #264]	@ (10001a2c <irq_add_shared_handler+0x220>)
10001922:	f44f 71ca 	mov.w	r1, #404	@ 0x194
10001926:	4842      	ldr	r0, [pc, #264]	@ (10001a30 <irq_add_shared_handler+0x224>)
10001928:	f002 fb5a 	bl	10003fe0 <__assert_func>
1000192c:	461e      	mov	r6, r3
1000192e:	b3a6      	cbz	r6, 1000199a <irq_add_shared_handler+0x18e>
10001930:	f644 0301 	movw	r3, #18433	@ 0x4801
10001934:	f8ad 300c 	strh.w	r3, [sp, #12]
10001938:	f44f 438f 	mov.w	r3, #18304	@ 0x4780
1000193c:	f8ad 300e 	strh.w	r3, [sp, #14]
10001940:	f996 b006 	ldrsb.w	fp, [r6, #6]
10001944:	f1bb 0f00 	cmp.w	fp, #0
10001948:	da1a      	bge.n	10001980 <irq_add_shared_handler+0x174>
1000194a:	f64b 5001 	movw	r0, #48385	@ 0xbd01
1000194e:	f8ad 0010 	strh.w	r0, [sp, #16]
10001952:	f88d b012 	strb.w	fp, [sp, #18]
10001956:	f88d 5013 	strb.w	r5, [sp, #19]
1000195a:	9b00      	ldr	r3, [sp, #0]
1000195c:	9305      	str	r3, [sp, #20]
1000195e:	4639      	mov	r1, r7
10001960:	1d30      	adds	r0, r6, #4
10001962:	f7ff febb 	bl	100016dc <make_j_16>
10001966:	80b0      	strh	r0, [r6, #4]
10001968:	71b4      	strb	r4, [r6, #6]
1000196a:	eb04 0444 	add.w	r4, r4, r4, lsl #1
1000196e:	4b2a      	ldr	r3, [pc, #168]	@ (10001a18 <irq_add_shared_handler+0x20c>)
10001970:	eb03 0384 	add.w	r3, r3, r4, lsl #2
10001974:	aa06      	add	r2, sp, #24
10001976:	e912 0007 	ldmdb	r2, {r0, r1, r2}
1000197a:	e883 0007 	stmia.w	r3, {r0, r1, r2}
1000197e:	e79b      	b.n	100018b8 <irq_add_shared_handler+0xac>
10001980:	1d30      	adds	r0, r6, #4
10001982:	f7ff fe8b 	bl	1000169c <resolve_j_16>
10001986:	4601      	mov	r1, r0
10001988:	eb04 0244 	add.w	r2, r4, r4, lsl #1
1000198c:	4b22      	ldr	r3, [pc, #136]	@ (10001a18 <irq_add_shared_handler+0x20c>)
1000198e:	eb03 0382 	add.w	r3, r3, r2, lsl #2
10001992:	1d18      	adds	r0, r3, #4
10001994:	f7ff fea2 	bl	100016dc <make_j_16>
10001998:	e7d9      	b.n	1000194e <irq_add_shared_handler+0x142>
1000199a:	f44f 4321 	mov.w	r3, #41216	@ 0xa100
1000199e:	f8ad 300c 	strh.w	r3, [sp, #12]
100019a2:	0063      	lsls	r3, r4, #1
100019a4:	9301      	str	r3, [sp, #4]
100019a6:	eb04 0644 	add.w	r6, r4, r4, lsl #1
100019aa:	f8df 906c 	ldr.w	r9, [pc, #108]	@ 10001a18 <irq_add_shared_handler+0x20c>
100019ae:	eb09 0686 	add.w	r6, r9, r6, lsl #2
100019b2:	491c      	ldr	r1, [pc, #112]	@ (10001a24 <irq_add_shared_handler+0x218>)
100019b4:	1cb0      	adds	r0, r6, #2
100019b6:	f7ff fe91 	bl	100016dc <make_j_16>
100019ba:	f8ad 000e 	strh.w	r0, [sp, #14]
100019be:	4659      	mov	r1, fp
100019c0:	1d30      	adds	r0, r6, #4
100019c2:	f7ff fe8b 	bl	100016dc <make_j_16>
100019c6:	f8ad 0010 	strh.w	r0, [sp, #16]
100019ca:	f64a 23aa 	movw	r3, #43690	@ 0xaaaa
100019ce:	465a      	mov	r2, fp
100019d0:	4649      	mov	r1, r9
100019d2:	1a52      	subs	r2, r2, r1
100019d4:	4152      	adcs	r2, r2
100019d6:	4353      	muls	r3, r2
100019d8:	0d1b      	lsrs	r3, r3, #20
100019da:	f88d 3012 	strb.w	r3, [sp, #18]
100019de:	f88d 5013 	strb.w	r5, [sp, #19]
100019e2:	9a00      	ldr	r2, [sp, #0]
100019e4:	9205      	str	r2, [sp, #20]
100019e6:	9b01      	ldr	r3, [sp, #4]
100019e8:	4423      	add	r3, r4
100019ea:	eb09 0983 	add.w	r9, r9, r3, lsl #2
100019ee:	ab06      	add	r3, sp, #24
100019f0:	e913 0007 	ldmdb	r3, {r0, r1, r2}
100019f4:	e889 0007 	stmia.w	r9, {r0, r1, r2}
100019f8:	f644 0301 	movw	r3, #18433	@ 0x4801
100019fc:	f8ab 3000 	strh.w	r3, [fp]
10001a00:	f44f 438f 	mov.w	r3, #18304	@ 0x4780
10001a04:	f8ab 3002 	strh.w	r3, [fp, #2]
10001a08:	f047 0901 	orr.w	r9, r7, #1
10001a0c:	e754      	b.n	100018b8 <irq_add_shared_handler+0xac>
10001a0e:	bf00      	nop
10001a10:	200018cd 	.word	0x200018cd
10001a14:	200021d4 	.word	0x200021d4
10001a18:	20000e1c 	.word	0x20000e1c
10001a1c:	e000ed00 	.word	0xe000ed00
10001a20:	10000111 	.word	0x10000111
10001a24:	20000e4c 	.word	0x20000e4c
10001a28:	10008248 	.word	0x10008248
10001a2c:	10009e34 	.word	0x10009e34
10001a30:	10008198 	.word	0x10008198
10001a34:	10008270 	.word	0x10008270
10001a38:	aaaaaaab 	.word	0xaaaaaaab
10001a3c:	10008298 	.word	0x10008298

10001a40 <irq_add_tail_to_free_list>:
10001a40:	b538      	push	{r3, r4, r5, lr}
10001a42:	f040 0401 	orr.w	r4, r0, #1
10001a46:	4b32      	ldr	r3, [pc, #200]	@ (10001b10 <irq_add_tail_to_free_list+0xd0>)
10001a48:	1ae3      	subs	r3, r4, r3
10001a4a:	2b2f      	cmp	r3, #47	@ 0x2f
10001a4c:	d831      	bhi.n	10001ab2 <irq_add_tail_to_free_list+0x72>
10001a4e:	f3ef 8105 	mrs	r1, IPSR
10001a52:	b2c9      	uxtb	r1, r1
10001a54:	2900      	cmp	r1, #0
10001a56:	d033      	beq.n	10001ac0 <irq_add_tail_to_free_list+0x80>
10001a58:	f3ef 8e10 	mrs	lr, PRIMASK
10001a5c:	b672      	cpsid	i
10001a5e:	4b2d      	ldr	r3, [pc, #180]	@ (10001b14 <irq_add_tail_to_free_list+0xd4>)
10001a60:	e8d3 5fcf 	ldaexb	r5, [r3]
10001a64:	2201      	movs	r2, #1
10001a66:	2d00      	cmp	r5, #0
10001a68:	d1fa      	bne.n	10001a60 <irq_add_tail_to_free_list+0x20>
10001a6a:	e8c3 2f45 	strexb	r5, r2, [r3]
10001a6e:	2d00      	cmp	r5, #0
10001a70:	d1f6      	bne.n	10001a60 <irq_add_tail_to_free_list+0x20>
10001a72:	f3bf 8f5f 	dmb	sy
10001a76:	f64a 23aa 	movw	r3, #43690	@ 0xaaaa
10001a7a:	4602      	mov	r2, r0
10001a7c:	4d24      	ldr	r5, [pc, #144]	@ (10001b10 <irq_add_tail_to_free_list+0xd0>)
10001a7e:	1b52      	subs	r2, r2, r5
10001a80:	4152      	adcs	r2, r2
10001a82:	4353      	muls	r3, r2
10001a84:	0d1b      	lsrs	r3, r3, #20
10001a86:	fa4f fc83 	sxtb.w	ip, r3
10001a8a:	4b23      	ldr	r3, [pc, #140]	@ (10001b18 <irq_add_tail_to_free_list+0xd8>)
10001a8c:	689b      	ldr	r3, [r3, #8]
10001a8e:	f853 3021 	ldr.w	r3, [r3, r1, lsl #2]
10001a92:	42a3      	cmp	r3, r4
10001a94:	d01b      	beq.n	10001ace <irq_add_tail_to_free_list+0x8e>
10001a96:	2300      	movs	r3, #0
10001a98:	2b03      	cmp	r3, #3
10001a9a:	d832      	bhi.n	10001b02 <irq_add_tail_to_free_list+0xc2>
10001a9c:	eb03 0143 	add.w	r1, r3, r3, lsl #1
10001aa0:	4a1b      	ldr	r2, [pc, #108]	@ (10001b10 <irq_add_tail_to_free_list+0xd0>)
10001aa2:	eb02 0281 	add.w	r2, r2, r1, lsl #2
10001aa6:	f992 2006 	ldrsb.w	r2, [r2, #6]
10001aaa:	4562      	cmp	r2, ip
10001aac:	d020      	beq.n	10001af0 <irq_add_tail_to_free_list+0xb0>
10001aae:	3301      	adds	r3, #1
10001ab0:	e7f2      	b.n	10001a98 <irq_add_tail_to_free_list+0x58>
10001ab2:	4b1a      	ldr	r3, [pc, #104]	@ (10001b1c <irq_add_tail_to_free_list+0xdc>)
10001ab4:	4a1a      	ldr	r2, [pc, #104]	@ (10001b20 <irq_add_tail_to_free_list+0xe0>)
10001ab6:	f240 217f 	movw	r1, #639	@ 0x27f
10001aba:	481a      	ldr	r0, [pc, #104]	@ (10001b24 <irq_add_tail_to_free_list+0xe4>)
10001abc:	f002 fa90 	bl	10003fe0 <__assert_func>
10001ac0:	4b19      	ldr	r3, [pc, #100]	@ (10001b28 <irq_add_tail_to_free_list+0xe8>)
10001ac2:	4a17      	ldr	r2, [pc, #92]	@ (10001b20 <irq_add_tail_to_free_list+0xe0>)
10001ac4:	f240 2182 	movw	r1, #642	@ 0x282
10001ac8:	4816      	ldr	r0, [pc, #88]	@ (10001b24 <irq_add_tail_to_free_list+0xe4>)
10001aca:	f002 fa89 	bl	10003fe0 <__assert_func>
10001ace:	4b12      	ldr	r3, [pc, #72]	@ (10001b18 <irq_add_tail_to_free_list+0xd8>)
10001ad0:	689b      	ldr	r3, [r3, #8]
10001ad2:	4a16      	ldr	r2, [pc, #88]	@ (10001b2c <irq_add_tail_to_free_list+0xec>)
10001ad4:	f843 2021 	str.w	r2, [r3, r1, lsl #2]
10001ad8:	4b15      	ldr	r3, [pc, #84]	@ (10001b30 <irq_add_tail_to_free_list+0xf0>)
10001ada:	781a      	ldrb	r2, [r3, #0]
10001adc:	7182      	strb	r2, [r0, #6]
10001ade:	f883 c000 	strb.w	ip, [r3]
10001ae2:	2300      	movs	r3, #0
10001ae4:	4a0b      	ldr	r2, [pc, #44]	@ (10001b14 <irq_add_tail_to_free_list+0xd4>)
10001ae6:	e8c2 3f8f 	stlb	r3, [r2]
10001aea:	f38e 8810 	msr	PRIMASK, lr
10001aee:	bd38      	pop	{r3, r4, r5, pc}
10001af0:	4a07      	ldr	r2, [pc, #28]	@ (10001b10 <irq_add_tail_to_free_list+0xd0>)
10001af2:	eb02 0181 	add.w	r1, r2, r1, lsl #2
10001af6:	24ff      	movs	r4, #255	@ 0xff
10001af8:	718c      	strb	r4, [r1, #6]
10001afa:	f64b 5301 	movw	r3, #48385	@ 0xbd01
10001afe:	808b      	strh	r3, [r1, #4]
10001b00:	e7ea      	b.n	10001ad8 <irq_add_tail_to_free_list+0x98>
10001b02:	4b0c      	ldr	r3, [pc, #48]	@ (10001b34 <irq_add_tail_to_free_list+0xf4>)
10001b04:	4a06      	ldr	r2, [pc, #24]	@ (10001b20 <irq_add_tail_to_free_list+0xe0>)
10001b06:	f240 2193 	movw	r1, #659	@ 0x293
10001b0a:	4806      	ldr	r0, [pc, #24]	@ (10001b24 <irq_add_tail_to_free_list+0xe4>)
10001b0c:	f002 fa68 	bl	10003fe0 <__assert_func>
10001b10:	20000e1c 	.word	0x20000e1c
10001b14:	200018cd 	.word	0x200018cd
10001b18:	e000ed00 	.word	0xe000ed00
10001b1c:	1000831c 	.word	0x1000831c
10001b20:	10009dfc 	.word	0x10009dfc
10001b24:	10008198 	.word	0x10008198
10001b28:	10008344 	.word	0x10008344
10001b2c:	10000111 	.word	0x10000111
10001b30:	200021d4 	.word	0x200021d4
10001b34:	10008350 	.word	0x10008350

10001b38 <user_irq_claim_unused>:
10001b38:	b500      	push	{lr}
10001b3a:	b083      	sub	sp, #12
10001b3c:	4601      	mov	r1, r0
10001b3e:	4b07      	ldr	r3, [pc, #28]	@ (10001b5c <user_irq_claim_unused+0x24>)
10001b40:	9300      	str	r3, [sp, #0]
10001b42:	2305      	movs	r3, #5
10001b44:	2200      	movs	r2, #0
10001b46:	4806      	ldr	r0, [pc, #24]	@ (10001b60 <user_irq_claim_unused+0x28>)
10001b48:	f7ff fd27 	bl	1000159a <hw_claim_unused_from_range>
10001b4c:	2800      	cmp	r0, #0
10001b4e:	db01      	blt.n	10001b54 <user_irq_claim_unused+0x1c>
10001b50:	f1c0 0033 	rsb	r0, r0, #51	@ 0x33
10001b54:	b003      	add	sp, #12
10001b56:	f85d fb04 	ldr.w	pc, [sp], #4
10001b5a:	bf00      	nop
10001b5c:	10008358 	.word	0x10008358
10001b60:	200021d8 	.word	0x200021d8

10001b64 <lock_init>:
10001b64:	4b01      	ldr	r3, [pc, #4]	@ (10001b6c <lock_init+0x8>)
10001b66:	440b      	add	r3, r1
10001b68:	6003      	str	r3, [r0, #0]
10001b6a:	4770      	bx	lr
10001b6c:	200018c4 	.word	0x200018c4

10001b70 <mutex_init>:
10001b70:	b510      	push	{r4, lr}
10001b72:	4604      	mov	r4, r0
10001b74:	f7ff fd38 	bl	100015e8 <next_striped_spin_lock_num>
10001b78:	4601      	mov	r1, r0
10001b7a:	4620      	mov	r0, r4
10001b7c:	f7ff fff2 	bl	10001b64 <lock_init>
10001b80:	23ff      	movs	r3, #255	@ 0xff
10001b82:	7123      	strb	r3, [r4, #4]
10001b84:	f3bf 8f5f 	dmb	sy
10001b88:	bd10      	pop	{r4, pc}

10001b8a <recursive_mutex_init>:
10001b8a:	b510      	push	{r4, lr}
10001b8c:	4604      	mov	r4, r0
10001b8e:	f7ff fd2b 	bl	100015e8 <next_striped_spin_lock_num>
10001b92:	4601      	mov	r1, r0
10001b94:	4620      	mov	r0, r4
10001b96:	f7ff ffe5 	bl	10001b64 <lock_init>
10001b9a:	23ff      	movs	r3, #255	@ 0xff
10001b9c:	7123      	strb	r3, [r4, #4]
10001b9e:	2300      	movs	r3, #0
10001ba0:	7163      	strb	r3, [r4, #5]
10001ba2:	f3bf 8f5f 	dmb	sy
10001ba6:	bd10      	pop	{r4, pc}

10001ba8 <runtime_init_mutex>:
10001ba8:	b510      	push	{r4, lr}
10001baa:	4c0d      	ldr	r4, [pc, #52]	@ (10001be0 <runtime_init_mutex+0x38>)
10001bac:	e009      	b.n	10001bc2 <runtime_init_mutex+0x1a>
10001bae:	4b0d      	ldr	r3, [pc, #52]	@ (10001be4 <runtime_init_mutex+0x3c>)
10001bb0:	4a0d      	ldr	r2, [pc, #52]	@ (10001be8 <runtime_init_mutex+0x40>)
10001bb2:	211a      	movs	r1, #26
10001bb4:	480d      	ldr	r0, [pc, #52]	@ (10001bec <runtime_init_mutex+0x44>)
10001bb6:	f002 fa13 	bl	10003fe0 <__assert_func>
10001bba:	4620      	mov	r0, r4
10001bbc:	f7ff ffd8 	bl	10001b70 <mutex_init>
10001bc0:	3408      	adds	r4, #8
10001bc2:	4b0b      	ldr	r3, [pc, #44]	@ (10001bf0 <runtime_init_mutex+0x48>)
10001bc4:	429c      	cmp	r4, r3
10001bc6:	d209      	bcs.n	10001bdc <runtime_init_mutex+0x34>
10001bc8:	6823      	ldr	r3, [r4, #0]
10001bca:	2b00      	cmp	r3, #0
10001bcc:	d0f5      	beq.n	10001bba <runtime_init_mutex+0x12>
10001bce:	2b01      	cmp	r3, #1
10001bd0:	d1ed      	bne.n	10001bae <runtime_init_mutex+0x6>
10001bd2:	4620      	mov	r0, r4
10001bd4:	f7ff ffd9 	bl	10001b8a <recursive_mutex_init>
10001bd8:	3408      	adds	r4, #8
10001bda:	e7f2      	b.n	10001bc2 <runtime_init_mutex+0x1a>
10001bdc:	bd10      	pop	{r4, pc}
10001bde:	bf00      	nop
10001be0:	20001420 	.word	0x20001420
10001be4:	10008374 	.word	0x10008374
10001be8:	10009e8c 	.word	0x10009e8c
10001bec:	10008394 	.word	0x10008394
10001bf0:	20001428 	.word	0x20001428

10001bf4 <critical_section_init_with_lock_num>:
10001bf4:	4b02      	ldr	r3, [pc, #8]	@ (10001c00 <critical_section_init_with_lock_num+0xc>)
10001bf6:	440b      	add	r3, r1
10001bf8:	6003      	str	r3, [r0, #0]
10001bfa:	f3bf 8f5f 	dmb	sy
10001bfe:	4770      	bx	lr
10001c00:	200018c4 	.word	0x200018c4

10001c04 <critical_section_init>:
10001c04:	b510      	push	{r4, lr}
10001c06:	4604      	mov	r4, r0
10001c08:	2001      	movs	r0, #1
10001c0a:	f7ff fcfb 	bl	10001604 <spin_lock_claim_unused>
10001c0e:	4601      	mov	r1, r0
10001c10:	4620      	mov	r0, r4
10001c12:	f7ff ffef 	bl	10001bf4 <critical_section_init_with_lock_num>
10001c16:	bd10      	pop	{r4, pc}

10001c18 <ta_from_current_irq>:
10001c18:	4602      	mov	r2, r0
10001c1a:	f3ef 8305 	mrs	r3, IPSR
10001c1e:	b2db      	uxtb	r3, r3
10001c20:	3b10      	subs	r3, #16
10001c22:	0899      	lsrs	r1, r3, #2
10001c24:	d004      	beq.n	10001c30 <ta_from_current_irq+0x18>
10001c26:	4803      	ldr	r0, [pc, #12]	@ (10001c34 <ta_from_current_irq+0x1c>)
10001c28:	f003 0303 	and.w	r3, r3, #3
10001c2c:	6013      	str	r3, [r2, #0]
10001c2e:	4770      	bx	lr
10001c30:	4801      	ldr	r0, [pc, #4]	@ (10001c38 <ta_from_current_irq+0x20>)
10001c32:	e7f9      	b.n	10001c28 <ta_from_current_irq+0x10>
10001c34:	400b8000 	.word	0x400b8000
10001c38:	400b0000 	.word	0x400b0000

10001c3c <ta_set_timeout>:
10001c3c:	b410      	push	{r4}
10001c3e:	6a84      	ldr	r4, [r0, #40]	@ 0x28
10001c40:	eba2 0c04 	sub.w	ip, r2, r4
10001c44:	1d0b      	adds	r3, r1, #4
10001c46:	f850 3023 	ldr.w	r3, [r0, r3, lsl #2]
10001c4a:	1b1b      	subs	r3, r3, r4
10001c4c:	459c      	cmp	ip, r3
10001c4e:	d304      	bcc.n	10001c5a <ta_set_timeout+0x1e>
10001c50:	6a04      	ldr	r4, [r0, #32]
10001c52:	2301      	movs	r3, #1
10001c54:	408b      	lsls	r3, r1
10001c56:	421c      	tst	r4, r3
10001c58:	d102      	bne.n	10001c60 <ta_set_timeout+0x24>
10001c5a:	3104      	adds	r1, #4
10001c5c:	f840 2021 	str.w	r2, [r0, r1, lsl #2]
10001c60:	f85d 4b04 	ldr.w	r4, [sp], #4
10001c64:	4770      	bx	lr

10001c66 <make_alarm_id>:
10001c66:	ea41 4000 	orr.w	r0, r1, r0, lsl #16
10001c6a:	4770      	bx	lr

10001c6c <sleep_until_callback>:
10001c6c:	4b0d      	ldr	r3, [pc, #52]	@ (10001ca4 <sleep_until_callback+0x38>)
10001c6e:	681a      	ldr	r2, [r3, #0]
10001c70:	f3ef 8110 	mrs	r1, PRIMASK
10001c74:	b672      	cpsid	i
10001c76:	e8d2 cfcf 	ldaexb	ip, [r2]
10001c7a:	2001      	movs	r0, #1
10001c7c:	f1bc 0f00 	cmp.w	ip, #0
10001c80:	d1f9      	bne.n	10001c76 <sleep_until_callback+0xa>
10001c82:	e8c2 0f4c 	strexb	ip, r0, [r2]
10001c86:	f1bc 0f00 	cmp.w	ip, #0
10001c8a:	d1f4      	bne.n	10001c76 <sleep_until_callback+0xa>
10001c8c:	f3bf 8f5f 	dmb	sy
10001c90:	681a      	ldr	r2, [r3, #0]
10001c92:	2300      	movs	r3, #0
10001c94:	e8c2 3f8f 	stlb	r3, [r2]
10001c98:	f381 8810 	msr	PRIMASK, r1
10001c9c:	bf40      	sev
10001c9e:	2000      	movs	r0, #0
10001ca0:	2100      	movs	r1, #0
10001ca2:	4770      	bx	lr
10001ca4:	200021b4 	.word	0x200021b4

10001ca8 <alarm_pool_irq_handler>:
10001ca8:	e92d 4ff0 	stmdb	sp!, {r4, r5, r6, r7, r8, r9, sl, fp, lr}
10001cac:	b085      	sub	sp, #20
10001cae:	a803      	add	r0, sp, #12
10001cb0:	f7ff ffb2 	bl	10001c18 <ta_from_current_irq>
10001cb4:	4b95      	ldr	r3, [pc, #596]	@ (10001f0c <alarm_pool_irq_handler+0x264>)
10001cb6:	4298      	cmp	r0, r3
10001cb8:	bf14      	ite	ne
10001cba:	2300      	movne	r3, #0
10001cbc:	2301      	moveq	r3, #1
10001cbe:	9903      	ldr	r1, [sp, #12]
10001cc0:	eb01 0383 	add.w	r3, r1, r3, lsl #2
10001cc4:	4a92      	ldr	r2, [pc, #584]	@ (10001f10 <alarm_pool_irq_handler+0x268>)
10001cc6:	f852 4023 	ldr.w	r4, [r2, r3, lsl #2]
10001cca:	7823      	ldrb	r3, [r4, #0]
10001ccc:	4299      	cmp	r1, r3
10001cce:	d106      	bne.n	10001cde <alarm_pool_irq_handler+0x36>
10001cd0:	4605      	mov	r5, r0
10001cd2:	2201      	movs	r2, #1
10001cd4:	408a      	lsls	r2, r1
10001cd6:	f500 5341 	add.w	r3, r0, #12352	@ 0x3040
10001cda:	605a      	str	r2, [r3, #4]
10001cdc:	e12c      	b.n	10001f38 <alarm_pool_irq_handler+0x290>
10001cde:	4b8d      	ldr	r3, [pc, #564]	@ (10001f14 <alarm_pool_irq_handler+0x26c>)
10001ce0:	4a8d      	ldr	r2, [pc, #564]	@ (10001f18 <alarm_pool_irq_handler+0x270>)
10001ce2:	2192      	movs	r1, #146	@ 0x92
10001ce4:	488d      	ldr	r0, [pc, #564]	@ (10001f1c <alarm_pool_irq_handler+0x274>)
10001ce6:	f002 f97b 	bl	10003fe0 <__assert_func>
10001cea:	f8d4 9014 	ldr.w	r9, [r4, #20]
10001cee:	eb06 0746 	add.w	r7, r6, r6, lsl #1
10001cf2:	ea4f 0ac7 	mov.w	sl, r7, lsl #3
10001cf6:	eb09 07c7 	add.w	r7, r9, r7, lsl #3
10001cfa:	f8d7 b008 	ldr.w	fp, [r7, #8]
10001cfe:	f8d7 800c 	ldr.w	r8, [r7, #12]
10001d02:	4628      	mov	r0, r5
10001d04:	f000 fbb4 	bl	10002470 <timer_time_us_64>
10001d08:	ebb0 000b 	subs.w	r0, r0, fp
10001d0c:	eb61 0308 	sbc.w	r3, r1, r8
10001d10:	2b00      	cmp	r3, #0
10001d12:	f2c0 811a 	blt.w	10001f4a <alarm_pool_irq_handler+0x2a2>
10001d16:	f1b8 0f00 	cmp.w	r8, #0
10001d1a:	db64      	blt.n	10001de6 <alarm_pool_irq_handler+0x13e>
10001d1c:	693b      	ldr	r3, [r7, #16]
10001d1e:	461a      	mov	r2, r3
10001d20:	9300      	str	r3, [sp, #0]
10001d22:	4b7f      	ldr	r3, [pc, #508]	@ (10001f20 <alarm_pool_irq_handler+0x278>)
10001d24:	429a      	cmp	r2, r3
10001d26:	d030      	beq.n	10001d8a <alarm_pool_irq_handler+0xe2>
10001d28:	8879      	ldrh	r1, [r7, #2]
10001d2a:	b289      	uxth	r1, r1
10001d2c:	f9b4 0008 	ldrsh.w	r0, [r4, #8]
10001d30:	f7ff ff99 	bl	10001c66 <make_alarm_id>
10001d34:	6979      	ldr	r1, [r7, #20]
10001d36:	9b00      	ldr	r3, [sp, #0]
10001d38:	4798      	blx	r3
10001d3a:	9000      	str	r0, [sp, #0]
10001d3c:	9101      	str	r1, [sp, #4]
10001d3e:	9900      	ldr	r1, [sp, #0]
10001d40:	9a01      	ldr	r2, [sp, #4]
10001d42:	ea51 0302 	orrs.w	r3, r1, r2
10001d46:	d04e      	beq.n	10001de6 <alarm_pool_irq_handler+0x13e>
10001d48:	4613      	mov	r3, r2
10001d4a:	2a00      	cmp	r2, #0
10001d4c:	da29      	bge.n	10001da2 <alarm_pool_irq_handler+0xfa>
10001d4e:	ebbb 0201 	subs.w	r2, fp, r1
10001d52:	eb68 0803 	sbc.w	r8, r8, r3
10001d56:	60ba      	str	r2, [r7, #8]
10001d58:	f8c7 800c 	str.w	r8, [r7, #12]
10001d5c:	f939 700a 	ldrsh.w	r7, [r9, sl]
10001d60:	2f00      	cmp	r7, #0
10001d62:	f2c0 80f2 	blt.w	10001f4a <alarm_pool_irq_handler+0x2a2>
10001d66:	f8d4 e014 	ldr.w	lr, [r4, #20]
10001d6a:	eb07 0347 	add.w	r3, r7, r7, lsl #1
10001d6e:	eb0e 03c3 	add.w	r3, lr, r3, lsl #3
10001d72:	6899      	ldr	r1, [r3, #8]
10001d74:	68db      	ldr	r3, [r3, #12]
10001d76:	1a51      	subs	r1, r2, r1
10001d78:	eb68 0303 	sbc.w	r3, r8, r3
10001d7c:	2b00      	cmp	r3, #0
10001d7e:	f2c0 80e4 	blt.w	10001f4a <alarm_pool_irq_handler+0x2a2>
10001d82:	46a4      	mov	ip, r4
10001d84:	f82c 7f08 	strh.w	r7, [ip, #8]!
10001d88:	e017      	b.n	10001dba <alarm_pool_irq_handler+0x112>
10001d8a:	697a      	ldr	r2, [r7, #20]
10001d8c:	6913      	ldr	r3, [r2, #16]
10001d8e:	9200      	str	r2, [sp, #0]
10001d90:	4610      	mov	r0, r2
10001d92:	4798      	blx	r3
10001d94:	b338      	cbz	r0, 10001de6 <alarm_pool_irq_handler+0x13e>
10001d96:	9a00      	ldr	r2, [sp, #0]
10001d98:	6813      	ldr	r3, [r2, #0]
10001d9a:	9300      	str	r3, [sp, #0]
10001d9c:	6853      	ldr	r3, [r2, #4]
10001d9e:	9301      	str	r3, [sp, #4]
10001da0:	e7cd      	b.n	10001d3e <alarm_pool_irq_handler+0x96>
10001da2:	4628      	mov	r0, r5
10001da4:	f000 fb64 	bl	10002470 <timer_time_us_64>
10001da8:	9b00      	ldr	r3, [sp, #0]
10001daa:	181a      	adds	r2, r3, r0
10001dac:	9b01      	ldr	r3, [sp, #4]
10001dae:	eb43 0801 	adc.w	r8, r3, r1
10001db2:	e7d0      	b.n	10001d56 <alarm_pool_irq_handler+0xae>
10001db4:	469c      	mov	ip, r3
10001db6:	f93e 700b 	ldrsh.w	r7, [lr, fp]
10001dba:	2f00      	cmp	r7, #0
10001dbc:	db0e      	blt.n	10001ddc <alarm_pool_irq_handler+0x134>
10001dbe:	f9bc 3000 	ldrsh.w	r3, [ip]
10001dc2:	eb03 0343 	add.w	r3, r3, r3, lsl #1
10001dc6:	ea4f 0bc3 	mov.w	fp, r3, lsl #3
10001dca:	eb0e 03c3 	add.w	r3, lr, r3, lsl #3
10001dce:	6898      	ldr	r0, [r3, #8]
10001dd0:	68d9      	ldr	r1, [r3, #12]
10001dd2:	1a10      	subs	r0, r2, r0
10001dd4:	eb68 0101 	sbc.w	r1, r8, r1
10001dd8:	2900      	cmp	r1, #0
10001dda:	daeb      	bge.n	10001db4 <alarm_pool_irq_handler+0x10c>
10001ddc:	f829 700a 	strh.w	r7, [r9, sl]
10001de0:	f8ac 6000 	strh.w	r6, [ip]
10001de4:	e0b1      	b.n	10001f4a <alarm_pool_irq_handler+0x2a2>
10001de6:	f939 300a 	ldrsh.w	r3, [r9, sl]
10001dea:	8123      	strh	r3, [r4, #8]
10001dec:	6923      	ldr	r3, [r4, #16]
10001dee:	f3ef 8210 	mrs	r2, PRIMASK
10001df2:	b672      	cpsid	i
10001df4:	e8d3 0fcf 	ldaexb	r0, [r3]
10001df8:	2101      	movs	r1, #1
10001dfa:	2800      	cmp	r0, #0
10001dfc:	d1fa      	bne.n	10001df4 <alarm_pool_irq_handler+0x14c>
10001dfe:	e8c3 1f40 	strexb	r0, r1, [r3]
10001e02:	2800      	cmp	r0, #0
10001e04:	d1f6      	bne.n	10001df4 <alarm_pool_irq_handler+0x14c>
10001e06:	f3bf 8f5f 	dmb	sy
10001e0a:	f9b4 3002 	ldrsh.w	r3, [r4, #2]
10001e0e:	f829 300a 	strh.w	r3, [r9, sl]
10001e12:	8066      	strh	r6, [r4, #2]
10001e14:	6921      	ldr	r1, [r4, #16]
10001e16:	2300      	movs	r3, #0
10001e18:	e8c1 3f8f 	stlb	r3, [r1]
10001e1c:	f382 8810 	msr	PRIMASK, r2
10001e20:	e093      	b.n	10001f4a <alarm_pool_irq_handler+0x2a2>
10001e22:	6923      	ldr	r3, [r4, #16]
10001e24:	f3ef 8210 	mrs	r2, PRIMASK
10001e28:	b672      	cpsid	i
10001e2a:	e8d3 0fcf 	ldaexb	r0, [r3]
10001e2e:	2101      	movs	r1, #1
10001e30:	2800      	cmp	r0, #0
10001e32:	d1fa      	bne.n	10001e2a <alarm_pool_irq_handler+0x182>
10001e34:	e8c3 1f40 	strexb	r0, r1, [r3]
10001e38:	2800      	cmp	r0, #0
10001e3a:	d1f6      	bne.n	10001e2a <alarm_pool_irq_handler+0x182>
10001e3c:	f3bf 8f5f 	dmb	sy
10001e40:	f8b4 8004 	ldrh.w	r8, [r4, #4]
10001e44:	fa0f f888 	sxth.w	r8, r8
10001e48:	f64f 73ff 	movw	r3, #65535	@ 0xffff
10001e4c:	80a3      	strh	r3, [r4, #4]
10001e4e:	6921      	ldr	r1, [r4, #16]
10001e50:	2300      	movs	r3, #0
10001e52:	e8c1 3f8f 	stlb	r3, [r1]
10001e56:	f382 8810 	msr	PRIMASK, r2
10001e5a:	e01a      	b.n	10001e92 <alarm_pool_irq_handler+0x1ea>
10001e5c:	461f      	mov	r7, r3
10001e5e:	f930 600a 	ldrsh.w	r6, [r0, sl]
10001e62:	2e00      	cmp	r6, #0
10001e64:	db0f      	blt.n	10001e86 <alarm_pool_irq_handler+0x1de>
10001e66:	f9b7 3000 	ldrsh.w	r3, [r7]
10001e6a:	eb03 0343 	add.w	r3, r3, r3, lsl #1
10001e6e:	ea4f 0ac3 	mov.w	sl, r3, lsl #3
10001e72:	eb00 03c3 	add.w	r3, r0, r3, lsl #3
10001e76:	6899      	ldr	r1, [r3, #8]
10001e78:	68da      	ldr	r2, [r3, #12]
10001e7a:	ebbc 0101 	subs.w	r1, ip, r1
10001e7e:	eb6e 0202 	sbc.w	r2, lr, r2
10001e82:	2a00      	cmp	r2, #0
10001e84:	daea      	bge.n	10001e5c <alarm_pool_irq_handler+0x1b4>
10001e86:	f8a7 8000 	strh.w	r8, [r7]
10001e8a:	f930 8009 	ldrsh.w	r8, [r0, r9]
10001e8e:	f820 6009 	strh.w	r6, [r0, r9]
10001e92:	f1b8 0f00 	cmp.w	r8, #0
10001e96:	db5d      	blt.n	10001f54 <alarm_pool_irq_handler+0x2ac>
10001e98:	6960      	ldr	r0, [r4, #20]
10001e9a:	eb08 0348 	add.w	r3, r8, r8, lsl #1
10001e9e:	ea4f 09c3 	mov.w	r9, r3, lsl #3
10001ea2:	eb00 03c3 	add.w	r3, r0, r3, lsl #3
10001ea6:	f8d3 c008 	ldr.w	ip, [r3, #8]
10001eaa:	f8d3 e00c 	ldr.w	lr, [r3, #12]
10001eae:	f104 0708 	add.w	r7, r4, #8
10001eb2:	f9b4 6008 	ldrsh.w	r6, [r4, #8]
10001eb6:	e7d4      	b.n	10001e62 <alarm_pool_irq_handler+0x1ba>
10001eb8:	2300      	movs	r3, #0
10001eba:	71a3      	strb	r3, [r4, #6]
10001ebc:	f104 0c08 	add.w	ip, r4, #8
10001ec0:	f9b4 3008 	ldrsh.w	r3, [r4, #8]
10001ec4:	e010      	b.n	10001ee8 <alarm_pool_irq_handler+0x240>
10001ec6:	f04f 38ff 	mov.w	r8, #4294967295
10001eca:	f04f 39ff 	mov.w	r9, #4294967295
10001ece:	e9c0 8902 	strd	r8, r9, [r0, #8]
10001ed2:	f9b4 0008 	ldrsh.w	r0, [r4, #8]
10001ed6:	4298      	cmp	r0, r3
10001ed8:	d005      	beq.n	10001ee6 <alarm_pool_irq_handler+0x23e>
10001eda:	f8ac 2000 	strh.w	r2, [ip]
10001ede:	f9b4 0008 	ldrsh.w	r0, [r4, #8]
10001ee2:	53c8      	strh	r0, [r1, r7]
10001ee4:	8123      	strh	r3, [r4, #8]
10001ee6:	4613      	mov	r3, r2
10001ee8:	f1b3 3fff 	cmp.w	r3, #4294967295
10001eec:	d035      	beq.n	10001f5a <alarm_pool_irq_handler+0x2b2>
10001eee:	6961      	ldr	r1, [r4, #20]
10001ef0:	eb03 0243 	add.w	r2, r3, r3, lsl #1
10001ef4:	00d7      	lsls	r7, r2, #3
10001ef6:	eb01 00c2 	add.w	r0, r1, r2, lsl #3
10001efa:	f931 2032 	ldrsh.w	r2, [r1, r2, lsl #3]
10001efe:	8846      	ldrh	r6, [r0, #2]
10001f00:	f416 4f00 	tst.w	r6, #32768	@ 0x8000
10001f04:	d1df      	bne.n	10001ec6 <alarm_pool_irq_handler+0x21e>
10001f06:	4684      	mov	ip, r0
10001f08:	e7ed      	b.n	10001ee6 <alarm_pool_irq_handler+0x23e>
10001f0a:	bf00      	nop
10001f0c:	400b8000 	.word	0x400b8000
10001f10:	2000218c 	.word	0x2000218c
10001f14:	10008428 	.word	0x10008428
10001f18:	10009eb8 	.word	0x10009eb8
10001f1c:	10008454 	.word	0x10008454
10001f20:	10001ca9 	.word	0x10001ca9
10001f24:	4628      	mov	r0, r5
10001f26:	f000 faa3 	bl	10002470 <timer_time_us_64>
10001f2a:	1a3f      	subs	r7, r7, r0
10001f2c:	eb66 0601 	sbc.w	r6, r6, r1
10001f30:	2f01      	cmp	r7, #1
10001f32:	f176 0600 	sbcs.w	r6, r6, #0
10001f36:	da28      	bge.n	10001f8a <alarm_pool_irq_handler+0x2e2>
10001f38:	9a03      	ldr	r2, [sp, #12]
10001f3a:	2301      	movs	r3, #1
10001f3c:	4093      	lsls	r3, r2
10001f3e:	63eb      	str	r3, [r5, #60]	@ 0x3c
10001f40:	f9b4 6008 	ldrsh.w	r6, [r4, #8]
10001f44:	2e00      	cmp	r6, #0
10001f46:	f6bf aed0 	bge.w	10001cea <alarm_pool_irq_handler+0x42>
10001f4a:	88a3      	ldrh	r3, [r4, #4]
10001f4c:	f413 4f00 	tst.w	r3, #32768	@ 0x8000
10001f50:	f43f af67 	beq.w	10001e22 <alarm_pool_irq_handler+0x17a>
10001f54:	79a3      	ldrb	r3, [r4, #6]
10001f56:	2b00      	cmp	r3, #0
10001f58:	d1ae      	bne.n	10001eb8 <alarm_pool_irq_handler+0x210>
10001f5a:	f9b4 3008 	ldrsh.w	r3, [r4, #8]
10001f5e:	2b00      	cmp	r3, #0
10001f60:	db13      	blt.n	10001f8a <alarm_pool_irq_handler+0x2e2>
10001f62:	6962      	ldr	r2, [r4, #20]
10001f64:	eb03 0343 	add.w	r3, r3, r3, lsl #1
10001f68:	eb02 03c3 	add.w	r3, r2, r3, lsl #3
10001f6c:	689f      	ldr	r7, [r3, #8]
10001f6e:	68de      	ldr	r6, [r3, #12]
10001f70:	f1b6 3fff 	cmp.w	r6, #4294967295
10001f74:	bf08      	it	eq
10001f76:	f1b7 3fff 	cmpeq.w	r7, #4294967295
10001f7a:	d0d3      	beq.n	10001f24 <alarm_pool_irq_handler+0x27c>
10001f7c:	463a      	mov	r2, r7
10001f7e:	4633      	mov	r3, r6
10001f80:	9903      	ldr	r1, [sp, #12]
10001f82:	4628      	mov	r0, r5
10001f84:	f7ff fe5a 	bl	10001c3c <ta_set_timeout>
10001f88:	e7cc      	b.n	10001f24 <alarm_pool_irq_handler+0x27c>
10001f8a:	bf40      	sev
10001f8c:	b005      	add	sp, #20
10001f8e:	e8bd 8ff0 	ldmia.w	sp!, {r4, r5, r6, r7, r8, r9, sl, fp, pc}
10001f92:	bf00      	nop

10001f94 <ta_enable_irq_handler>:
10001f94:	b5f8      	push	{r3, r4, r5, r6, r7, lr}
10001f96:	4604      	mov	r4, r0
10001f98:	460d      	mov	r5, r1
10001f9a:	4611      	mov	r1, r2
10001f9c:	4b0a      	ldr	r3, [pc, #40]	@ (10001fc8 <ta_enable_irq_handler+0x34>)
10001f9e:	4298      	cmp	r0, r3
10001fa0:	d010      	beq.n	10001fc4 <ta_enable_irq_handler+0x30>
10001fa2:	2600      	movs	r6, #0
10001fa4:	442e      	add	r6, r5
10001fa6:	2701      	movs	r7, #1
10001fa8:	fa07 f505 	lsl.w	r5, r7, r5
10001fac:	6225      	str	r5, [r4, #32]
10001fae:	4630      	mov	r0, r6
10001fb0:	f7ff fbfc 	bl	100017ac <irq_set_exclusive_handler>
10001fb4:	4639      	mov	r1, r7
10001fb6:	4630      	mov	r0, r6
10001fb8:	f7ff fbce 	bl	10001758 <irq_set_enabled>
10001fbc:	f504 5401 	add.w	r4, r4, #8256	@ 0x2040
10001fc0:	6025      	str	r5, [r4, #0]
10001fc2:	bdf8      	pop	{r3, r4, r5, r6, r7, pc}
10001fc4:	2604      	movs	r6, #4
10001fc6:	e7ed      	b.n	10001fa4 <ta_enable_irq_handler+0x10>
10001fc8:	400b8000 	.word	0x400b8000

10001fcc <alarm_pool_post_alloc_init>:
10001fcc:	b5f8      	push	{r3, r4, r5, r6, r7, lr}
10001fce:	4604      	mov	r4, r0
10001fd0:	460e      	mov	r6, r1
10001fd2:	4617      	mov	r7, r2
10001fd4:	461d      	mov	r5, r3
10001fd6:	60c1      	str	r1, [r0, #12]
10001fd8:	f7ff fb06 	bl	100015e8 <next_striped_spin_lock_num>
10001fdc:	4b16      	ldr	r3, [pc, #88]	@ (10002038 <alarm_pool_post_alloc_init+0x6c>)
10001fde:	4403      	add	r3, r0
10001fe0:	6123      	str	r3, [r4, #16]
10001fe2:	7027      	strb	r7, [r4, #0]
10001fe4:	b2ab      	uxth	r3, r5
10001fe6:	8163      	strh	r3, [r4, #10]
10001fe8:	f04f 4250 	mov.w	r2, #3489660928	@ 0xd0000000
10001fec:	7812      	ldrb	r2, [r2, #0]
10001fee:	7062      	strb	r2, [r4, #1]
10001ff0:	f64f 72ff 	movw	r2, #65535	@ 0xffff
10001ff4:	8122      	strh	r2, [r4, #8]
10001ff6:	80a2      	strh	r2, [r4, #4]
10001ff8:	3b01      	subs	r3, #1
10001ffa:	8063      	strh	r3, [r4, #2]
10001ffc:	f04f 0c00 	mov.w	ip, #0
10002000:	e008      	b.n	10002014 <alarm_pool_post_alloc_init+0x48>
10002002:	f10c 30ff 	add.w	r0, ip, #4294967295
10002006:	eb0c 0e4c 	add.w	lr, ip, ip, lsl #1
1000200a:	6963      	ldr	r3, [r4, #20]
1000200c:	f823 003e 	strh.w	r0, [r3, lr, lsl #3]
10002010:	f10c 0c01 	add.w	ip, ip, #1
10002014:	45ac      	cmp	ip, r5
10002016:	d3f4      	bcc.n	10002002 <alarm_pool_post_alloc_init+0x36>
10002018:	4b08      	ldr	r3, [pc, #32]	@ (1000203c <alarm_pool_post_alloc_init+0x70>)
1000201a:	429e      	cmp	r6, r3
1000201c:	bf14      	ite	ne
1000201e:	2300      	movne	r3, #0
10002020:	2301      	moveq	r3, #1
10002022:	eb07 0383 	add.w	r3, r7, r3, lsl #2
10002026:	4a06      	ldr	r2, [pc, #24]	@ (10002040 <alarm_pool_post_alloc_init+0x74>)
10002028:	f842 4023 	str.w	r4, [r2, r3, lsl #2]
1000202c:	4a05      	ldr	r2, [pc, #20]	@ (10002044 <alarm_pool_post_alloc_init+0x78>)
1000202e:	4639      	mov	r1, r7
10002030:	4630      	mov	r0, r6
10002032:	f7ff ffaf 	bl	10001f94 <ta_enable_irq_handler>
10002036:	bdf8      	pop	{r3, r4, r5, r6, r7, pc}
10002038:	200018c4 	.word	0x200018c4
1000203c:	400b8000 	.word	0x400b8000
10002040:	2000218c 	.word	0x2000218c
10002044:	10001ca9 	.word	0x10001ca9

10002048 <alarm_pool_get_default>:
10002048:	b508      	push	{r3, lr}
1000204a:	4b05      	ldr	r3, [pc, #20]	@ (10002060 <alarm_pool_get_default+0x18>)
1000204c:	691b      	ldr	r3, [r3, #16]
1000204e:	b10b      	cbz	r3, 10002054 <alarm_pool_get_default+0xc>
10002050:	4803      	ldr	r0, [pc, #12]	@ (10002060 <alarm_pool_get_default+0x18>)
10002052:	bd08      	pop	{r3, pc}
10002054:	4b03      	ldr	r3, [pc, #12]	@ (10002064 <alarm_pool_get_default+0x1c>)
10002056:	4a04      	ldr	r2, [pc, #16]	@ (10002068 <alarm_pool_get_default+0x20>)
10002058:	2165      	movs	r1, #101	@ 0x65
1000205a:	4804      	ldr	r0, [pc, #16]	@ (1000206c <alarm_pool_get_default+0x24>)
1000205c:	f001 ffc0 	bl	10003fe0 <__assert_func>
10002060:	20000e64 	.word	0x20000e64
10002064:	10008494 	.word	0x10008494
10002068:	10009ea0 	.word	0x10009ea0
1000206c:	10008454 	.word	0x10008454

10002070 <alarm_pool_add_alarm_at_force_in_context>:
10002070:	b5f8      	push	{r3, r4, r5, r6, r7, lr}
10002072:	4604      	mov	r4, r0
10002074:	469e      	mov	lr, r3
10002076:	6900      	ldr	r0, [r0, #16]
10002078:	f3ef 8110 	mrs	r1, PRIMASK
1000207c:	b672      	cpsid	i
1000207e:	e8d0 6fcf 	ldaexb	r6, [r0]
10002082:	2501      	movs	r5, #1
10002084:	2e00      	cmp	r6, #0
10002086:	d1fa      	bne.n	1000207e <alarm_pool_add_alarm_at_force_in_context+0xe>
10002088:	e8c0 5f46 	strexb	r6, r5, [r0]
1000208c:	2e00      	cmp	r6, #0
1000208e:	d1f6      	bne.n	1000207e <alarm_pool_add_alarm_at_force_in_context+0xe>
10002090:	f3bf 8f5f 	dmb	sy
10002094:	f9b4 5002 	ldrsh.w	r5, [r4, #2]
10002098:	6966      	ldr	r6, [r4, #20]
1000209a:	eb05 0045 	add.w	r0, r5, r5, lsl #1
1000209e:	00c7      	lsls	r7, r0, #3
100020a0:	eb06 00c0 	add.w	r0, r6, r0, lsl #3
100020a4:	2d00      	cmp	r5, #0
100020a6:	db03      	blt.n	100020b0 <alarm_pool_add_alarm_at_force_in_context+0x40>
100020a8:	f936 c007 	ldrsh.w	ip, [r6, r7]
100020ac:	f8a4 c002 	strh.w	ip, [r4, #2]
100020b0:	f04f 0c00 	mov.w	ip, #0
100020b4:	6923      	ldr	r3, [r4, #16]
100020b6:	e8c3 cf8f 	stlb	ip, [r3]
100020ba:	f381 8810 	msr	PRIMASK, r1
100020be:	4565      	cmp	r5, ip
100020c0:	db33      	blt.n	1000212a <alarm_pool_add_alarm_at_force_in_context+0xba>
100020c2:	9906      	ldr	r1, [sp, #24]
100020c4:	6101      	str	r1, [r0, #16]
100020c6:	9907      	ldr	r1, [sp, #28]
100020c8:	6141      	str	r1, [r0, #20]
100020ca:	6082      	str	r2, [r0, #8]
100020cc:	f8c0 e00c 	str.w	lr, [r0, #12]
100020d0:	8841      	ldrh	r1, [r0, #2]
100020d2:	b289      	uxth	r1, r1
100020d4:	3101      	adds	r1, #1
100020d6:	f3c1 010e 	ubfx	r1, r1, #0, #15
100020da:	b901      	cbnz	r1, 100020de <alarm_pool_add_alarm_at_force_in_context+0x6e>
100020dc:	2101      	movs	r1, #1
100020de:	8041      	strh	r1, [r0, #2]
100020e0:	4628      	mov	r0, r5
100020e2:	f7ff fdc0 	bl	10001c66 <make_alarm_id>
100020e6:	6923      	ldr	r3, [r4, #16]
100020e8:	f3ef 8210 	mrs	r2, PRIMASK
100020ec:	b672      	cpsid	i
100020ee:	e8d3 cfcf 	ldaexb	ip, [r3]
100020f2:	2101      	movs	r1, #1
100020f4:	f1bc 0f00 	cmp.w	ip, #0
100020f8:	d1f9      	bne.n	100020ee <alarm_pool_add_alarm_at_force_in_context+0x7e>
100020fa:	e8c3 1f4c 	strexb	ip, r1, [r3]
100020fe:	f1bc 0f00 	cmp.w	ip, #0
10002102:	d1f4      	bne.n	100020ee <alarm_pool_add_alarm_at_force_in_context+0x7e>
10002104:	f3bf 8f5f 	dmb	sy
10002108:	88a3      	ldrh	r3, [r4, #4]
1000210a:	53f3      	strh	r3, [r6, r7]
1000210c:	80a5      	strh	r5, [r4, #4]
1000210e:	6921      	ldr	r1, [r4, #16]
10002110:	2300      	movs	r3, #0
10002112:	e8c1 3f8f 	stlb	r3, [r1]
10002116:	f382 8810 	msr	PRIMASK, r2
1000211a:	68e3      	ldr	r3, [r4, #12]
1000211c:	7821      	ldrb	r1, [r4, #0]
1000211e:	2201      	movs	r2, #1
10002120:	408a      	lsls	r2, r1
10002122:	f503 5301 	add.w	r3, r3, #8256	@ 0x2040
10002126:	605a      	str	r2, [r3, #4]
10002128:	bdf8      	pop	{r3, r4, r5, r6, r7, pc}
1000212a:	f04f 30ff 	mov.w	r0, #4294967295
1000212e:	e7fb      	b.n	10002128 <alarm_pool_add_alarm_at_force_in_context+0xb8>

10002130 <alarm_pool_add_alarm_at>:
10002130:	b570      	push	{r4, r5, r6, lr}
10002132:	b082      	sub	sp, #8
10002134:	4606      	mov	r6, r0
10002136:	4615      	mov	r5, r2
10002138:	461c      	mov	r4, r3
1000213a:	f89d 3020 	ldrb.w	r3, [sp, #32]
1000213e:	b933      	cbnz	r3, 1000214e <alarm_pool_add_alarm_at+0x1e>
10002140:	f000 f9ac 	bl	1000249c <time_us_64>
10002144:	4285      	cmp	r5, r0
10002146:	eb64 0101 	sbc.w	r1, r4, r1
1000214a:	2900      	cmp	r1, #0
1000214c:	db0a      	blt.n	10002164 <alarm_pool_add_alarm_at+0x34>
1000214e:	9b07      	ldr	r3, [sp, #28]
10002150:	9301      	str	r3, [sp, #4]
10002152:	9b06      	ldr	r3, [sp, #24]
10002154:	9300      	str	r3, [sp, #0]
10002156:	462a      	mov	r2, r5
10002158:	4623      	mov	r3, r4
1000215a:	4630      	mov	r0, r6
1000215c:	f7ff ff88 	bl	10002070 <alarm_pool_add_alarm_at_force_in_context>
10002160:	b002      	add	sp, #8
10002162:	bd70      	pop	{r4, r5, r6, pc}
10002164:	2000      	movs	r0, #0
10002166:	e7fb      	b.n	10002160 <alarm_pool_add_alarm_at+0x30>

10002168 <add_alarm_at>:
10002168:	b5f0      	push	{r4, r5, r6, r7, lr}
1000216a:	b085      	sub	sp, #20
1000216c:	4605      	mov	r5, r0
1000216e:	460c      	mov	r4, r1
10002170:	4616      	mov	r6, r2
10002172:	461f      	mov	r7, r3
10002174:	f7ff ff68 	bl	10002048 <alarm_pool_get_default>
10002178:	f89d 3028 	ldrb.w	r3, [sp, #40]	@ 0x28
1000217c:	9302      	str	r3, [sp, #8]
1000217e:	9701      	str	r7, [sp, #4]
10002180:	9600      	str	r6, [sp, #0]
10002182:	462a      	mov	r2, r5
10002184:	4623      	mov	r3, r4
10002186:	f7ff ffd3 	bl	10002130 <alarm_pool_add_alarm_at>
1000218a:	b005      	add	sp, #20
1000218c:	bdf0      	pop	{r4, r5, r6, r7, pc}

1000218e <alarm_pool_cancel_alarm>:
1000218e:	4603      	mov	r3, r0
10002190:	8940      	ldrh	r0, [r0, #10]
10002192:	ebb0 4f21 	cmp.w	r0, r1, asr #16
10002196:	dd31      	ble.n	100021fc <alarm_pool_cancel_alarm+0x6e>
10002198:	b510      	push	{r4, lr}
1000219a:	140a      	asrs	r2, r1, #16
1000219c:	6958      	ldr	r0, [r3, #20]
1000219e:	eb02 0242 	add.w	r2, r2, r2, lsl #1
100021a2:	eb00 00c2 	add.w	r0, r0, r2, lsl #3
100021a6:	691a      	ldr	r2, [r3, #16]
100021a8:	f3ef 8c10 	mrs	ip, PRIMASK
100021ac:	b672      	cpsid	i
100021ae:	e8d2 4fcf 	ldaexb	r4, [r2]
100021b2:	f05f 0e01 	movs.w	lr, #1
100021b6:	2c00      	cmp	r4, #0
100021b8:	d1f9      	bne.n	100021ae <alarm_pool_cancel_alarm+0x20>
100021ba:	e8c2 ef44 	strexb	r4, lr, [r2]
100021be:	2c00      	cmp	r4, #0
100021c0:	d1f5      	bne.n	100021ae <alarm_pool_cancel_alarm+0x20>
100021c2:	f3bf 8f5f 	dmb	sy
100021c6:	8842      	ldrh	r2, [r0, #2]
100021c8:	b292      	uxth	r2, r2
100021ca:	b289      	uxth	r1, r1
100021cc:	428a      	cmp	r2, r1
100021ce:	d00f      	beq.n	100021f0 <alarm_pool_cancel_alarm+0x62>
100021d0:	2000      	movs	r0, #0
100021d2:	6919      	ldr	r1, [r3, #16]
100021d4:	2200      	movs	r2, #0
100021d6:	e8c1 2f8f 	stlb	r2, [r1]
100021da:	f38c 8810 	msr	PRIMASK, ip
100021de:	b130      	cbz	r0, 100021ee <alarm_pool_cancel_alarm+0x60>
100021e0:	68da      	ldr	r2, [r3, #12]
100021e2:	781b      	ldrb	r3, [r3, #0]
100021e4:	2101      	movs	r1, #1
100021e6:	4099      	lsls	r1, r3
100021e8:	f502 5301 	add.w	r3, r2, #8256	@ 0x2040
100021ec:	6059      	str	r1, [r3, #4]
100021ee:	bd10      	pop	{r4, pc}
100021f0:	f442 4200 	orr.w	r2, r2, #32768	@ 0x8000
100021f4:	8042      	strh	r2, [r0, #2]
100021f6:	2001      	movs	r0, #1
100021f8:	7198      	strb	r0, [r3, #6]
100021fa:	e7ea      	b.n	100021d2 <alarm_pool_cancel_alarm+0x44>
100021fc:	2000      	movs	r0, #0
100021fe:	4770      	bx	lr

10002200 <cancel_alarm>:
10002200:	b510      	push	{r4, lr}
10002202:	4604      	mov	r4, r0
10002204:	f7ff ff20 	bl	10002048 <alarm_pool_get_default>
10002208:	4621      	mov	r1, r4
1000220a:	f7ff ffc0 	bl	1000218e <alarm_pool_cancel_alarm>
1000220e:	bd10      	pop	{r4, pc}

10002210 <alarm_pool_core_num>:
10002210:	7840      	ldrb	r0, [r0, #1]
10002212:	4770      	bx	lr

10002214 <sleep_until>:
10002214:	b5f0      	push	{r4, r5, r6, r7, lr}
10002216:	b083      	sub	sp, #12
10002218:	f3ef 8305 	mrs	r3, IPSR
1000221c:	b2db      	uxtb	r3, r3
1000221e:	b9cb      	cbnz	r3, 10002254 <sleep_until+0x40>
10002220:	4604      	mov	r4, r0
10002222:	460d      	mov	r5, r1
10002224:	1f86      	subs	r6, r0, #6
10002226:	f141 37ff 	adc.w	r7, r1, #4294967295
1000222a:	42b0      	cmp	r0, r6
1000222c:	eb71 0307 	sbcs.w	r3, r1, r7
10002230:	d201      	bcs.n	10002236 <sleep_until+0x22>
10002232:	2600      	movs	r6, #0
10002234:	4637      	mov	r7, r6
10002236:	f000 f931 	bl	1000249c <time_us_64>
1000223a:	1a30      	subs	r0, r6, r0
1000223c:	eb67 0301 	sbc.w	r3, r7, r1
10002240:	2801      	cmp	r0, #1
10002242:	f173 0300 	sbcs.w	r3, r3, #0
10002246:	da08      	bge.n	1000225a <sleep_until+0x46>
10002248:	4620      	mov	r0, r4
1000224a:	4629      	mov	r1, r5
1000224c:	f000 f92e 	bl	100024ac <busy_wait_until>
10002250:	b003      	add	sp, #12
10002252:	bdf0      	pop	{r4, r5, r6, r7, pc}
10002254:	4818      	ldr	r0, [pc, #96]	@ (100022b8 <sleep_until+0xa4>)
10002256:	f7ff f953 	bl	10001500 <panic>
1000225a:	2300      	movs	r3, #0
1000225c:	9300      	str	r3, [sp, #0]
1000225e:	4a17      	ldr	r2, [pc, #92]	@ (100022bc <sleep_until+0xa8>)
10002260:	4630      	mov	r0, r6
10002262:	4639      	mov	r1, r7
10002264:	f7ff ff80 	bl	10002168 <add_alarm_at>
10002268:	2800      	cmp	r0, #0
1000226a:	da19      	bge.n	100022a0 <sleep_until+0x8c>
1000226c:	e7ec      	b.n	10002248 <sleep_until+0x34>
1000226e:	4b14      	ldr	r3, [pc, #80]	@ (100022c0 <sleep_until+0xac>)
10002270:	681a      	ldr	r2, [r3, #0]
10002272:	f3ef 8110 	mrs	r1, PRIMASK
10002276:	b672      	cpsid	i
10002278:	e8d2 cfcf 	ldaexb	ip, [r2]
1000227c:	2001      	movs	r0, #1
1000227e:	f1bc 0f00 	cmp.w	ip, #0
10002282:	d1f9      	bne.n	10002278 <sleep_until+0x64>
10002284:	e8c2 0f4c 	strexb	ip, r0, [r2]
10002288:	f1bc 0f00 	cmp.w	ip, #0
1000228c:	d1f4      	bne.n	10002278 <sleep_until+0x64>
1000228e:	f3bf 8f5f 	dmb	sy
10002292:	681a      	ldr	r2, [r3, #0]
10002294:	2300      	movs	r3, #0
10002296:	e8c2 3f8f 	stlb	r3, [r2]
1000229a:	f381 8810 	msr	PRIMASK, r1
1000229e:	bf20      	wfe
100022a0:	4b08      	ldr	r3, [pc, #32]	@ (100022c4 <sleep_until+0xb0>)
100022a2:	6a5b      	ldr	r3, [r3, #36]	@ 0x24
100022a4:	429f      	cmp	r7, r3
100022a6:	d8e2      	bhi.n	1000226e <sleep_until+0x5a>
100022a8:	4a06      	ldr	r2, [pc, #24]	@ (100022c4 <sleep_until+0xb0>)
100022aa:	6a92      	ldr	r2, [r2, #40]	@ 0x28
100022ac:	42b2      	cmp	r2, r6
100022ae:	d2cb      	bcs.n	10002248 <sleep_until+0x34>
100022b0:	429f      	cmp	r7, r3
100022b2:	d1c9      	bne.n	10002248 <sleep_until+0x34>
100022b4:	e7db      	b.n	1000226e <sleep_until+0x5a>
100022b6:	bf00      	nop
100022b8:	100084b8 	.word	0x100084b8
100022bc:	10001c6d 	.word	0x10001c6d
100022c0:	200021b4 	.word	0x200021b4
100022c4:	400b0000 	.word	0x400b0000

100022c8 <sleep_us>:
100022c8:	b538      	push	{r3, r4, r5, lr}
100022ca:	4604      	mov	r4, r0
100022cc:	460d      	mov	r5, r1
100022ce:	f000 f8e5 	bl	1000249c <time_us_64>
100022d2:	1820      	adds	r0, r4, r0
100022d4:	eb45 0101 	adc.w	r1, r5, r1
100022d8:	2900      	cmp	r1, #0
100022da:	db02      	blt.n	100022e2 <sleep_us+0x1a>
100022dc:	f7ff ff9a 	bl	10002214 <sleep_until>
100022e0:	bd38      	pop	{r3, r4, r5, pc}
100022e2:	f04f 30ff 	mov.w	r0, #4294967295
100022e6:	f06f 4100 	mvn.w	r1, #2147483648	@ 0x80000000
100022ea:	e7f7      	b.n	100022dc <sleep_us+0x14>

100022ec <sleep_ms>:
100022ec:	b508      	push	{r3, lr}
100022ee:	0ec3      	lsrs	r3, r0, #27
100022f0:	0141      	lsls	r1, r0, #5
100022f2:	1a09      	subs	r1, r1, r0
100022f4:	f163 0300 	sbc.w	r3, r3, #0
100022f8:	009b      	lsls	r3, r3, #2
100022fa:	ea43 7391 	orr.w	r3, r3, r1, lsr #30
100022fe:	0089      	lsls	r1, r1, #2
10002300:	1809      	adds	r1, r1, r0
10002302:	f143 0300 	adc.w	r3, r3, #0
10002306:	00db      	lsls	r3, r3, #3
10002308:	00c8      	lsls	r0, r1, #3
1000230a:	ea43 7151 	orr.w	r1, r3, r1, lsr #29
1000230e:	f7ff ffdb 	bl	100022c8 <sleep_us>
10002312:	bd08      	pop	{r3, pc}

10002314 <best_effort_wfe_or_timeout>:
10002314:	b5f0      	push	{r4, r5, r6, r7, lr}
10002316:	b083      	sub	sp, #12
10002318:	4605      	mov	r5, r0
1000231a:	460c      	mov	r4, r1
1000231c:	f3ef 8305 	mrs	r3, IPSR
10002320:	b2db      	uxtb	r3, r3
10002322:	b193      	cbz	r3, 1000234a <best_effort_wfe_or_timeout+0x36>
10002324:	4b38      	ldr	r3, [pc, #224]	@ (10002408 <best_effort_wfe_or_timeout+0xf4>)
10002326:	6a5b      	ldr	r3, [r3, #36]	@ 0x24
10002328:	428b      	cmp	r3, r1
1000232a:	d309      	bcc.n	10002340 <best_effort_wfe_or_timeout+0x2c>
1000232c:	4a36      	ldr	r2, [pc, #216]	@ (10002408 <best_effort_wfe_or_timeout+0xf4>)
1000232e:	6a92      	ldr	r2, [r2, #40]	@ 0x28
10002330:	4282      	cmp	r2, r0
10002332:	d208      	bcs.n	10002346 <best_effort_wfe_or_timeout+0x32>
10002334:	428b      	cmp	r3, r1
10002336:	d001      	beq.n	1000233c <best_effort_wfe_or_timeout+0x28>
10002338:	2001      	movs	r0, #1
1000233a:	e002      	b.n	10002342 <best_effort_wfe_or_timeout+0x2e>
1000233c:	2000      	movs	r0, #0
1000233e:	e000      	b.n	10002342 <best_effort_wfe_or_timeout+0x2e>
10002340:	2000      	movs	r0, #0
10002342:	b003      	add	sp, #12
10002344:	bdf0      	pop	{r4, r5, r6, r7, pc}
10002346:	2001      	movs	r0, #1
10002348:	e7fb      	b.n	10002342 <best_effort_wfe_or_timeout+0x2e>
1000234a:	f7ff fe7d 	bl	10002048 <alarm_pool_get_default>
1000234e:	68c7      	ldr	r7, [r0, #12]
10002350:	7806      	ldrb	r6, [r0, #0]
10002352:	4638      	mov	r0, r7
10002354:	f000 f88c 	bl	10002470 <timer_time_us_64>
10002358:	1a2a      	subs	r2, r5, r0
1000235a:	eb64 0101 	sbc.w	r1, r4, r1
1000235e:	3604      	adds	r6, #4
10002360:	f857 3026 	ldr.w	r3, [r7, r6, lsl #2]
10002364:	1a1b      	subs	r3, r3, r0
10002366:	429a      	cmp	r2, r3
10002368:	f171 0100 	sbcs.w	r1, r1, #0
1000236c:	db12      	blt.n	10002394 <best_effort_wfe_or_timeout+0x80>
1000236e:	bf20      	wfe
10002370:	4b25      	ldr	r3, [pc, #148]	@ (10002408 <best_effort_wfe_or_timeout+0xf4>)
10002372:	6a5b      	ldr	r3, [r3, #36]	@ 0x24
10002374:	429c      	cmp	r4, r3
10002376:	d809      	bhi.n	1000238c <best_effort_wfe_or_timeout+0x78>
10002378:	4a23      	ldr	r2, [pc, #140]	@ (10002408 <best_effort_wfe_or_timeout+0xf4>)
1000237a:	6a92      	ldr	r2, [r2, #40]	@ 0x28
1000237c:	42aa      	cmp	r2, r5
1000237e:	d207      	bcs.n	10002390 <best_effort_wfe_or_timeout+0x7c>
10002380:	429c      	cmp	r4, r3
10002382:	d001      	beq.n	10002388 <best_effort_wfe_or_timeout+0x74>
10002384:	2001      	movs	r0, #1
10002386:	e7dc      	b.n	10002342 <best_effort_wfe_or_timeout+0x2e>
10002388:	2000      	movs	r0, #0
1000238a:	e7da      	b.n	10002342 <best_effort_wfe_or_timeout+0x2e>
1000238c:	2000      	movs	r0, #0
1000238e:	e7d8      	b.n	10002342 <best_effort_wfe_or_timeout+0x2e>
10002390:	2001      	movs	r0, #1
10002392:	e7d6      	b.n	10002342 <best_effort_wfe_or_timeout+0x2e>
10002394:	2300      	movs	r3, #0
10002396:	9300      	str	r3, [sp, #0]
10002398:	4a1c      	ldr	r2, [pc, #112]	@ (1000240c <best_effort_wfe_or_timeout+0xf8>)
1000239a:	4628      	mov	r0, r5
1000239c:	4621      	mov	r1, r4
1000239e:	f7ff fee3 	bl	10002168 <add_alarm_at>
100023a2:	2800      	cmp	r0, #0
100023a4:	dd18      	ble.n	100023d8 <best_effort_wfe_or_timeout+0xc4>
100023a6:	4b18      	ldr	r3, [pc, #96]	@ (10002408 <best_effort_wfe_or_timeout+0xf4>)
100023a8:	6a5b      	ldr	r3, [r3, #36]	@ 0x24
100023aa:	429c      	cmp	r4, r3
100023ac:	d805      	bhi.n	100023ba <best_effort_wfe_or_timeout+0xa6>
100023ae:	4a16      	ldr	r2, [pc, #88]	@ (10002408 <best_effort_wfe_or_timeout+0xf4>)
100023b0:	6a92      	ldr	r2, [r2, #40]	@ 0x28
100023b2:	42aa      	cmp	r2, r5
100023b4:	d202      	bcs.n	100023bc <best_effort_wfe_or_timeout+0xa8>
100023b6:	429c      	cmp	r4, r3
100023b8:	d100      	bne.n	100023bc <best_effort_wfe_or_timeout+0xa8>
100023ba:	bf20      	wfe
100023bc:	f7ff ff20 	bl	10002200 <cancel_alarm>
100023c0:	4b11      	ldr	r3, [pc, #68]	@ (10002408 <best_effort_wfe_or_timeout+0xf4>)
100023c2:	6a5b      	ldr	r3, [r3, #36]	@ 0x24
100023c4:	429c      	cmp	r4, r3
100023c6:	d81b      	bhi.n	10002400 <best_effort_wfe_or_timeout+0xec>
100023c8:	4a0f      	ldr	r2, [pc, #60]	@ (10002408 <best_effort_wfe_or_timeout+0xf4>)
100023ca:	6a92      	ldr	r2, [r2, #40]	@ 0x28
100023cc:	42aa      	cmp	r2, r5
100023ce:	d219      	bcs.n	10002404 <best_effort_wfe_or_timeout+0xf0>
100023d0:	429c      	cmp	r4, r3
100023d2:	d013      	beq.n	100023fc <best_effort_wfe_or_timeout+0xe8>
100023d4:	2001      	movs	r0, #1
100023d6:	e7b4      	b.n	10002342 <best_effort_wfe_or_timeout+0x2e>
100023d8:	4b0b      	ldr	r3, [pc, #44]	@ (10002408 <best_effort_wfe_or_timeout+0xf4>)
100023da:	6a5b      	ldr	r3, [r3, #36]	@ 0x24
100023dc:	429c      	cmp	r4, r3
100023de:	d809      	bhi.n	100023f4 <best_effort_wfe_or_timeout+0xe0>
100023e0:	4a09      	ldr	r2, [pc, #36]	@ (10002408 <best_effort_wfe_or_timeout+0xf4>)
100023e2:	6a92      	ldr	r2, [r2, #40]	@ 0x28
100023e4:	42aa      	cmp	r2, r5
100023e6:	d207      	bcs.n	100023f8 <best_effort_wfe_or_timeout+0xe4>
100023e8:	429c      	cmp	r4, r3
100023ea:	d001      	beq.n	100023f0 <best_effort_wfe_or_timeout+0xdc>
100023ec:	2001      	movs	r0, #1
100023ee:	e7a8      	b.n	10002342 <best_effort_wfe_or_timeout+0x2e>
100023f0:	2000      	movs	r0, #0
100023f2:	e7a6      	b.n	10002342 <best_effort_wfe_or_timeout+0x2e>
100023f4:	2000      	movs	r0, #0
100023f6:	e7a4      	b.n	10002342 <best_effort_wfe_or_timeout+0x2e>
100023f8:	2001      	movs	r0, #1
100023fa:	e7a2      	b.n	10002342 <best_effort_wfe_or_timeout+0x2e>
100023fc:	2000      	movs	r0, #0
100023fe:	e7a0      	b.n	10002342 <best_effort_wfe_or_timeout+0x2e>
10002400:	2000      	movs	r0, #0
10002402:	e79e      	b.n	10002342 <best_effort_wfe_or_timeout+0x2e>
10002404:	2001      	movs	r0, #1
10002406:	e79c      	b.n	10002342 <best_effort_wfe_or_timeout+0x2e>
10002408:	400b0000 	.word	0x400b0000
1000240c:	10001c6d 	.word	0x10001c6d

10002410 <alarm_pool_get_default_timer>:
10002410:	4800      	ldr	r0, [pc, #0]	@ (10002414 <alarm_pool_get_default_timer+0x4>)
10002412:	4770      	bx	lr
10002414:	400b0000 	.word	0x400b0000

10002418 <runtime_init_default_alarm_pool>:
10002418:	b510      	push	{r4, lr}
1000241a:	4b0a      	ldr	r3, [pc, #40]	@ (10002444 <runtime_init_default_alarm_pool+0x2c>)
1000241c:	691b      	ldr	r3, [r3, #16]
1000241e:	b123      	cbz	r3, 1000242a <runtime_init_default_alarm_pool+0x12>
10002420:	210a      	movs	r1, #10
10002422:	4809      	ldr	r0, [pc, #36]	@ (10002448 <runtime_init_default_alarm_pool+0x30>)
10002424:	f7ff fb9e 	bl	10001b64 <lock_init>
10002428:	bd10      	pop	{r4, pc}
1000242a:	f7ff fff1 	bl	10002410 <alarm_pool_get_default_timer>
1000242e:	4604      	mov	r4, r0
10002430:	2103      	movs	r1, #3
10002432:	f000 f80b 	bl	1000244c <timer_hardware_alarm_claim>
10002436:	2310      	movs	r3, #16
10002438:	2203      	movs	r2, #3
1000243a:	4621      	mov	r1, r4
1000243c:	4801      	ldr	r0, [pc, #4]	@ (10002444 <runtime_init_default_alarm_pool+0x2c>)
1000243e:	f7ff fdc5 	bl	10001fcc <alarm_pool_post_alloc_init>
10002442:	e7ed      	b.n	10002420 <runtime_init_default_alarm_pool+0x8>
10002444:	20000e64 	.word	0x20000e64
10002448:	200021b4 	.word	0x200021b4

1000244c <timer_hardware_alarm_claim>:
1000244c:	b510      	push	{r4, lr}
1000244e:	4a05      	ldr	r2, [pc, #20]	@ (10002464 <timer_hardware_alarm_claim+0x18>)
10002450:	4c05      	ldr	r4, [pc, #20]	@ (10002468 <timer_hardware_alarm_claim+0x1c>)
10002452:	4b06      	ldr	r3, [pc, #24]	@ (1000246c <timer_hardware_alarm_claim+0x20>)
10002454:	42a0      	cmp	r0, r4
10002456:	bf14      	ite	ne
10002458:	4618      	movne	r0, r3
1000245a:	1c58      	addeq	r0, r3, #1
1000245c:	f7ff f884 	bl	10001568 <hw_claim_or_assert>
10002460:	bd10      	pop	{r4, pc}
10002462:	bf00      	nop
10002464:	10008508 	.word	0x10008508
10002468:	400b8000 	.word	0x400b8000
1000246c:	20001ce4 	.word	0x20001ce4

10002470 <timer_time_us_64>:
10002470:	4602      	mov	r2, r0
10002472:	6a43      	ldr	r3, [r0, #36]	@ 0x24
10002474:	6a90      	ldr	r0, [r2, #40]	@ 0x28
10002476:	4619      	mov	r1, r3
10002478:	6a53      	ldr	r3, [r2, #36]	@ 0x24
1000247a:	4299      	cmp	r1, r3
1000247c:	d1fa      	bne.n	10002474 <timer_time_us_64+0x4>
1000247e:	4770      	bx	lr

10002480 <timer_busy_wait_until>:
10002480:	6a41      	ldr	r1, [r0, #36]	@ 0x24
10002482:	e000      	b.n	10002486 <timer_busy_wait_until+0x6>
10002484:	6a41      	ldr	r1, [r0, #36]	@ 0x24
10002486:	4299      	cmp	r1, r3
10002488:	d3fc      	bcc.n	10002484 <timer_busy_wait_until+0x4>
1000248a:	e000      	b.n	1000248e <timer_busy_wait_until+0xe>
1000248c:	6a41      	ldr	r1, [r0, #36]	@ 0x24
1000248e:	4299      	cmp	r1, r3
10002490:	d102      	bne.n	10002498 <timer_busy_wait_until+0x18>
10002492:	6a81      	ldr	r1, [r0, #40]	@ 0x28
10002494:	4291      	cmp	r1, r2
10002496:	d3f9      	bcc.n	1000248c <timer_busy_wait_until+0xc>
10002498:	4770      	bx	lr
	...

1000249c <time_us_64>:
1000249c:	b508      	push	{r3, lr}
1000249e:	4802      	ldr	r0, [pc, #8]	@ (100024a8 <time_us_64+0xc>)
100024a0:	f7ff ffe6 	bl	10002470 <timer_time_us_64>
100024a4:	bd08      	pop	{r3, pc}
100024a6:	bf00      	nop
100024a8:	400b0000 	.word	0x400b0000

100024ac <busy_wait_until>:
100024ac:	b508      	push	{r3, lr}
100024ae:	4602      	mov	r2, r0
100024b0:	460b      	mov	r3, r1
100024b2:	4802      	ldr	r0, [pc, #8]	@ (100024bc <busy_wait_until+0x10>)
100024b4:	f7ff ffe4 	bl	10002480 <timer_busy_wait_until>
100024b8:	bd08      	pop	{r3, pc}
100024ba:	bf00      	nop
100024bc:	400b0000 	.word	0x400b0000

100024c0 <clock_configure_internal>:
100024c0:	b570      	push	{r4, r5, r6, lr}
100024c2:	4616      	mov	r6, r2
100024c4:	9d04      	ldr	r5, [sp, #16]
100024c6:	eb00 0c40 	add.w	ip, r0, r0, lsl #1
100024ca:	ea4f 0c8c 	mov.w	ip, ip, lsl #2
100024ce:	f10c 4c80 	add.w	ip, ip, #1073741824	@ 0x40000000
100024d2:	f50c 3c80 	add.w	ip, ip, #65536	@ 0x10000
100024d6:	f8dc 2004 	ldr.w	r2, [ip, #4]
100024da:	42aa      	cmp	r2, r5
100024dc:	d201      	bcs.n	100024e2 <clock_configure_internal+0x22>
100024de:	f8cc 5004 	str.w	r5, [ip, #4]
100024e2:	f1a0 0e04 	sub.w	lr, r0, #4
100024e6:	fa5f fe8e 	uxtb.w	lr, lr
100024ea:	f1be 0f01 	cmp.w	lr, #1
100024ee:	d928      	bls.n	10002542 <clock_configure_internal+0x82>
100024f0:	f50c 5240 	add.w	r2, ip, #12288	@ 0x3000
100024f4:	f44f 6400 	mov.w	r4, #2048	@ 0x800
100024f8:	6014      	str	r4, [r2, #0]
100024fa:	4a1e      	ldr	r2, [pc, #120]	@ (10002574 <clock_configure_internal+0xb4>)
100024fc:	f852 2020 	ldr.w	r2, [r2, r0, lsl #2]
10002500:	b142      	cbz	r2, 10002514 <clock_configure_internal+0x54>
10002502:	4c1c      	ldr	r4, [pc, #112]	@ (10002574 <clock_configure_internal+0xb4>)
10002504:	6964      	ldr	r4, [r4, #20]
10002506:	fbb4 f4f2 	udiv	r4, r4, r2
1000250a:	3401      	adds	r4, #1
1000250c:	eb04 0444 	add.w	r4, r4, r4, lsl #1
10002510:	3c03      	subs	r4, #3
10002512:	d2fd      	bcs.n	10002510 <clock_configure_internal+0x50>
10002514:	f8dc 2000 	ldr.w	r2, [ip]
10002518:	ea82 1246 	eor.w	r2, r2, r6, lsl #5
1000251c:	f002 02e0 	and.w	r2, r2, #224	@ 0xe0
10002520:	f50c 5480 	add.w	r4, ip, #4096	@ 0x1000
10002524:	6022      	str	r2, [r4, #0]
10002526:	f1be 0f01 	cmp.w	lr, #1
1000252a:	d916      	bls.n	1000255a <clock_configure_internal+0x9a>
1000252c:	f50c 5200 	add.w	r2, ip, #8192	@ 0x2000
10002530:	f44f 6100 	mov.w	r1, #2048	@ 0x800
10002534:	6011      	str	r1, [r2, #0]
10002536:	f8cc 5004 	str.w	r5, [ip, #4]
1000253a:	4a0e      	ldr	r2, [pc, #56]	@ (10002574 <clock_configure_internal+0xb4>)
1000253c:	f842 3020 	str.w	r3, [r2, r0, lsl #2]
10002540:	bd70      	pop	{r4, r5, r6, pc}
10002542:	2901      	cmp	r1, #1
10002544:	d1d4      	bne.n	100024f0 <clock_configure_internal+0x30>
10002546:	f50c 5240 	add.w	r2, ip, #12288	@ 0x3000
1000254a:	2403      	movs	r4, #3
1000254c:	6014      	str	r4, [r2, #0]
1000254e:	f8dc 2008 	ldr.w	r2, [ip, #8]
10002552:	f012 0f01 	tst.w	r2, #1
10002556:	d0fa      	beq.n	1000254e <clock_configure_internal+0x8e>
10002558:	e7dc      	b.n	10002514 <clock_configure_internal+0x54>
1000255a:	f8dc 2000 	ldr.w	r2, [ip]
1000255e:	404a      	eors	r2, r1
10002560:	f002 0203 	and.w	r2, r2, #3
10002564:	6022      	str	r2, [r4, #0]
10002566:	f8dc 4008 	ldr.w	r4, [ip, #8]
1000256a:	2201      	movs	r2, #1
1000256c:	408a      	lsls	r2, r1
1000256e:	4214      	tst	r4, r2
10002570:	d0f9      	beq.n	10002566 <clock_configure_internal+0xa6>
10002572:	e7db      	b.n	1000252c <clock_configure_internal+0x6c>
10002574:	20001ce8 	.word	0x20001ce8

10002578 <clock_configure_undivided>:
10002578:	b510      	push	{r4, lr}
1000257a:	b082      	sub	sp, #8
1000257c:	f44f 3480 	mov.w	r4, #65536	@ 0x10000
10002580:	9400      	str	r4, [sp, #0]
10002582:	f7ff ff9d 	bl	100024c0 <clock_configure_internal>
10002586:	b002      	add	sp, #8
10002588:	bd10      	pop	{r4, pc}
	...

1000258c <clock_get_hz>:
1000258c:	4b01      	ldr	r3, [pc, #4]	@ (10002594 <clock_get_hz+0x8>)
1000258e:	f853 0020 	ldr.w	r0, [r3, r0, lsl #2]
10002592:	4770      	bx	lr
10002594:	20001ce8 	.word	0x20001ce8

10002598 <pll_init>:
10002598:	b570      	push	{r4, r5, r6, lr}
1000259a:	9c04      	ldr	r4, [sp, #16]
1000259c:	4d34      	ldr	r5, [pc, #208]	@ (10002670 <pll_init+0xd8>)
1000259e:	fbb5 fcf1 	udiv	ip, r5, r1
100025a2:	4d34      	ldr	r5, [pc, #208]	@ (10002674 <pll_init+0xdc>)
100025a4:	4415      	add	r5, r2
100025a6:	4e34      	ldr	r6, [pc, #208]	@ (10002678 <pll_init+0xe0>)
100025a8:	42b5      	cmp	r5, r6
100025aa:	d837      	bhi.n	1000261c <pll_init+0x84>
100025ac:	fbb2 f5fc 	udiv	r5, r2, ip
100025b0:	f1a5 0e10 	sub.w	lr, r5, #16
100025b4:	f5be 7f98 	cmp.w	lr, #304	@ 0x130
100025b8:	d836      	bhi.n	10002628 <pll_init+0x90>
100025ba:	f103 3eff 	add.w	lr, r3, #4294967295
100025be:	f1be 0f06 	cmp.w	lr, #6
100025c2:	d837      	bhi.n	10002634 <pll_init+0x9c>
100025c4:	f104 3eff 	add.w	lr, r4, #4294967295
100025c8:	f1be 0f06 	cmp.w	lr, #6
100025cc:	d832      	bhi.n	10002634 <pll_init+0x9c>
100025ce:	ebbc 1f12 	cmp.w	ip, r2, lsr #4
100025d2:	d835      	bhi.n	10002640 <pll_init+0xa8>
100025d4:	0324      	lsls	r4, r4, #12
100025d6:	ea44 4403 	orr.w	r4, r4, r3, lsl #16
100025da:	6803      	ldr	r3, [r0, #0]
100025dc:	2b00      	cmp	r3, #0
100025de:	db35      	blt.n	1000264c <pll_init+0xb4>
100025e0:	4b26      	ldr	r3, [pc, #152]	@ (1000267c <pll_init+0xe4>)
100025e2:	4298      	cmp	r0, r3
100025e4:	d042      	beq.n	1000266c <pll_init+0xd4>
100025e6:	230e      	movs	r3, #14
100025e8:	2201      	movs	r2, #1
100025ea:	409a      	lsls	r2, r3
100025ec:	4b24      	ldr	r3, [pc, #144]	@ (10002680 <pll_init+0xe8>)
100025ee:	601a      	str	r2, [r3, #0]
100025f0:	f503 5380 	add.w	r3, r3, #4096	@ 0x1000
100025f4:	601a      	str	r2, [r3, #0]
100025f6:	4b23      	ldr	r3, [pc, #140]	@ (10002684 <pll_init+0xec>)
100025f8:	689b      	ldr	r3, [r3, #8]
100025fa:	ea32 0303 	bics.w	r3, r2, r3
100025fe:	d1fa      	bne.n	100025f6 <pll_init+0x5e>
10002600:	6001      	str	r1, [r0, #0]
10002602:	6085      	str	r5, [r0, #8]
10002604:	f500 5240 	add.w	r2, r0, #12288	@ 0x3000
10002608:	3204      	adds	r2, #4
1000260a:	2321      	movs	r3, #33	@ 0x21
1000260c:	6013      	str	r3, [r2, #0]
1000260e:	6803      	ldr	r3, [r0, #0]
10002610:	2b00      	cmp	r3, #0
10002612:	dafc      	bge.n	1000260e <pll_init+0x76>
10002614:	60c4      	str	r4, [r0, #12]
10002616:	2308      	movs	r3, #8
10002618:	6013      	str	r3, [r2, #0]
1000261a:	bd70      	pop	{r4, r5, r6, pc}
1000261c:	4b1a      	ldr	r3, [pc, #104]	@ (10002688 <pll_init+0xf0>)
1000261e:	4a1b      	ldr	r2, [pc, #108]	@ (1000268c <pll_init+0xf4>)
10002620:	2111      	movs	r1, #17
10002622:	481b      	ldr	r0, [pc, #108]	@ (10002690 <pll_init+0xf8>)
10002624:	f001 fcdc 	bl	10003fe0 <__assert_func>
10002628:	4b1a      	ldr	r3, [pc, #104]	@ (10002694 <pll_init+0xfc>)
1000262a:	4a18      	ldr	r2, [pc, #96]	@ (1000268c <pll_init+0xf4>)
1000262c:	2119      	movs	r1, #25
1000262e:	4818      	ldr	r0, [pc, #96]	@ (10002690 <pll_init+0xf8>)
10002630:	f001 fcd6 	bl	10003fe0 <__assert_func>
10002634:	4b18      	ldr	r3, [pc, #96]	@ (10002698 <pll_init+0x100>)
10002636:	4a15      	ldr	r2, [pc, #84]	@ (1000268c <pll_init+0xf4>)
10002638:	211c      	movs	r1, #28
1000263a:	4815      	ldr	r0, [pc, #84]	@ (10002690 <pll_init+0xf8>)
1000263c:	f001 fcd0 	bl	10003fe0 <__assert_func>
10002640:	4b16      	ldr	r3, [pc, #88]	@ (1000269c <pll_init+0x104>)
10002642:	4a12      	ldr	r2, [pc, #72]	@ (1000268c <pll_init+0xf4>)
10002644:	2123      	movs	r1, #35	@ 0x23
10002646:	4812      	ldr	r0, [pc, #72]	@ (10002690 <pll_init+0xf8>)
10002648:	f001 fcca 	bl	10003fe0 <__assert_func>
1000264c:	6803      	ldr	r3, [r0, #0]
1000264e:	f003 033f 	and.w	r3, r3, #63	@ 0x3f
10002652:	428b      	cmp	r3, r1
10002654:	d1c4      	bne.n	100025e0 <pll_init+0x48>
10002656:	6883      	ldr	r3, [r0, #8]
10002658:	f3c3 030b 	ubfx	r3, r3, #0, #12
1000265c:	42ab      	cmp	r3, r5
1000265e:	d1bf      	bne.n	100025e0 <pll_init+0x48>
10002660:	68c3      	ldr	r3, [r0, #12]
10002662:	f403 23ee 	and.w	r3, r3, #487424	@ 0x77000
10002666:	42a3      	cmp	r3, r4
10002668:	d1ba      	bne.n	100025e0 <pll_init+0x48>
1000266a:	e7d6      	b.n	1000261a <pll_init+0x82>
1000266c:	230f      	movs	r3, #15
1000266e:	e7bb      	b.n	100025e8 <pll_init+0x50>
10002670:	00b71b00 	.word	0x00b71b00
10002674:	d34be880 	.word	0xd34be880
10002678:	32a9f880 	.word	0x32a9f880
1000267c:	40058000 	.word	0x40058000
10002680:	40022000 	.word	0x40022000
10002684:	40020000 	.word	0x40020000
10002688:	1000852c 	.word	0x1000852c
1000268c:	10009ed0 	.word	0x10009ed0
10002690:	1000857c 	.word	0x1000857c
10002694:	100085c4 	.word	0x100085c4
10002698:	100085e0 	.word	0x100085e0
1000269c:	1000862c 	.word	0x1000862c

100026a0 <watchdog_update>:
100026a0:	4b02      	ldr	r3, [pc, #8]	@ (100026ac <watchdog_update+0xc>)
100026a2:	681a      	ldr	r2, [r3, #0]
100026a4:	4b02      	ldr	r3, [pc, #8]	@ (100026b0 <watchdog_update+0x10>)
100026a6:	605a      	str	r2, [r3, #4]
100026a8:	4770      	bx	lr
100026aa:	bf00      	nop
100026ac:	20002164 	.word	0x20002164
100026b0:	400d8000 	.word	0x400d8000

100026b4 <_watchdog_enable>:
100026b4:	b508      	push	{r3, lr}
100026b6:	4b16      	ldr	r3, [pc, #88]	@ (10002710 <_watchdog_enable+0x5c>)
100026b8:	f04f 4280 	mov.w	r2, #1073741824	@ 0x40000000
100026bc:	601a      	str	r2, [r3, #0]
100026be:	f5a3 2341 	sub.w	r3, r3, #790528	@ 0xc1000
100026c2:	4a14      	ldr	r2, [pc, #80]	@ (10002714 <_watchdog_enable+0x60>)
100026c4:	609a      	str	r2, [r3, #8]
100026c6:	b151      	cbz	r1, 100026de <_watchdog_enable+0x2a>
100026c8:	f503 2340 	add.w	r3, r3, #786432	@ 0xc0000
100026cc:	f04f 62e0 	mov.w	r2, #117440512	@ 0x7000000
100026d0:	601a      	str	r2, [r3, #0]
100026d2:	b948      	cbnz	r0, 100026e8 <_watchdog_enable+0x34>
100026d4:	4b10      	ldr	r3, [pc, #64]	@ (10002718 <_watchdog_enable+0x64>)
100026d6:	f04f 4200 	mov.w	r2, #2147483648	@ 0x80000000
100026da:	601a      	str	r2, [r3, #0]
100026dc:	bd08      	pop	{r3, pc}
100026de:	4b0c      	ldr	r3, [pc, #48]	@ (10002710 <_watchdog_enable+0x5c>)
100026e0:	f04f 62e0 	mov.w	r2, #117440512	@ 0x7000000
100026e4:	601a      	str	r2, [r3, #0]
100026e6:	e7f4      	b.n	100026d2 <_watchdog_enable+0x1e>
100026e8:	f44f 737a 	mov.w	r3, #1000	@ 0x3e8
100026ec:	fb03 f000 	mul.w	r0, r3, r0
100026f0:	4b0a      	ldr	r3, [pc, #40]	@ (1000271c <_watchdog_enable+0x68>)
100026f2:	6018      	str	r0, [r3, #0]
100026f4:	f1b0 7f80 	cmp.w	r0, #16777216	@ 0x1000000
100026f8:	d302      	bcc.n	10002700 <_watchdog_enable+0x4c>
100026fa:	f06f 427f 	mvn.w	r2, #4278190080	@ 0xff000000
100026fe:	601a      	str	r2, [r3, #0]
10002700:	f7ff ffce 	bl	100026a0 <watchdog_update>
10002704:	4b04      	ldr	r3, [pc, #16]	@ (10002718 <_watchdog_enable+0x64>)
10002706:	f04f 4280 	mov.w	r2, #1073741824	@ 0x40000000
1000270a:	601a      	str	r2, [r3, #0]
1000270c:	e7e6      	b.n	100026dc <_watchdog_enable+0x28>
1000270e:	bf00      	nop
10002710:	400db000 	.word	0x400db000
10002714:	01fffff3 	.word	0x01fffff3
10002718:	400da000 	.word	0x400da000
1000271c:	20002164 	.word	0x20002164

10002720 <watchdog_reboot>:
10002720:	b510      	push	{r4, lr}
10002722:	4b0c      	ldr	r3, [pc, #48]	@ (10002754 <watchdog_reboot+0x34>)
10002724:	f04f 4480 	mov.w	r4, #1073741824	@ 0x40000000
10002728:	601c      	str	r4, [r3, #0]
1000272a:	b170      	cbz	r0, 1000274a <watchdog_reboot+0x2a>
1000272c:	f040 0301 	orr.w	r3, r0, #1
10002730:	4809      	ldr	r0, [pc, #36]	@ (10002758 <watchdog_reboot+0x38>)
10002732:	4c0a      	ldr	r4, [pc, #40]	@ (1000275c <watchdog_reboot+0x3c>)
10002734:	61c4      	str	r4, [r0, #28]
10002736:	4c0a      	ldr	r4, [pc, #40]	@ (10002760 <watchdog_reboot+0x40>)
10002738:	405c      	eors	r4, r3
1000273a:	6204      	str	r4, [r0, #32]
1000273c:	6241      	str	r1, [r0, #36]	@ 0x24
1000273e:	6283      	str	r3, [r0, #40]	@ 0x28
10002740:	2100      	movs	r1, #0
10002742:	4610      	mov	r0, r2
10002744:	f7ff ffb6 	bl	100026b4 <_watchdog_enable>
10002748:	bd10      	pop	{r4, pc}
1000274a:	4b03      	ldr	r3, [pc, #12]	@ (10002758 <watchdog_reboot+0x38>)
1000274c:	2100      	movs	r1, #0
1000274e:	61d9      	str	r1, [r3, #28]
10002750:	e7f6      	b.n	10002740 <watchdog_reboot+0x20>
10002752:	bf00      	nop
10002754:	400db000 	.word	0x400db000
10002758:	400d8000 	.word	0x400d8000
1000275c:	b007c0d3 	.word	0xb007c0d3
10002760:	4ff83f2d 	.word	0x4ff83f2d

10002764 <tick_start>:
10002764:	4a05      	ldr	r2, [pc, #20]	@ (1000277c <tick_start+0x18>)
10002766:	eb00 0340 	add.w	r3, r0, r0, lsl #1
1000276a:	eb02 0383 	add.w	r3, r2, r3, lsl #2
1000276e:	6059      	str	r1, [r3, #4]
10002770:	eb00 0040 	add.w	r0, r0, r0, lsl #1
10002774:	0080      	lsls	r0, r0, #2
10002776:	2301      	movs	r3, #1
10002778:	5013      	str	r3, [r2, r0]
1000277a:	4770      	bx	lr
1000277c:	40108000 	.word	0x40108000

10002780 <rom_reboot>:
10002780:	e92d 41f0 	stmdb	sp!, {r4, r5, r6, r7, r8, lr}
10002784:	4605      	mov	r5, r0
10002786:	460e      	mov	r6, r1
10002788:	4617      	mov	r7, r2
1000278a:	4698      	mov	r8, r3
1000278c:	2300      	movs	r3, #0
1000278e:	8adb      	ldrh	r3, [r3, #22]
10002790:	2200      	movs	r2, #0
10002792:	e842 f200 	tt	r2, r2
10002796:	f412 0f80 	tst.w	r2, #4194304	@ 0x400000
1000279a:	d10b      	bne.n	100027b4 <rom_reboot+0x34>
1000279c:	2110      	movs	r1, #16
1000279e:	f244 2052 	movw	r0, #16978	@ 0x4252
100027a2:	4798      	blx	r3
100027a4:	4604      	mov	r4, r0
100027a6:	4643      	mov	r3, r8
100027a8:	463a      	mov	r2, r7
100027aa:	4631      	mov	r1, r6
100027ac:	4628      	mov	r0, r5
100027ae:	47a0      	blx	r4
100027b0:	e8bd 81f0 	ldmia.w	sp!, {r4, r5, r6, r7, r8, pc}
100027b4:	2104      	movs	r1, #4
100027b6:	f244 2052 	movw	r0, #16978	@ 0x4252
100027ba:	4798      	blx	r3
100027bc:	4604      	mov	r4, r0
100027be:	e7f2      	b.n	100027a6 <rom_reboot+0x26>

100027c0 <rom_func_lookup>:
100027c0:	b508      	push	{r3, lr}
100027c2:	2300      	movs	r3, #0
100027c4:	8adb      	ldrh	r3, [r3, #22]
100027c6:	2200      	movs	r2, #0
100027c8:	e842 f200 	tt	r2, r2
100027cc:	f412 0f80 	tst.w	r2, #4194304	@ 0x400000
100027d0:	d102      	bne.n	100027d8 <rom_func_lookup+0x18>
100027d2:	2110      	movs	r1, #16
100027d4:	4798      	blx	r3
100027d6:	bd08      	pop	{r3, pc}
100027d8:	2104      	movs	r1, #4
100027da:	4798      	blx	r3
100027dc:	e7fb      	b.n	100027d6 <rom_func_lookup+0x16>

100027de <rom_reset_usb_boot_extra>:
100027de:	b508      	push	{r3, lr}
100027e0:	1e03      	subs	r3, r0, #0
100027e2:	db04      	blt.n	100027ee <rom_reset_usb_boot_extra+0x10>
100027e4:	f041 0020 	orr.w	r0, r1, #32
100027e8:	b13a      	cbz	r2, 100027fa <rom_reset_usb_boot_extra+0x1c>
100027ea:	f041 0130 	orr.w	r1, r1, #48	@ 0x30
100027ee:	460a      	mov	r2, r1
100027f0:	210a      	movs	r1, #10
100027f2:	f44f 7081 	mov.w	r0, #258	@ 0x102
100027f6:	f7ff ffc3 	bl	10002780 <rom_reboot>
100027fa:	4601      	mov	r1, r0
100027fc:	e7f7      	b.n	100027ee <rom_reset_usb_boot_extra+0x10>
	...

10002800 <runtime_init_bootrom_locking_enable>:
10002800:	4b03      	ldr	r3, [pc, #12]	@ (10002810 <runtime_init_bootrom_locking_enable+0x10>)
10002802:	f8d3 3828 	ldr.w	r3, [r3, #2088]	@ 0x828
10002806:	2b00      	cmp	r3, #0
10002808:	d0fa      	beq.n	10002800 <runtime_init_bootrom_locking_enable>
1000280a:	f3bf 8f5f 	dmb	sy
1000280e:	4770      	bx	lr
10002810:	400e0000 	.word	0x400e0000

10002814 <boot_locks_reset>:
10002814:	2200      	movs	r2, #0
10002816:	e007      	b.n	10002828 <boot_locks_reset+0x14>
10002818:	4b05      	ldr	r3, [pc, #20]	@ (10002830 <boot_locks_reset+0x1c>)
1000281a:	4413      	add	r3, r2
1000281c:	009b      	lsls	r3, r3, #2
1000281e:	f3bf 8f5f 	dmb	sy
10002822:	2100      	movs	r1, #0
10002824:	6019      	str	r1, [r3, #0]
10002826:	3201      	adds	r2, #1
10002828:	2a07      	cmp	r2, #7
1000282a:	d9f5      	bls.n	10002818 <boot_locks_reset+0x4>
1000282c:	4770      	bx	lr
1000282e:	bf00      	nop
10002830:	10038203 	.word	0x10038203

10002834 <runtime_init_boot_locks_reset>:
10002834:	b508      	push	{r3, lr}
10002836:	f7ff ffed 	bl	10002814 <boot_locks_reset>
1000283a:	bd08      	pop	{r3, pc}

1000283c <xosc_init>:
1000283c:	4b07      	ldr	r3, [pc, #28]	@ (1000285c <xosc_init+0x20>)
1000283e:	f44f 622a 	mov.w	r2, #2720	@ 0xaa0
10002842:	601a      	str	r2, [r3, #0]
10002844:	f44f 728d 	mov.w	r2, #282	@ 0x11a
10002848:	60da      	str	r2, [r3, #12]
1000284a:	f503 5300 	add.w	r3, r3, #8192	@ 0x2000
1000284e:	4a04      	ldr	r2, [pc, #16]	@ (10002860 <xosc_init+0x24>)
10002850:	601a      	str	r2, [r3, #0]
10002852:	4b02      	ldr	r3, [pc, #8]	@ (1000285c <xosc_init+0x20>)
10002854:	685b      	ldr	r3, [r3, #4]
10002856:	2b00      	cmp	r3, #0
10002858:	dafb      	bge.n	10002852 <xosc_init+0x16>
1000285a:	4770      	bx	lr
1000285c:	40048000 	.word	0x40048000
10002860:	00fab000 	.word	0x00fab000

10002864 <runtime_run_initializers_from>:
10002864:	b510      	push	{r4, lr}
10002866:	4604      	mov	r4, r0
10002868:	e002      	b.n	10002870 <runtime_run_initializers_from+0xc>
1000286a:	f854 3b04 	ldr.w	r3, [r4], #4
1000286e:	4798      	blx	r3
10002870:	4b01      	ldr	r3, [pc, #4]	@ (10002878 <runtime_run_initializers_from+0x14>)
10002872:	429c      	cmp	r4, r3
10002874:	d3f9      	bcc.n	1000286a <runtime_run_initializers_from+0x6>
10002876:	bd10      	pop	{r4, pc}
10002878:	10008070 	.word	0x10008070

1000287c <first_per_core_initializer>:
1000287c:	4770      	bx	lr
	...

10002880 <runtime_run_initializers>:
10002880:	b508      	push	{r3, lr}
10002882:	4802      	ldr	r0, [pc, #8]	@ (1000288c <runtime_run_initializers+0xc>)
10002884:	f7ff ffee 	bl	10002864 <runtime_run_initializers_from>
10002888:	bd08      	pop	{r3, pc}
1000288a:	bf00      	nop
1000288c:	10008030 	.word	0x10008030

10002890 <runtime_init_early_resets>:
10002890:	4b06      	ldr	r3, [pc, #24]	@ (100028ac <runtime_init_early_resets+0x1c>)
10002892:	4a07      	ldr	r2, [pc, #28]	@ (100028b0 <runtime_init_early_resets+0x20>)
10002894:	601a      	str	r2, [r3, #0]
10002896:	f503 5380 	add.w	r3, r3, #4096	@ 0x1000
1000289a:	4a06      	ldr	r2, [pc, #24]	@ (100028b4 <runtime_init_early_resets+0x24>)
1000289c:	601a      	str	r2, [r3, #0]
1000289e:	4b06      	ldr	r3, [pc, #24]	@ (100028b8 <runtime_init_early_resets+0x28>)
100028a0:	689a      	ldr	r2, [r3, #8]
100028a2:	4b04      	ldr	r3, [pc, #16]	@ (100028b4 <runtime_init_early_resets+0x24>)
100028a4:	4393      	bics	r3, r2
100028a6:	d1fa      	bne.n	1000289e <runtime_init_early_resets+0xe>
100028a8:	4770      	bx	lr
100028aa:	bf00      	nop
100028ac:	40022000 	.word	0x40022000
100028b0:	efef3b7f 	.word	0xefef3b7f
100028b4:	03f3fff6 	.word	0x03f3fff6
100028b8:	40020000 	.word	0x40020000

100028bc <runtime_init_usb_power_down>:
100028bc:	4b05      	ldr	r3, [pc, #20]	@ (100028d4 <runtime_init_usb_power_down+0x18>)
100028be:	6cdb      	ldr	r3, [r3, #76]	@ 0x4c
100028c0:	f5b3 4f00 	cmp.w	r3, #32768	@ 0x8000
100028c4:	d000      	beq.n	100028c8 <runtime_init_usb_power_down+0xc>
100028c6:	4770      	bx	lr
100028c8:	4b03      	ldr	r3, [pc, #12]	@ (100028d8 <runtime_init_usb_power_down+0x1c>)
100028ca:	f44f 2280 	mov.w	r2, #262144	@ 0x40000
100028ce:	64da      	str	r2, [r3, #76]	@ 0x4c
100028d0:	e7f9      	b.n	100028c6 <runtime_init_usb_power_down+0xa>
100028d2:	bf00      	nop
100028d4:	50110000 	.word	0x50110000
100028d8:	50112000 	.word	0x50112000

100028dc <runtime_init_per_core_enable_coprocessors>:
100028dc:	f04f 22e0 	mov.w	r2, #3758153728	@ 0xe000e000
100028e0:	f8d2 1d88 	ldr.w	r1, [r2, #3464]	@ 0xd88
100028e4:	4b03      	ldr	r3, [pc, #12]	@ (100028f4 <runtime_init_per_core_enable_coprocessors+0x18>)
100028e6:	430b      	orrs	r3, r1
100028e8:	f8c2 3d88 	str.w	r3, [r2, #3464]	@ 0xd88
100028ec:	ee10 0430 			dcp_rcmp r0
100028f0:	4770      	bx	lr
100028f2:	bf00      	nop
100028f4:	00300303 	.word	0x00300303

100028f8 <runtime_init_post_clock_resets>:
100028f8:	4b05      	ldr	r3, [pc, #20]	@ (10002910 <runtime_init_post_clock_resets+0x18>)
100028fa:	f06f 4260 	mvn.w	r2, #3758096384	@ 0xe0000000
100028fe:	601a      	str	r2, [r3, #0]
10002900:	4b04      	ldr	r3, [pc, #16]	@ (10002914 <runtime_init_post_clock_resets+0x1c>)
10002902:	689b      	ldr	r3, [r3, #8]
10002904:	43db      	mvns	r3, r3
10002906:	f033 4360 	bics.w	r3, r3, #3758096384	@ 0xe0000000
1000290a:	d1f9      	bne.n	10002900 <runtime_init_post_clock_resets+0x8>
1000290c:	4770      	bx	lr
1000290e:	bf00      	nop
10002910:	40023000 	.word	0x40023000
10002914:	40020000 	.word	0x40020000

10002918 <runtime_init_bootrom_reset>:
10002918:	b508      	push	{r3, lr}
1000291a:	f245 2053 	movw	r0, #21075	@ 0x5253
1000291e:	f7ff ff4f 	bl	100027c0 <rom_func_lookup>
10002922:	4603      	mov	r3, r0
10002924:	2004      	movs	r0, #4
10002926:	4798      	blx	r3
10002928:	bd08      	pop	{r3, pc}

1000292a <runtime_init_per_core_bootrom_reset>:
1000292a:	b508      	push	{r3, lr}
1000292c:	f245 2053 	movw	r0, #21075	@ 0x5253
10002930:	f7ff ff46 	bl	100027c0 <rom_func_lookup>
10002934:	4603      	mov	r3, r0
10002936:	2001      	movs	r0, #1
10002938:	4798      	blx	r3
1000293a:	bd08      	pop	{r3, pc}

1000293c <runtime_init_spin_locks_reset>:
1000293c:	b508      	push	{r3, lr}
1000293e:	f7fe fe7b 	bl	10001638 <spin_locks_reset>
10002942:	bd08      	pop	{r3, pc}

10002944 <runtime_init_install_ram_vector_table>:
10002944:	b510      	push	{r4, lr}
10002946:	490c      	ldr	r1, [pc, #48]	@ (10002978 <runtime_init_install_ram_vector_table+0x34>)
10002948:	4a0c      	ldr	r2, [pc, #48]	@ (1000297c <runtime_init_install_ram_vector_table+0x38>)
1000294a:	1a52      	subs	r2, r2, r1
1000294c:	1092      	asrs	r2, r2, #2
1000294e:	4614      	mov	r4, r2
10002950:	2a44      	cmp	r2, #68	@ 0x44
10002952:	bf28      	it	cs
10002954:	2244      	movcs	r2, #68	@ 0x44
10002956:	0092      	lsls	r2, r2, #2
10002958:	4809      	ldr	r0, [pc, #36]	@ (10002980 <runtime_init_install_ram_vector_table+0x3c>)
1000295a:	f005 f945 	bl	10007be8 <memcpy>
1000295e:	e004      	b.n	1000296a <runtime_init_install_ram_vector_table+0x26>
10002960:	4a08      	ldr	r2, [pc, #32]	@ (10002984 <runtime_init_install_ram_vector_table+0x40>)
10002962:	4b07      	ldr	r3, [pc, #28]	@ (10002980 <runtime_init_install_ram_vector_table+0x3c>)
10002964:	f843 2024 	str.w	r2, [r3, r4, lsl #2]
10002968:	3401      	adds	r4, #1
1000296a:	2c43      	cmp	r4, #67	@ 0x43
1000296c:	d9f8      	bls.n	10002960 <runtime_init_install_ram_vector_table+0x1c>
1000296e:	4a04      	ldr	r2, [pc, #16]	@ (10002980 <runtime_init_install_ram_vector_table+0x3c>)
10002970:	4b05      	ldr	r3, [pc, #20]	@ (10002988 <runtime_init_install_ram_vector_table+0x44>)
10002972:	609a      	str	r2, [r3, #8]
10002974:	bd10      	pop	{r4, pc}
10002976:	bf00      	nop
10002978:	10000000 	.word	0x10000000
1000297c:	10000110 	.word	0x10000110
10002980:	20000000 	.word	0x20000000
10002984:	10000111 	.word	0x10000111
10002988:	e000ed00 	.word	0xe000ed00

1000298c <start_all_ticks>:
1000298c:	b538      	push	{r3, r4, r5, lr}
1000298e:	2004      	movs	r0, #4
10002990:	f7ff fdfc 	bl	1000258c <clock_get_hz>
10002994:	4b06      	ldr	r3, [pc, #24]	@ (100029b0 <start_all_ticks+0x24>)
10002996:	fba3 3500 	umull	r3, r5, r3, r0
1000299a:	0cad      	lsrs	r5, r5, #18
1000299c:	2400      	movs	r4, #0
1000299e:	e004      	b.n	100029aa <start_all_ticks+0x1e>
100029a0:	4629      	mov	r1, r5
100029a2:	b2e0      	uxtb	r0, r4
100029a4:	f7ff fede 	bl	10002764 <tick_start>
100029a8:	3401      	adds	r4, #1
100029aa:	2c05      	cmp	r4, #5
100029ac:	ddf8      	ble.n	100029a0 <start_all_ticks+0x14>
100029ae:	bd38      	pop	{r3, r4, r5, pc}
100029b0:	431bde83 	.word	0x431bde83

100029b4 <runtime_init_clocks>:
100029b4:	b530      	push	{r4, r5, lr}
100029b6:	b083      	sub	sp, #12
100029b8:	4b26      	ldr	r3, [pc, #152]	@ (10002a54 <runtime_init_clocks+0xa0>)
100029ba:	2200      	movs	r2, #0
100029bc:	f8c3 2084 	str.w	r2, [r3, #132]	@ 0x84
100029c0:	f7ff ff3c 	bl	1000283c <xosc_init>
100029c4:	4b24      	ldr	r3, [pc, #144]	@ (10002a58 <runtime_init_clocks+0xa4>)
100029c6:	2201      	movs	r2, #1
100029c8:	63da      	str	r2, [r3, #60]	@ 0x3c
100029ca:	4b22      	ldr	r3, [pc, #136]	@ (10002a54 <runtime_init_clocks+0xa0>)
100029cc:	6c5b      	ldr	r3, [r3, #68]	@ 0x44
100029ce:	2b01      	cmp	r3, #1
100029d0:	d1fb      	bne.n	100029ca <runtime_init_clocks+0x16>
100029d2:	4b21      	ldr	r3, [pc, #132]	@ (10002a58 <runtime_init_clocks+0xa4>)
100029d4:	2203      	movs	r2, #3
100029d6:	631a      	str	r2, [r3, #48]	@ 0x30
100029d8:	4b1e      	ldr	r3, [pc, #120]	@ (10002a54 <runtime_init_clocks+0xa0>)
100029da:	6b9b      	ldr	r3, [r3, #56]	@ 0x38
100029dc:	2b01      	cmp	r3, #1
100029de:	d1fb      	bne.n	100029d8 <runtime_init_clocks+0x24>
100029e0:	2402      	movs	r4, #2
100029e2:	9400      	str	r4, [sp, #0]
100029e4:	2305      	movs	r3, #5
100029e6:	4a1d      	ldr	r2, [pc, #116]	@ (10002a5c <runtime_init_clocks+0xa8>)
100029e8:	2101      	movs	r1, #1
100029ea:	481d      	ldr	r0, [pc, #116]	@ (10002a60 <runtime_init_clocks+0xac>)
100029ec:	f7ff fdd4 	bl	10002598 <pll_init>
100029f0:	2505      	movs	r5, #5
100029f2:	9500      	str	r5, [sp, #0]
100029f4:	462b      	mov	r3, r5
100029f6:	4a1b      	ldr	r2, [pc, #108]	@ (10002a64 <runtime_init_clocks+0xb0>)
100029f8:	2101      	movs	r1, #1
100029fa:	481b      	ldr	r0, [pc, #108]	@ (10002a68 <runtime_init_clocks+0xb4>)
100029fc:	f7ff fdcc 	bl	10002598 <pll_init>
10002a00:	4b1a      	ldr	r3, [pc, #104]	@ (10002a6c <runtime_init_clocks+0xb8>)
10002a02:	2200      	movs	r2, #0
10002a04:	4621      	mov	r1, r4
10002a06:	2004      	movs	r0, #4
10002a08:	f7ff fdb6 	bl	10002578 <clock_configure_undivided>
10002a0c:	4c18      	ldr	r4, [pc, #96]	@ (10002a70 <runtime_init_clocks+0xbc>)
10002a0e:	4623      	mov	r3, r4
10002a10:	2200      	movs	r2, #0
10002a12:	2101      	movs	r1, #1
10002a14:	4628      	mov	r0, r5
10002a16:	f7ff fdaf 	bl	10002578 <clock_configure_undivided>
10002a1a:	4d16      	ldr	r5, [pc, #88]	@ (10002a74 <runtime_init_clocks+0xc0>)
10002a1c:	462b      	mov	r3, r5
10002a1e:	2200      	movs	r2, #0
10002a20:	4611      	mov	r1, r2
10002a22:	2008      	movs	r0, #8
10002a24:	f7ff fda8 	bl	10002578 <clock_configure_undivided>
10002a28:	462b      	mov	r3, r5
10002a2a:	2200      	movs	r2, #0
10002a2c:	4611      	mov	r1, r2
10002a2e:	2009      	movs	r0, #9
10002a30:	f7ff fda2 	bl	10002578 <clock_configure_undivided>
10002a34:	4623      	mov	r3, r4
10002a36:	2200      	movs	r2, #0
10002a38:	4611      	mov	r1, r2
10002a3a:	2006      	movs	r0, #6
10002a3c:	f7ff fd9c 	bl	10002578 <clock_configure_undivided>
10002a40:	4623      	mov	r3, r4
10002a42:	2200      	movs	r2, #0
10002a44:	4611      	mov	r1, r2
10002a46:	2007      	movs	r0, #7
10002a48:	f7ff fd96 	bl	10002578 <clock_configure_undivided>
10002a4c:	f7ff ff9e 	bl	1000298c <start_all_ticks>
10002a50:	b003      	add	sp, #12
10002a52:	bd30      	pop	{r4, r5, pc}
10002a54:	40010000 	.word	0x40010000
10002a58:	40013000 	.word	0x40013000
10002a5c:	59682f00 	.word	0x59682f00
10002a60:	40050000 	.word	0x40050000
10002a64:	47868c00 	.word	0x47868c00
10002a68:	40058000 	.word	0x40058000
10002a6c:	00b71b00 	.word	0x00b71b00
10002a70:	08f0d180 	.word	0x08f0d180
10002a74:	02dc6c00 	.word	0x02dc6c00

10002a78 <generic_save_state>:
10002a78:	b086      	sub	sp, #24
10002a7a:	b403      	push	{r0, r1}
10002a7c:	fc51 0408 	dcp_pxmd r0, r1
10002a80:	e9cd 0102 	strd	r0, r1, [sp, #8]
10002a84:	fc51 0409 	dcp_pymd r0, r1
10002a88:	e9cd 0104 	strd	r0, r1, [sp, #16]
10002a8c:	ec51 040a 	dcp_refd r0, r1
10002a90:	e9cd 0106 	strd	r0, r1, [sp, #24]
10002a94:	bc03      	pop	{r0, r1}
10002a96:	47f0      	blx	lr

10002a98 <generic_restore_state>:
10002a98:	e8bd 5000 	ldmia.w	sp!, {ip, lr}
10002a9c:	ec4e c400 	dcp_wxmd ip, lr
10002aa0:	e8bd 5000 	ldmia.w	sp!, {ip, lr}
10002aa4:	ec4e c401 	dcp_wymd ip, lr
10002aa8:	e8bd 5000 	ldmia.w	sp!, {ip, lr}
10002aac:	ec4e c402 	dcp_wefd ip, lr
10002ab0:	bd00      	pop	{pc}
10002ab2:	0000      	movs	r0, r0
10002ab4:	b500      	push	{lr}
10002ab6:	f7ff ffdf 	bl	10002a78 <generic_save_state>
10002aba:	e002      	b.n	10002ac2 <__wrap___aeabi_dadd+0x6>

10002abc <__wrap___aeabi_dadd>:
10002abc:	fe10 f430 	dcp_pcmp APSR_nzcv
10002ac0:	d4f8      	bmi.n	10002ab4 <generic_restore_state+0x1c>
10002ac2:	ec41 0410 	dcp_wxup r0, r1
10002ac6:	ec43 2411 	dcp_wyup r2, r3
10002aca:	ee00 0401 			dcp_add0
10002ace:	ee10 0401 			dcp_add1
10002ad2:	ee80 0420 			dcp_nrdd
10002ad6:	ec51 0410 	dcp_rdda r0, r1
10002ada:	4770      	bx	lr
10002adc:	b500      	push	{lr}
10002ade:	f7ff ffcb 	bl	10002a78 <generic_save_state>
10002ae2:	e002      	b.n	10002aea <__wrap___aeabi_dsub+0x6>

10002ae4 <__wrap___aeabi_dsub>:
10002ae4:	fe10 f430 	dcp_pcmp APSR_nzcv
10002ae8:	d4f8      	bmi.n	10002adc <__wrap___aeabi_dadd+0x20>
10002aea:	ec41 0410 	dcp_wxup r0, r1
10002aee:	ec43 2411 	dcp_wyup r2, r3
10002af2:	ee00 0401 			dcp_add0
10002af6:	ee10 0421 			dcp_sub1
10002afa:	ee80 0420 			dcp_nrdd
10002afe:	ec51 0430 	dcp_rdds r0, r1
10002b02:	4770      	bx	lr
10002b04:	b500      	push	{lr}
10002b06:	f7ff ffb7 	bl	10002a78 <generic_save_state>
10002b0a:	e002      	b.n	10002b12 <__wrap___aeabi_dmul+0x6>

10002b0c <__wrap___aeabi_dmul>:
10002b0c:	fe10 f430 	dcp_pcmp APSR_nzcv
10002b10:	d4f8      	bmi.n	10002b04 <__wrap___aeabi_dsub+0x20>
10002b12:	b510      	push	{r4, lr}
10002b14:	ec41 0410 	dcp_wxup r0, r1
10002b18:	ec43 2411 	dcp_wyup r2, r3
10002b1c:	ec51 0404 	dcp_rxms r0, r1, #0x0
10002b20:	ec53 2405 	dcp_ryms r2, r3, #0x0
10002b24:	fba0 4c02 	umull	r4, ip, r0, r2
10002b28:	f05f 0e00 	movs.w	lr, #0
10002b2c:	fbe0 ce03 	umlal	ip, lr, r0, r3
10002b30:	fbe1 ce02 	umlal	ip, lr, r1, r2
10002b34:	ec4c 4420 	dcp_wxms r4, ip
10002b38:	2400      	movs	r4, #0
10002b3a:	fbe1 e403 	umlal	lr, r4, r1, r3
10002b3e:	ec44 e430 	dcp_wxmo lr, r4
10002b42:	ee80 0420 			dcp_nrdd
10002b46:	ec51 0450 	dcp_rddm r0, r1
10002b4a:	e8bd 4010 	ldmia.w	sp!, {r4, lr}
10002b4e:	4770      	bx	lr
10002b50:	b500      	push	{lr}
10002b52:	f7ff ff91 	bl	10002a78 <generic_save_state>
10002b56:	e002      	b.n	10002b5e <__wrap___aeabi_ddiv+0x6>

10002b58 <__wrap___aeabi_ddiv>:
10002b58:	fe10 f430 	dcp_pcmp APSR_nzcv
10002b5c:	d4f8      	bmi.n	10002b50 <__wrap___aeabi_dmul+0x44>
10002b5e:	ec41 0410 	dcp_wxup r0, r1
10002b62:	ec43 2411 	dcp_wyup r2, r3
10002b66:	ec51 0421 	dcp_rymr r0, r1
10002b6a:	fba0 1201 	umull	r1, r2, r0, r1
10002b6e:	ea6f 0282 	mvn.w	r2, r2, lsl #2
10002b72:	fb52 0010 	smmlar	r0, r2, r0, r0
10002b76:	fb52 f212 	smmulr	r2, r2, r2
10002b7a:	fb52 0010 	smmlar	r0, r2, r0, r0
10002b7e:	eba0 7cd0 	sub.w	ip, r0, r0, lsr #31
10002b82:	ec53 2404 	dcp_rxms r2, r3, #0x0
10002b86:	fb5c f113 	smmulr	r1, ip, r3
10002b8a:	ec53 2415 	dcp_ryms r2, r3, #0x1
10002b8e:	fba1 2002 	umull	r2, r0, r1, r2
10002b92:	fb01 0003 	mla	r0, r1, r3, r0
10002b96:	ec53 2444 	dcp_rxms r2, r3, #0x4
10002b9a:	eba2 0000 	sub.w	r0, r2, r0
10002b9e:	fb50 f21c 	smmulr	r2, r0, ip
10002ba2:	ea4f 1311 	mov.w	r3, r1, lsr #4
10002ba6:	eb12 7001 	adds.w	r0, r2, r1, lsl #28
10002baa:	eb43 71e2 	adc.w	r1, r3, r2, asr #31
10002bae:	ea40 5051 	orr.w	r0, r0, r1, lsr #21
10002bb2:	ea20 5091 	bic.w	r0, r0, r1, lsr #22
10002bb6:	f020 0007 	bic.w	r0, r0, #7
10002bba:	ec53 2475 	dcp_ryms r2, r3, #0x7
10002bbe:	fba0 3c02 	umull	r3, ip, r0, r2
10002bc2:	ec53 2475 	dcp_ryms r2, r3, #0x7
10002bc6:	fb00 cc03 	mla	ip, r0, r3, ip
10002bca:	fb01 cc02 	mla	ip, r1, r2, ip
10002bce:	ec53 2404 	dcp_rxms r2, r3, #0x0
10002bd2:	ebac 4c82 	sub.w	ip, ip, r2, lsl #18
10002bd6:	ea40 705c 	orr.w	r0, r0, ip, lsr #29
10002bda:	f1a0 0001 	sub.w	r0, r0, #1
10002bde:	ec41 0440 	dcp_wxdd r0, r1
10002be2:	ee80 0420 			dcp_nrdd
10002be6:	ec51 0470 	dcp_rddd r0, r1
10002bea:	4770      	bx	lr
10002bec:	b500      	push	{lr}
10002bee:	f7ff ff43 	bl	10002a78 <generic_save_state>
10002bf2:	e002      	b.n	10002bfa <__wrap___aeabi_i2d+0x6>

10002bf4 <__wrap___aeabi_i2d>:
10002bf4:	fe10 f430 	dcp_pcmp APSR_nzcv
10002bf8:	d4f8      	bmi.n	10002bec <__wrap___aeabi_ddiv+0x94>
10002bfa:	ec40 0470 	dcp_wxic r0, r0
10002bfe:	ee00 0401 			dcp_add0
10002c02:	ee10 0421 			dcp_sub1
10002c06:	ee80 0420 			dcp_nrdd
10002c0a:	ec51 0430 	dcp_rdds r0, r1
10002c0e:	4770      	bx	lr
10002c10:	b500      	push	{lr}
10002c12:	f7ff ff31 	bl	10002a78 <generic_save_state>
10002c16:	e002      	b.n	10002c1e <__wrap___aeabi_ui2d+0x6>

10002c18 <__wrap___aeabi_ui2d>:
10002c18:	fe10 f430 	dcp_pcmp APSR_nzcv
10002c1c:	d4f8      	bmi.n	10002c10 <__wrap___aeabi_i2d+0x1c>
10002c1e:	ec40 0460 	dcp_wxuc r0, r0
10002c22:	ee00 0401 			dcp_add0
10002c26:	ee10 0421 			dcp_sub1
10002c2a:	ee80 0420 			dcp_nrdd
10002c2e:	ec51 0430 	dcp_rdds r0, r1
10002c32:	4770      	bx	lr
10002c34:	b500      	push	{lr}
10002c36:	f7ff ff1f 	bl	10002a78 <generic_save_state>
10002c3a:	e002      	b.n	10002c42 <double2int_z_entry>

10002c3c <__wrap___aeabi_d2iz>:
10002c3c:	fe10 f430 	dcp_pcmp APSR_nzcv
10002c40:	d4f8      	bmi.n	10002c34 <__wrap___aeabi_ui2d+0x1c>

10002c42 <double2int_z_entry>:
10002c42:	ec41 0480 	dcp_wxdc r0, r1
10002c46:	ee00 0401 			dcp_add0
10002c4a:	ee10 0401 			dcp_add1
10002c4e:	ee80 0440 			dcp_ntdc
10002c52:	ee10 0413 			dcp_rdic r0
10002c56:	4770      	bx	lr
10002c58:	b500      	push	{lr}
10002c5a:	f7ff ff0d 	bl	10002a78 <generic_save_state>
10002c5e:	e002      	b.n	10002c66 <double2uint_z_entry>

10002c60 <__wrap___aeabi_d2uiz>:
10002c60:	fe10 f430 	dcp_pcmp APSR_nzcv
10002c64:	d4f8      	bmi.n	10002c58 <double2int_z_entry+0x16>

10002c66 <double2uint_z_entry>:
10002c66:	ec41 0480 	dcp_wxdc r0, r1
10002c6a:	ee00 0401 			dcp_add0
10002c6e:	ee10 0401 			dcp_add1
10002c72:	ee80 0440 			dcp_ntdc
10002c76:	ee10 0433 			dcp_rduc r0
10002c7a:	4770      	bx	lr
10002c7c:	b500      	push	{lr}
10002c7e:	f7ff fefb 	bl	10002a78 <generic_save_state>
10002c82:	e002      	b.n	10002c8a <__wrap___aeabi_dcmpun+0x6>

10002c84 <__wrap___aeabi_dcmpun>:
10002c84:	fe10 f430 	dcp_pcmp APSR_nzcv
10002c88:	d4f8      	bmi.n	10002c7c <double2uint_z_entry+0x16>
10002c8a:	ec41 0410 	dcp_wxup r0, r1
10002c8e:	ec43 2411 	dcp_wyup r2, r3
10002c92:	ee00 0401 			dcp_add0
10002c96:	ee10 0430 			dcp_rcmp r0
10002c9a:	f3c0 7000 	ubfx	r0, r0, #28, #1
10002c9e:	4770      	bx	lr
10002ca0:	b500      	push	{lr}
10002ca2:	f7ff fee9 	bl	10002a78 <generic_save_state>
10002ca6:	e002      	b.n	10002cae <__wrap___aeabi_dcmplt+0x6>

10002ca8 <__wrap___aeabi_dcmplt>:
10002ca8:	fe10 f430 	dcp_pcmp APSR_nzcv
10002cac:	d4f8      	bmi.n	10002ca0 <__wrap___aeabi_dcmpun+0x1c>
10002cae:	ec43 2410 	dcp_wxup r2, r3
10002cb2:	ec41 0411 	dcp_wyup r0, r1
10002cb6:	ee00 0401 			dcp_add0
10002cba:	ee10 f430 			dcp_rcmp APSR_nzcv
10002cbe:	bf8c      	ite	hi
10002cc0:	2001      	movhi	r0, #1
10002cc2:	2000      	movls	r0, #0
10002cc4:	4770      	bx	lr
10002cc6:	bf00      	nop
10002cc8:	b500      	push	{lr}
10002cca:	f7ff fed5 	bl	10002a78 <generic_save_state>
10002cce:	e002      	b.n	10002cd6 <__wrap___aeabi_dcmple+0x6>

10002cd0 <__wrap___aeabi_dcmple>:
10002cd0:	fe10 f430 	dcp_pcmp APSR_nzcv
10002cd4:	d4f8      	bmi.n	10002cc8 <__wrap___aeabi_dcmplt+0x20>
10002cd6:	ec43 2410 	dcp_wxup r2, r3
10002cda:	ec41 0411 	dcp_wyup r0, r1
10002cde:	ee00 0401 			dcp_add0
10002ce2:	ee10 f430 			dcp_rcmp APSR_nzcv
10002ce6:	bf2c      	ite	cs
10002ce8:	2001      	movcs	r0, #1
10002cea:	2000      	movcc	r0, #0
10002cec:	4770      	bx	lr
10002cee:	bf00      	nop
10002cf0:	b500      	push	{lr}
10002cf2:	f7ff fec1 	bl	10002a78 <generic_save_state>
10002cf6:	e002      	b.n	10002cfe <__wrap___aeabi_dcmpge+0x6>

10002cf8 <__wrap___aeabi_dcmpge>:
10002cf8:	fe10 f430 	dcp_pcmp APSR_nzcv
10002cfc:	d4f8      	bmi.n	10002cf0 <__wrap___aeabi_dcmple+0x20>
10002cfe:	ec41 0410 	dcp_wxup r0, r1
10002d02:	ec43 2411 	dcp_wyup r2, r3
10002d06:	ee00 0401 			dcp_add0
10002d0a:	ee10 f430 			dcp_rcmp APSR_nzcv
10002d0e:	bf2c      	ite	cs
10002d10:	2001      	movcs	r0, #1
10002d12:	2000      	movcc	r0, #0
10002d14:	4770      	bx	lr
10002d16:	bf00      	nop
10002d18:	b500      	push	{lr}
10002d1a:	f7ff fead 	bl	10002a78 <generic_save_state>
10002d1e:	e002      	b.n	10002d26 <__wrap___aeabi_dcmpgt+0x6>

10002d20 <__wrap___aeabi_dcmpgt>:
10002d20:	fe10 f430 	dcp_pcmp APSR_nzcv
10002d24:	d4f8      	bmi.n	10002d18 <__wrap___aeabi_dcmpge+0x20>
10002d26:	ec41 0410 	dcp_wxup r0, r1
10002d2a:	ec43 2411 	dcp_wyup r2, r3
10002d2e:	ee00 0401 			dcp_add0
10002d32:	ee10 f430 			dcp_rcmp APSR_nzcv
10002d36:	bf8c      	ite	hi
10002d38:	2001      	movhi	r0, #1
10002d3a:	2000      	movls	r0, #0
10002d3c:	4770      	bx	lr
10002d3e:	bf00      	nop

10002d40 <check_alloc>:
10002d40:	b508      	push	{r3, lr}
10002d42:	b128      	cbz	r0, 10002d50 <check_alloc+0x10>
10002d44:	4603      	mov	r3, r0
10002d46:	440b      	add	r3, r1
10002d48:	4a03      	ldr	r2, [pc, #12]	@ (10002d58 <check_alloc+0x18>)
10002d4a:	4293      	cmp	r3, r2
10002d4c:	d800      	bhi.n	10002d50 <check_alloc+0x10>
10002d4e:	bd08      	pop	{r3, pc}
10002d50:	4802      	ldr	r0, [pc, #8]	@ (10002d5c <check_alloc+0x1c>)
10002d52:	f7fe fbd5 	bl	10001500 <panic>
10002d56:	bf00      	nop
10002d58:	20080000 	.word	0x20080000
10002d5c:	10008648 	.word	0x10008648

10002d60 <__wrap_malloc>:
10002d60:	b538      	push	{r3, r4, r5, lr}
10002d62:	4605      	mov	r5, r0
10002d64:	f004 fbd8 	bl	10007518 <malloc>
10002d68:	4604      	mov	r4, r0
10002d6a:	4629      	mov	r1, r5
10002d6c:	f7ff ffe8 	bl	10002d40 <check_alloc>
10002d70:	4620      	mov	r0, r4
10002d72:	bd38      	pop	{r3, r4, r5, pc}

10002d74 <_out_buffer>:
10002d74:	429a      	cmp	r2, r3
10002d76:	d200      	bcs.n	10002d7a <_out_buffer+0x6>
10002d78:	5488      	strb	r0, [r1, r2]
10002d7a:	4770      	bx	lr

10002d7c <_out_null>:
10002d7c:	4770      	bx	lr

10002d7e <_out_fct>:
10002d7e:	b120      	cbz	r0, 10002d8a <_out_fct+0xc>
10002d80:	b508      	push	{r3, lr}
10002d82:	680a      	ldr	r2, [r1, #0]
10002d84:	6849      	ldr	r1, [r1, #4]
10002d86:	4790      	blx	r2
10002d88:	bd08      	pop	{r3, pc}
10002d8a:	4770      	bx	lr

10002d8c <_atoi>:
10002d8c:	4601      	mov	r1, r0
10002d8e:	2000      	movs	r0, #0
10002d90:	e008      	b.n	10002da4 <_atoi+0x18>
10002d92:	eb00 0080 	add.w	r0, r0, r0, lsl #2
10002d96:	1c53      	adds	r3, r2, #1
10002d98:	600b      	str	r3, [r1, #0]
10002d9a:	7813      	ldrb	r3, [r2, #0]
10002d9c:	eb03 0340 	add.w	r3, r3, r0, lsl #1
10002da0:	f1a3 0030 	sub.w	r0, r3, #48	@ 0x30
10002da4:	680a      	ldr	r2, [r1, #0]
10002da6:	7813      	ldrb	r3, [r2, #0]
10002da8:	3b30      	subs	r3, #48	@ 0x30
10002daa:	b2db      	uxtb	r3, r3
10002dac:	2b09      	cmp	r3, #9
10002dae:	d9f0      	bls.n	10002d92 <_atoi+0x6>
10002db0:	4770      	bx	lr

10002db2 <_out_rev>:
10002db2:	e92d 4ff0 	stmdb	sp!, {r4, r5, r6, r7, r8, r9, sl, fp, lr}
10002db6:	b083      	sub	sp, #12
10002db8:	4605      	mov	r5, r0
10002dba:	460e      	mov	r6, r1
10002dbc:	4693      	mov	fp, r2
10002dbe:	461f      	mov	r7, r3
10002dc0:	f8dd a030 	ldr.w	sl, [sp, #48]	@ 0x30
10002dc4:	9c0d      	ldr	r4, [sp, #52]	@ 0x34
10002dc6:	f8dd 9038 	ldr.w	r9, [sp, #56]	@ 0x38
10002dca:	9b0f      	ldr	r3, [sp, #60]	@ 0x3c
10002dcc:	f013 0f03 	tst.w	r3, #3
10002dd0:	d119      	bne.n	10002e06 <_out_rev+0x54>
10002dd2:	46a0      	mov	r8, r4
10002dd4:	9201      	str	r2, [sp, #4]
10002dd6:	e008      	b.n	10002dea <_out_rev+0x38>
10002dd8:	f102 0b01 	add.w	fp, r2, #1
10002ddc:	463b      	mov	r3, r7
10002dde:	4631      	mov	r1, r6
10002de0:	2020      	movs	r0, #32
10002de2:	47a8      	blx	r5
10002de4:	f108 0801 	add.w	r8, r8, #1
10002de8:	465a      	mov	r2, fp
10002dea:	45c8      	cmp	r8, r9
10002dec:	d3f4      	bcc.n	10002dd8 <_out_rev+0x26>
10002dee:	f8dd b004 	ldr.w	fp, [sp, #4]
10002df2:	e008      	b.n	10002e06 <_out_rev+0x54>
10002df4:	3c01      	subs	r4, #1
10002df6:	f102 0801 	add.w	r8, r2, #1
10002dfa:	463b      	mov	r3, r7
10002dfc:	4631      	mov	r1, r6
10002dfe:	f81a 0004 	ldrb.w	r0, [sl, r4]
10002e02:	47a8      	blx	r5
10002e04:	4642      	mov	r2, r8
10002e06:	2c00      	cmp	r4, #0
10002e08:	d1f4      	bne.n	10002df4 <_out_rev+0x42>
10002e0a:	9b0f      	ldr	r3, [sp, #60]	@ 0x3c
10002e0c:	f013 0f02 	tst.w	r3, #2
10002e10:	d109      	bne.n	10002e26 <_out_rev+0x74>
10002e12:	4610      	mov	r0, r2
10002e14:	b003      	add	sp, #12
10002e16:	e8bd 8ff0 	ldmia.w	sp!, {r4, r5, r6, r7, r8, r9, sl, fp, pc}
10002e1a:	1c54      	adds	r4, r2, #1
10002e1c:	463b      	mov	r3, r7
10002e1e:	4631      	mov	r1, r6
10002e20:	2020      	movs	r0, #32
10002e22:	47a8      	blx	r5
10002e24:	4622      	mov	r2, r4
10002e26:	eba2 030b 	sub.w	r3, r2, fp
10002e2a:	454b      	cmp	r3, r9
10002e2c:	d3f5      	bcc.n	10002e1a <_out_rev+0x68>
10002e2e:	e7f0      	b.n	10002e12 <_out_rev+0x60>

10002e30 <_ntoa_format>:
10002e30:	e92d 43f0 	stmdb	sp!, {r4, r5, r6, r7, r8, r9, lr}
10002e34:	b085      	sub	sp, #20
10002e36:	4699      	mov	r9, r3
10002e38:	9d0c      	ldr	r5, [sp, #48]	@ 0x30
10002e3a:	9c0d      	ldr	r4, [sp, #52]	@ 0x34
10002e3c:	f89d 8038 	ldrb.w	r8, [sp, #56]	@ 0x38
10002e40:	f8dd e040 	ldr.w	lr, [sp, #64]	@ 0x40
10002e44:	9f11      	ldr	r7, [sp, #68]	@ 0x44
10002e46:	9e12      	ldr	r6, [sp, #72]	@ 0x48
10002e48:	f016 0f02 	tst.w	r6, #2
10002e4c:	d121      	bne.n	10002e92 <_ntoa_format+0x62>
10002e4e:	b17f      	cbz	r7, 10002e70 <_ntoa_format+0x40>
10002e50:	f016 0f01 	tst.w	r6, #1
10002e54:	d00c      	beq.n	10002e70 <_ntoa_format+0x40>
10002e56:	f1b8 0f00 	cmp.w	r8, #0
10002e5a:	d102      	bne.n	10002e62 <_ntoa_format+0x32>
10002e5c:	f016 0f0c 	tst.w	r6, #12
10002e60:	d006      	beq.n	10002e70 <_ntoa_format+0x40>
10002e62:	3f01      	subs	r7, #1
10002e64:	e004      	b.n	10002e70 <_ntoa_format+0x40>
10002e66:	f04f 0c30 	mov.w	ip, #48	@ 0x30
10002e6a:	f805 c004 	strb.w	ip, [r5, r4]
10002e6e:	3401      	adds	r4, #1
10002e70:	4574      	cmp	r4, lr
10002e72:	d201      	bcs.n	10002e78 <_ntoa_format+0x48>
10002e74:	2c1f      	cmp	r4, #31
10002e76:	d9f6      	bls.n	10002e66 <_ntoa_format+0x36>
10002e78:	f016 0f01 	tst.w	r6, #1
10002e7c:	d009      	beq.n	10002e92 <_ntoa_format+0x62>
10002e7e:	42bc      	cmp	r4, r7
10002e80:	d207      	bcs.n	10002e92 <_ntoa_format+0x62>
10002e82:	2c1f      	cmp	r4, #31
10002e84:	d805      	bhi.n	10002e92 <_ntoa_format+0x62>
10002e86:	f04f 0c30 	mov.w	ip, #48	@ 0x30
10002e8a:	f805 c004 	strb.w	ip, [r5, r4]
10002e8e:	3401      	adds	r4, #1
10002e90:	e7f2      	b.n	10002e78 <_ntoa_format+0x48>
10002e92:	f016 0f10 	tst.w	r6, #16
10002e96:	d014      	beq.n	10002ec2 <_ntoa_format+0x92>
10002e98:	f416 6f80 	tst.w	r6, #1024	@ 0x400
10002e9c:	d104      	bne.n	10002ea8 <_ntoa_format+0x78>
10002e9e:	b11c      	cbz	r4, 10002ea8 <_ntoa_format+0x78>
10002ea0:	4574      	cmp	r4, lr
10002ea2:	d022      	beq.n	10002eea <_ntoa_format+0xba>
10002ea4:	42bc      	cmp	r4, r7
10002ea6:	d020      	beq.n	10002eea <_ntoa_format+0xba>
10002ea8:	9b0f      	ldr	r3, [sp, #60]	@ 0x3c
10002eaa:	2b10      	cmp	r3, #16
10002eac:	d033      	beq.n	10002f16 <_ntoa_format+0xe6>
10002eae:	9b0f      	ldr	r3, [sp, #60]	@ 0x3c
10002eb0:	2b02      	cmp	r3, #2
10002eb2:	d03d      	beq.n	10002f30 <_ntoa_format+0x100>
10002eb4:	2c1f      	cmp	r4, #31
10002eb6:	d80e      	bhi.n	10002ed6 <_ntoa_format+0xa6>
10002eb8:	f04f 0c30 	mov.w	ip, #48	@ 0x30
10002ebc:	f805 c004 	strb.w	ip, [r5, r4]
10002ec0:	3401      	adds	r4, #1
10002ec2:	2c1f      	cmp	r4, #31
10002ec4:	d807      	bhi.n	10002ed6 <_ntoa_format+0xa6>
10002ec6:	f1b8 0f00 	cmp.w	r8, #0
10002eca:	d039      	beq.n	10002f40 <_ntoa_format+0x110>
10002ecc:	f04f 0c2d 	mov.w	ip, #45	@ 0x2d
10002ed0:	f805 c004 	strb.w	ip, [r5, r4]
10002ed4:	3401      	adds	r4, #1
10002ed6:	9603      	str	r6, [sp, #12]
10002ed8:	9702      	str	r7, [sp, #8]
10002eda:	9401      	str	r4, [sp, #4]
10002edc:	9500      	str	r5, [sp, #0]
10002ede:	464b      	mov	r3, r9
10002ee0:	f7ff ff67 	bl	10002db2 <_out_rev>
10002ee4:	b005      	add	sp, #20
10002ee6:	e8bd 83f0 	ldmia.w	sp!, {r4, r5, r6, r7, r8, r9, pc}
10002eea:	f1b4 0c01 	subs.w	ip, r4, #1
10002eee:	d01d      	beq.n	10002f2c <_ntoa_format+0xfc>
10002ef0:	9b0f      	ldr	r3, [sp, #60]	@ 0x3c
10002ef2:	2b10      	cmp	r3, #16
10002ef4:	d00e      	beq.n	10002f14 <_ntoa_format+0xe4>
10002ef6:	4664      	mov	r4, ip
10002ef8:	9b0f      	ldr	r3, [sp, #60]	@ 0x3c
10002efa:	2b10      	cmp	r3, #16
10002efc:	d1d7      	bne.n	10002eae <_ntoa_format+0x7e>
10002efe:	f016 0f20 	tst.w	r6, #32
10002f02:	d0d4      	beq.n	10002eae <_ntoa_format+0x7e>
10002f04:	2c1f      	cmp	r4, #31
10002f06:	d8d2      	bhi.n	10002eae <_ntoa_format+0x7e>
10002f08:	f04f 0c58 	mov.w	ip, #88	@ 0x58
10002f0c:	f805 c004 	strb.w	ip, [r5, r4]
10002f10:	3401      	adds	r4, #1
10002f12:	e7cf      	b.n	10002eb4 <_ntoa_format+0x84>
10002f14:	3c02      	subs	r4, #2
10002f16:	f016 0f20 	tst.w	r6, #32
10002f1a:	d1ed      	bne.n	10002ef8 <_ntoa_format+0xc8>
10002f1c:	2c1f      	cmp	r4, #31
10002f1e:	d8eb      	bhi.n	10002ef8 <_ntoa_format+0xc8>
10002f20:	f04f 0c78 	mov.w	ip, #120	@ 0x78
10002f24:	f805 c004 	strb.w	ip, [r5, r4]
10002f28:	3401      	adds	r4, #1
10002f2a:	e7c3      	b.n	10002eb4 <_ntoa_format+0x84>
10002f2c:	4664      	mov	r4, ip
10002f2e:	e7bb      	b.n	10002ea8 <_ntoa_format+0x78>
10002f30:	2c1f      	cmp	r4, #31
10002f32:	d8d0      	bhi.n	10002ed6 <_ntoa_format+0xa6>
10002f34:	f04f 0c62 	mov.w	ip, #98	@ 0x62
10002f38:	f805 c004 	strb.w	ip, [r5, r4]
10002f3c:	3401      	adds	r4, #1
10002f3e:	e7b9      	b.n	10002eb4 <_ntoa_format+0x84>
10002f40:	f016 0f04 	tst.w	r6, #4
10002f44:	d005      	beq.n	10002f52 <_ntoa_format+0x122>
10002f46:	f04f 0c2b 	mov.w	ip, #43	@ 0x2b
10002f4a:	f805 c004 	strb.w	ip, [r5, r4]
10002f4e:	3401      	adds	r4, #1
10002f50:	e7c1      	b.n	10002ed6 <_ntoa_format+0xa6>
10002f52:	f016 0f08 	tst.w	r6, #8
10002f56:	d0be      	beq.n	10002ed6 <_ntoa_format+0xa6>
10002f58:	f04f 0c20 	mov.w	ip, #32
10002f5c:	f805 c004 	strb.w	ip, [r5, r4]
10002f60:	3401      	adds	r4, #1
10002f62:	e7b8      	b.n	10002ed6 <_ntoa_format+0xa6>

10002f64 <_ntoa_long>:
10002f64:	b5f0      	push	{r4, r5, r6, r7, lr}
10002f66:	b091      	sub	sp, #68	@ 0x44
10002f68:	9c16      	ldr	r4, [sp, #88]	@ 0x58
10002f6a:	9d18      	ldr	r5, [sp, #96]	@ 0x60
10002f6c:	9e1b      	ldr	r6, [sp, #108]	@ 0x6c
10002f6e:	b90c      	cbnz	r4, 10002f74 <_ntoa_long+0x10>
10002f70:	f026 0610 	bic.w	r6, r6, #16
10002f74:	f416 6e80 	ands.w	lr, r6, #1024	@ 0x400
10002f78:	d01d      	beq.n	10002fb6 <_ntoa_long+0x52>
10002f7a:	b364      	cbz	r4, 10002fd6 <_ntoa_long+0x72>
10002f7c:	f04f 0e00 	mov.w	lr, #0
10002f80:	e019      	b.n	10002fb6 <_ntoa_long+0x52>
10002f82:	f016 0f20 	tst.w	r6, #32
10002f86:	d024      	beq.n	10002fd2 <_ntoa_long+0x6e>
10002f88:	2741      	movs	r7, #65	@ 0x41
10002f8a:	44bc      	add	ip, r7
10002f8c:	fa5f fc8c 	uxtb.w	ip, ip
10002f90:	f1ac 0c0a 	sub.w	ip, ip, #10
10002f94:	fa5f fc8c 	uxtb.w	ip, ip
10002f98:	f10e 0701 	add.w	r7, lr, #1
10002f9c:	f10e 0e40 	add.w	lr, lr, #64	@ 0x40
10002fa0:	44ee      	add	lr, sp
10002fa2:	f80e cc20 	strb.w	ip, [lr, #-32]
10002fa6:	fbb4 fcf5 	udiv	ip, r4, r5
10002faa:	42ac      	cmp	r4, r5
10002fac:	d314      	bcc.n	10002fd8 <_ntoa_long+0x74>
10002fae:	2f1f      	cmp	r7, #31
10002fb0:	d812      	bhi.n	10002fd8 <_ntoa_long+0x74>
10002fb2:	46be      	mov	lr, r7
10002fb4:	4664      	mov	r4, ip
10002fb6:	fbb4 fcf5 	udiv	ip, r4, r5
10002fba:	fb05 4c1c 	mls	ip, r5, ip, r4
10002fbe:	fa5f fc8c 	uxtb.w	ip, ip
10002fc2:	f1bc 0f09 	cmp.w	ip, #9
10002fc6:	d8dc      	bhi.n	10002f82 <_ntoa_long+0x1e>
10002fc8:	f10c 0c30 	add.w	ip, ip, #48	@ 0x30
10002fcc:	fa5f fc8c 	uxtb.w	ip, ip
10002fd0:	e7e2      	b.n	10002f98 <_ntoa_long+0x34>
10002fd2:	2761      	movs	r7, #97	@ 0x61
10002fd4:	e7d9      	b.n	10002f8a <_ntoa_long+0x26>
10002fd6:	4627      	mov	r7, r4
10002fd8:	9606      	str	r6, [sp, #24]
10002fda:	9c1a      	ldr	r4, [sp, #104]	@ 0x68
10002fdc:	9405      	str	r4, [sp, #20]
10002fde:	9c19      	ldr	r4, [sp, #100]	@ 0x64
10002fe0:	9404      	str	r4, [sp, #16]
10002fe2:	9503      	str	r5, [sp, #12]
10002fe4:	f89d 405c 	ldrb.w	r4, [sp, #92]	@ 0x5c
10002fe8:	9402      	str	r4, [sp, #8]
10002fea:	9701      	str	r7, [sp, #4]
10002fec:	ac08      	add	r4, sp, #32
10002fee:	9400      	str	r4, [sp, #0]
10002ff0:	f7ff ff1e 	bl	10002e30 <_ntoa_format>
10002ff4:	b011      	add	sp, #68	@ 0x44
10002ff6:	bdf0      	pop	{r4, r5, r6, r7, pc}

10002ff8 <_ntoa_long_long>:
10002ff8:	e92d 4ff0 	stmdb	sp!, {r4, r5, r6, r7, r8, r9, sl, fp, lr}
10002ffc:	b095      	sub	sp, #84	@ 0x54
10002ffe:	9009      	str	r0, [sp, #36]	@ 0x24
10003000:	910a      	str	r1, [sp, #40]	@ 0x28
10003002:	920b      	str	r2, [sp, #44]	@ 0x2c
10003004:	4698      	mov	r8, r3
10003006:	f8dd b078 	ldr.w	fp, [sp, #120]	@ 0x78
1000300a:	f8dd 907c 	ldr.w	r9, [sp, #124]	@ 0x7c
1000300e:	9d22      	ldr	r5, [sp, #136]	@ 0x88
10003010:	9f23      	ldr	r7, [sp, #140]	@ 0x8c
10003012:	9e26      	ldr	r6, [sp, #152]	@ 0x98
10003014:	ea5b 0209 	orrs.w	r2, fp, r9
10003018:	d101      	bne.n	1000301e <_ntoa_long_long+0x26>
1000301a:	f026 0610 	bic.w	r6, r6, #16
1000301e:	f416 6480 	ands.w	r4, r6, #1024	@ 0x400
10003022:	d024      	beq.n	1000306e <_ntoa_long_long+0x76>
10003024:	ea5b 0209 	orrs.w	r2, fp, r9
10003028:	d02f      	beq.n	1000308a <_ntoa_long_long+0x92>
1000302a:	2400      	movs	r4, #0
1000302c:	e01f      	b.n	1000306e <_ntoa_long_long+0x76>
1000302e:	f016 0f20 	tst.w	r6, #32
10003032:	d028      	beq.n	10003086 <_ntoa_long_long+0x8e>
10003034:	2341      	movs	r3, #65	@ 0x41
10003036:	4413      	add	r3, r2
10003038:	b2db      	uxtb	r3, r3
1000303a:	3b0a      	subs	r3, #10
1000303c:	b2db      	uxtb	r3, r3
1000303e:	f104 0a01 	add.w	sl, r4, #1
10003042:	f104 0250 	add.w	r2, r4, #80	@ 0x50
10003046:	eb0d 0402 	add.w	r4, sp, r2
1000304a:	f804 3c20 	strb.w	r3, [r4, #-32]
1000304e:	462a      	mov	r2, r5
10003050:	463b      	mov	r3, r7
10003052:	4658      	mov	r0, fp
10003054:	4649      	mov	r1, r9
10003056:	f004 ffd7 	bl	10008008 <____aeabi_uldivmod_veneer>
1000305a:	45ab      	cmp	fp, r5
1000305c:	eb79 0907 	sbcs.w	r9, r9, r7
10003060:	d315      	bcc.n	1000308e <_ntoa_long_long+0x96>
10003062:	f1ba 0f1f 	cmp.w	sl, #31
10003066:	d812      	bhi.n	1000308e <_ntoa_long_long+0x96>
10003068:	4654      	mov	r4, sl
1000306a:	4683      	mov	fp, r0
1000306c:	4689      	mov	r9, r1
1000306e:	462a      	mov	r2, r5
10003070:	463b      	mov	r3, r7
10003072:	4658      	mov	r0, fp
10003074:	4649      	mov	r1, r9
10003076:	f004 ffc7 	bl	10008008 <____aeabi_uldivmod_veneer>
1000307a:	b2d2      	uxtb	r2, r2
1000307c:	2a09      	cmp	r2, #9
1000307e:	d8d6      	bhi.n	1000302e <_ntoa_long_long+0x36>
10003080:	3230      	adds	r2, #48	@ 0x30
10003082:	b2d3      	uxtb	r3, r2
10003084:	e7db      	b.n	1000303e <_ntoa_long_long+0x46>
10003086:	2361      	movs	r3, #97	@ 0x61
10003088:	e7d5      	b.n	10003036 <_ntoa_long_long+0x3e>
1000308a:	f04f 0a00 	mov.w	sl, #0
1000308e:	9606      	str	r6, [sp, #24]
10003090:	9b25      	ldr	r3, [sp, #148]	@ 0x94
10003092:	9305      	str	r3, [sp, #20]
10003094:	9b24      	ldr	r3, [sp, #144]	@ 0x90
10003096:	9304      	str	r3, [sp, #16]
10003098:	9503      	str	r5, [sp, #12]
1000309a:	f89d 3080 	ldrb.w	r3, [sp, #128]	@ 0x80
1000309e:	9302      	str	r3, [sp, #8]
100030a0:	f8cd a004 	str.w	sl, [sp, #4]
100030a4:	ab0c      	add	r3, sp, #48	@ 0x30
100030a6:	9300      	str	r3, [sp, #0]
100030a8:	4643      	mov	r3, r8
100030aa:	9a0b      	ldr	r2, [sp, #44]	@ 0x2c
100030ac:	990a      	ldr	r1, [sp, #40]	@ 0x28
100030ae:	9809      	ldr	r0, [sp, #36]	@ 0x24
100030b0:	f7ff febe 	bl	10002e30 <_ntoa_format>
100030b4:	b015      	add	sp, #84	@ 0x54
100030b6:	e8bd 8ff0 	ldmia.w	sp!, {r4, r5, r6, r7, r8, r9, sl, fp, pc}
100030ba:	0000      	movs	r0, r0
100030bc:	0000      	movs	r0, r0
	...

100030c0 <_etoa>:
100030c0:	e92d 4ff0 	stmdb	sp!, {r4, r5, r6, r7, r8, r9, sl, fp, lr}
100030c4:	b093      	sub	sp, #76	@ 0x4c
100030c6:	4604      	mov	r4, r0
100030c8:	460d      	mov	r5, r1
100030ca:	4617      	mov	r7, r2
100030cc:	461e      	mov	r6, r3
100030ce:	e9dd ab1c 	ldrd	sl, fp, [sp, #112]	@ 0x70
100030d2:	4652      	mov	r2, sl
100030d4:	465b      	mov	r3, fp
100030d6:	4650      	mov	r0, sl
100030d8:	4659      	mov	r1, fp
100030da:	f7ff fdd3 	bl	10002c84 <__wrap___aeabi_dcmpun>
100030de:	2800      	cmp	r0, #0
100030e0:	f040 80f3 	bne.w	100032ca <_etoa+0x20a>
100030e4:	f04f 32ff 	mov.w	r2, #4294967295
100030e8:	4bad      	ldr	r3, [pc, #692]	@ (100033a0 <_etoa+0x2e0>)
100030ea:	4650      	mov	r0, sl
100030ec:	4659      	mov	r1, fp
100030ee:	f7ff fe17 	bl	10002d20 <__wrap___aeabi_dcmpgt>
100030f2:	2800      	cmp	r0, #0
100030f4:	f040 80e9 	bne.w	100032ca <_etoa+0x20a>
100030f8:	f04f 32ff 	mov.w	r2, #4294967295
100030fc:	f46f 1380 	mvn.w	r3, #1048576	@ 0x100000
10003100:	4650      	mov	r0, sl
10003102:	4659      	mov	r1, fp
10003104:	f7ff fdd0 	bl	10002ca8 <__wrap___aeabi_dcmplt>
10003108:	2800      	cmp	r0, #0
1000310a:	f040 80de 	bne.w	100032ca <_etoa+0x20a>
1000310e:	2200      	movs	r2, #0
10003110:	2300      	movs	r3, #0
10003112:	4650      	mov	r0, sl
10003114:	4659      	mov	r1, fp
10003116:	f7ff fdc7 	bl	10002ca8 <__wrap___aeabi_dcmplt>
1000311a:	2800      	cmp	r0, #0
1000311c:	f040 80e6 	bne.w	100032ec <_etoa+0x22c>
10003120:	e9cd ab06 	strd	sl, fp, [sp, #24]
10003124:	9b20      	ldr	r3, [sp, #128]	@ 0x80
10003126:	f413 6380 	ands.w	r3, r3, #1024	@ 0x400
1000312a:	930f      	str	r3, [sp, #60]	@ 0x3c
1000312c:	d101      	bne.n	10003132 <_etoa+0x72>
1000312e:	2306      	movs	r3, #6
10003130:	931e      	str	r3, [sp, #120]	@ 0x78
10003132:	e9dd 2306 	ldrd	r2, r3, [sp, #24]
10003136:	4610      	mov	r0, r2
10003138:	4619      	mov	r1, r3
1000313a:	e9cd 010a 	strd	r0, r1, [sp, #40]	@ 0x28
1000313e:	9b07      	ldr	r3, [sp, #28]
10003140:	ea52 0103 	orrs.w	r1, r2, r3
10003144:	f000 80dc 	beq.w	10003300 <_etoa+0x240>
10003148:	f3c3 500a 	ubfx	r0, r3, #20, #11
1000314c:	f3c3 0313 	ubfx	r3, r3, #0, #20
10003150:	4690      	mov	r8, r2
10003152:	f043 597f 	orr.w	r9, r3, #1069547520	@ 0x3fc00000
10003156:	f449 1940 	orr.w	r9, r9, #3145728	@ 0x300000
1000315a:	f2a0 30ff 	subw	r0, r0, #1023	@ 0x3ff
1000315e:	f7ff fd49 	bl	10002bf4 <__wrap___aeabi_i2d>
10003162:	a37d      	add	r3, pc, #500	@ (adr r3, 10003358 <_etoa+0x298>)
10003164:	e9d3 2300 	ldrd	r2, r3, [r3]
10003168:	f7ff fcd0 	bl	10002b0c <__wrap___aeabi_dmul>
1000316c:	a37c      	add	r3, pc, #496	@ (adr r3, 10003360 <_etoa+0x2a0>)
1000316e:	e9d3 2300 	ldrd	r2, r3, [r3]
10003172:	f7ff fca3 	bl	10002abc <__wrap___aeabi_dadd>
10003176:	e9cd 0108 	strd	r0, r1, [sp, #32]
1000317a:	2200      	movs	r2, #0
1000317c:	4b89      	ldr	r3, [pc, #548]	@ (100033a4 <_etoa+0x2e4>)
1000317e:	4640      	mov	r0, r8
10003180:	4649      	mov	r1, r9
10003182:	f7ff fcaf 	bl	10002ae4 <__wrap___aeabi_dsub>
10003186:	a378      	add	r3, pc, #480	@ (adr r3, 10003368 <_etoa+0x2a8>)
10003188:	e9d3 2300 	ldrd	r2, r3, [r3]
1000318c:	f7ff fcbe 	bl	10002b0c <__wrap___aeabi_dmul>
10003190:	4602      	mov	r2, r0
10003192:	460b      	mov	r3, r1
10003194:	e9dd 0108 	ldrd	r0, r1, [sp, #32]
10003198:	f7ff fc90 	bl	10002abc <__wrap___aeabi_dadd>
1000319c:	f7ff fd4e 	bl	10002c3c <__wrap___aeabi_d2iz>
100031a0:	9008      	str	r0, [sp, #32]
100031a2:	f7ff fd27 	bl	10002bf4 <__wrap___aeabi_i2d>
100031a6:	4680      	mov	r8, r0
100031a8:	4689      	mov	r9, r1
100031aa:	a371      	add	r3, pc, #452	@ (adr r3, 10003370 <_etoa+0x2b0>)
100031ac:	e9d3 2300 	ldrd	r2, r3, [r3]
100031b0:	f7ff fcac 	bl	10002b0c <__wrap___aeabi_dmul>
100031b4:	2200      	movs	r2, #0
100031b6:	4b7c      	ldr	r3, [pc, #496]	@ (100033a8 <_etoa+0x2e8>)
100031b8:	f7ff fc80 	bl	10002abc <__wrap___aeabi_dadd>
100031bc:	f7ff fd3e 	bl	10002c3c <__wrap___aeabi_d2iz>
100031c0:	900a      	str	r0, [sp, #40]	@ 0x28
100031c2:	a36d      	add	r3, pc, #436	@ (adr r3, 10003378 <_etoa+0x2b8>)
100031c4:	e9d3 2300 	ldrd	r2, r3, [r3]
100031c8:	4640      	mov	r0, r8
100031ca:	4649      	mov	r1, r9
100031cc:	f7ff fc9e 	bl	10002b0c <__wrap___aeabi_dmul>
100031d0:	4680      	mov	r8, r0
100031d2:	4689      	mov	r9, r1
100031d4:	980a      	ldr	r0, [sp, #40]	@ 0x28
100031d6:	f7ff fd0d 	bl	10002bf4 <__wrap___aeabi_i2d>
100031da:	a369      	add	r3, pc, #420	@ (adr r3, 10003380 <_etoa+0x2c0>)
100031dc:	e9d3 2300 	ldrd	r2, r3, [r3]
100031e0:	f7ff fc94 	bl	10002b0c <__wrap___aeabi_dmul>
100031e4:	4602      	mov	r2, r0
100031e6:	460b      	mov	r3, r1
100031e8:	4640      	mov	r0, r8
100031ea:	4649      	mov	r1, r9
100031ec:	f7ff fc7a 	bl	10002ae4 <__wrap___aeabi_dsub>
100031f0:	4680      	mov	r8, r0
100031f2:	4689      	mov	r9, r1
100031f4:	4602      	mov	r2, r0
100031f6:	460b      	mov	r3, r1
100031f8:	f7ff fc88 	bl	10002b0c <__wrap___aeabi_dmul>
100031fc:	e9cd 010c 	strd	r0, r1, [sp, #48]	@ 0x30
10003200:	9b0a      	ldr	r3, [sp, #40]	@ 0x28
10003202:	f203 33ff 	addw	r3, r3, #1023	@ 0x3ff
10003206:	2100      	movs	r1, #0
10003208:	2200      	movs	r2, #0
1000320a:	e9cd 120a 	strd	r1, r2, [sp, #40]	@ 0x28
1000320e:	051b      	lsls	r3, r3, #20
10003210:	930b      	str	r3, [sp, #44]	@ 0x2c
10003212:	2300      	movs	r3, #0
10003214:	930a      	str	r3, [sp, #40]	@ 0x28
10003216:	4642      	mov	r2, r8
10003218:	464b      	mov	r3, r9
1000321a:	4640      	mov	r0, r8
1000321c:	4649      	mov	r1, r9
1000321e:	f7ff fc4d 	bl	10002abc <__wrap___aeabi_dadd>
10003222:	e9cd 0110 	strd	r0, r1, [sp, #64]	@ 0x40
10003226:	4642      	mov	r2, r8
10003228:	464b      	mov	r3, r9
1000322a:	2000      	movs	r0, #0
1000322c:	f04f 4180 	mov.w	r1, #1073741824	@ 0x40000000
10003230:	f7ff fc58 	bl	10002ae4 <__wrap___aeabi_dsub>
10003234:	4680      	mov	r8, r0
10003236:	4689      	mov	r9, r1
10003238:	2200      	movs	r2, #0
1000323a:	4b5c      	ldr	r3, [pc, #368]	@ (100033ac <_etoa+0x2ec>)
1000323c:	e9dd 010c 	ldrd	r0, r1, [sp, #48]	@ 0x30
10003240:	f7ff fc8a 	bl	10002b58 <__wrap___aeabi_ddiv>
10003244:	2200      	movs	r2, #0
10003246:	4b5a      	ldr	r3, [pc, #360]	@ (100033b0 <_etoa+0x2f0>)
10003248:	f7ff fc38 	bl	10002abc <__wrap___aeabi_dadd>
1000324c:	4602      	mov	r2, r0
1000324e:	460b      	mov	r3, r1
10003250:	e9dd 010c 	ldrd	r0, r1, [sp, #48]	@ 0x30
10003254:	f7ff fc80 	bl	10002b58 <__wrap___aeabi_ddiv>
10003258:	2200      	movs	r2, #0
1000325a:	4b56      	ldr	r3, [pc, #344]	@ (100033b4 <_etoa+0x2f4>)
1000325c:	f7ff fc2e 	bl	10002abc <__wrap___aeabi_dadd>
10003260:	4602      	mov	r2, r0
10003262:	460b      	mov	r3, r1
10003264:	e9dd 010c 	ldrd	r0, r1, [sp, #48]	@ 0x30
10003268:	f7ff fc76 	bl	10002b58 <__wrap___aeabi_ddiv>
1000326c:	4602      	mov	r2, r0
1000326e:	460b      	mov	r3, r1
10003270:	4640      	mov	r0, r8
10003272:	4649      	mov	r1, r9
10003274:	f7ff fc22 	bl	10002abc <__wrap___aeabi_dadd>
10003278:	4602      	mov	r2, r0
1000327a:	460b      	mov	r3, r1
1000327c:	e9dd 0110 	ldrd	r0, r1, [sp, #64]	@ 0x40
10003280:	f7ff fc6a 	bl	10002b58 <__wrap___aeabi_ddiv>
10003284:	2200      	movs	r2, #0
10003286:	4b4c      	ldr	r3, [pc, #304]	@ (100033b8 <_etoa+0x2f8>)
10003288:	f7ff fc18 	bl	10002abc <__wrap___aeabi_dadd>
1000328c:	e9dd 230a 	ldrd	r2, r3, [sp, #40]	@ 0x28
10003290:	f7ff fc3c 	bl	10002b0c <__wrap___aeabi_dmul>
10003294:	4680      	mov	r8, r0
10003296:	4689      	mov	r9, r1
10003298:	e9cd 890a 	strd	r8, r9, [sp, #40]	@ 0x28
1000329c:	e9dd 2306 	ldrd	r2, r3, [sp, #24]
100032a0:	f7ff fd3e 	bl	10002d20 <__wrap___aeabi_dcmpgt>
100032a4:	b150      	cbz	r0, 100032bc <_etoa+0x1fc>
100032a6:	9b08      	ldr	r3, [sp, #32]
100032a8:	3b01      	subs	r3, #1
100032aa:	9308      	str	r3, [sp, #32]
100032ac:	2200      	movs	r2, #0
100032ae:	4b40      	ldr	r3, [pc, #256]	@ (100033b0 <_etoa+0x2f0>)
100032b0:	4640      	mov	r0, r8
100032b2:	4649      	mov	r1, r9
100032b4:	f7ff fc50 	bl	10002b58 <__wrap___aeabi_ddiv>
100032b8:	e9cd 010a 	strd	r0, r1, [sp, #40]	@ 0x28
100032bc:	9b08      	ldr	r3, [sp, #32]
100032be:	3363      	adds	r3, #99	@ 0x63
100032c0:	2bc6      	cmp	r3, #198	@ 0xc6
100032c2:	d846      	bhi.n	10003352 <_etoa+0x292>
100032c4:	f04f 0804 	mov.w	r8, #4
100032c8:	e01e      	b.n	10003308 <_etoa+0x248>
100032ca:	9b20      	ldr	r3, [sp, #128]	@ 0x80
100032cc:	9304      	str	r3, [sp, #16]
100032ce:	9b1f      	ldr	r3, [sp, #124]	@ 0x7c
100032d0:	9303      	str	r3, [sp, #12]
100032d2:	9b1e      	ldr	r3, [sp, #120]	@ 0x78
100032d4:	9302      	str	r3, [sp, #8]
100032d6:	e9cd ab00 	strd	sl, fp, [sp]
100032da:	4633      	mov	r3, r6
100032dc:	463a      	mov	r2, r7
100032de:	4629      	mov	r1, r5
100032e0:	4620      	mov	r0, r4
100032e2:	f000 f8fd 	bl	100034e0 <_ftoa>
100032e6:	b013      	add	sp, #76	@ 0x4c
100032e8:	e8bd 8ff0 	ldmia.w	sp!, {r4, r5, r6, r7, r8, r9, sl, fp, pc}
100032ec:	ed9f 7b26 	vldr	d7, [pc, #152]	@ 10003388 <_etoa+0x2c8>
100032f0:	ed8d 7b06 	vstr	d7, [sp, #24]
100032f4:	f8cd a018 	str.w	sl, [sp, #24]
100032f8:	f10b 4300 	add.w	r3, fp, #2147483648	@ 0x80000000
100032fc:	9307      	str	r3, [sp, #28]
100032fe:	e711      	b.n	10003124 <_etoa+0x64>
10003300:	2300      	movs	r3, #0
10003302:	9308      	str	r3, [sp, #32]
10003304:	f04f 0804 	mov.w	r8, #4
10003308:	9b20      	ldr	r3, [sp, #128]	@ 0x80
1000330a:	f413 6f00 	tst.w	r3, #2048	@ 0x800
1000330e:	d05f      	beq.n	100033d0 <_etoa+0x310>
10003310:	e9dd 120a 	ldrd	r1, r2, [sp, #40]	@ 0x28
10003314:	4613      	mov	r3, r2
10003316:	430b      	orrs	r3, r1
10003318:	d013      	beq.n	10003342 <_etoa+0x282>
1000331a:	a31d      	add	r3, pc, #116	@ (adr r3, 10003390 <_etoa+0x2d0>)
1000331c:	e9d3 2300 	ldrd	r2, r3, [r3]
10003320:	e9dd 0106 	ldrd	r0, r1, [sp, #24]
10003324:	f7ff fce8 	bl	10002cf8 <__wrap___aeabi_dcmpge>
10003328:	2800      	cmp	r0, #0
1000332a:	f000 80b4 	beq.w	10003496 <_etoa+0x3d6>
1000332e:	a31a      	add	r3, pc, #104	@ (adr r3, 10003398 <_etoa+0x2d8>)
10003330:	e9d3 2300 	ldrd	r2, r3, [r3]
10003334:	e9dd 0106 	ldrd	r0, r1, [sp, #24]
10003338:	f7ff fcb6 	bl	10002ca8 <__wrap___aeabi_dcmplt>
1000333c:	2800      	cmp	r0, #0
1000333e:	f000 80aa 	beq.w	10003496 <_etoa+0x3d6>
10003342:	9a1e      	ldr	r2, [sp, #120]	@ 0x78
10003344:	9b08      	ldr	r3, [sp, #32]
10003346:	429a      	cmp	r2, r3
10003348:	dd38      	ble.n	100033bc <_etoa+0x2fc>
1000334a:	1ad3      	subs	r3, r2, r3
1000334c:	3b01      	subs	r3, #1
1000334e:	931e      	str	r3, [sp, #120]	@ 0x78
10003350:	e036      	b.n	100033c0 <_etoa+0x300>
10003352:	f04f 0805 	mov.w	r8, #5
10003356:	e7d7      	b.n	10003308 <_etoa+0x248>
10003358:	509f79fb 	.word	0x509f79fb
1000335c:	3fd34413 	.word	0x3fd34413
10003360:	8b60c8b3 	.word	0x8b60c8b3
10003364:	3fc68a28 	.word	0x3fc68a28
10003368:	636f4361 	.word	0x636f4361
1000336c:	3fd287a7 	.word	0x3fd287a7
10003370:	0979a371 	.word	0x0979a371
10003374:	400a934f 	.word	0x400a934f
10003378:	bbb55516 	.word	0xbbb55516
1000337c:	40026bb1 	.word	0x40026bb1
10003380:	fefa39ef 	.word	0xfefa39ef
10003384:	3fe62e42 	.word	0x3fe62e42
	...
10003390:	eb1c432d 	.word	0xeb1c432d
10003394:	3f1a36e2 	.word	0x3f1a36e2
10003398:	00000000 	.word	0x00000000
1000339c:	412e8480 	.word	0x412e8480
100033a0:	7fefffff 	.word	0x7fefffff
100033a4:	3ff80000 	.word	0x3ff80000
100033a8:	3fe00000 	.word	0x3fe00000
100033ac:	402c0000 	.word	0x402c0000
100033b0:	40240000 	.word	0x40240000
100033b4:	40180000 	.word	0x40180000
100033b8:	3ff00000 	.word	0x3ff00000
100033bc:	2300      	movs	r3, #0
100033be:	931e      	str	r3, [sp, #120]	@ 0x78
100033c0:	9b20      	ldr	r3, [sp, #128]	@ 0x80
100033c2:	f443 6380 	orr.w	r3, r3, #1024	@ 0x400
100033c6:	9320      	str	r3, [sp, #128]	@ 0x80
100033c8:	f04f 0800 	mov.w	r8, #0
100033cc:	f8cd 8020 	str.w	r8, [sp, #32]
100033d0:	9b1f      	ldr	r3, [sp, #124]	@ 0x7c
100033d2:	4598      	cmp	r8, r3
100033d4:	d269      	bcs.n	100034aa <_etoa+0x3ea>
100033d6:	eba3 0908 	sub.w	r9, r3, r8
100033da:	9b20      	ldr	r3, [sp, #128]	@ 0x80
100033dc:	f013 0302 	ands.w	r3, r3, #2
100033e0:	930c      	str	r3, [sp, #48]	@ 0x30
100033e2:	d004      	beq.n	100033ee <_etoa+0x32e>
100033e4:	f1b8 0f00 	cmp.w	r8, #0
100033e8:	d001      	beq.n	100033ee <_etoa+0x32e>
100033ea:	f04f 0900 	mov.w	r9, #0
100033ee:	9b08      	ldr	r3, [sp, #32]
100033f0:	b13b      	cbz	r3, 10003402 <_etoa+0x342>
100033f2:	e9dd 230a 	ldrd	r2, r3, [sp, #40]	@ 0x28
100033f6:	e9dd 0106 	ldrd	r0, r1, [sp, #24]
100033fa:	f7ff fbad 	bl	10002b58 <__wrap___aeabi_ddiv>
100033fe:	e9cd 0106 	strd	r0, r1, [sp, #24]
10003402:	2200      	movs	r2, #0
10003404:	2300      	movs	r3, #0
10003406:	4650      	mov	r0, sl
10003408:	4659      	mov	r1, fp
1000340a:	f7ff fc4d 	bl	10002ca8 <__wrap___aeabi_dcmplt>
1000340e:	2800      	cmp	r0, #0
10003410:	d14e      	bne.n	100034b0 <_etoa+0x3f0>
10003412:	9b20      	ldr	r3, [sp, #128]	@ 0x80
10003414:	f423 6300 	bic.w	r3, r3, #2048	@ 0x800
10003418:	9304      	str	r3, [sp, #16]
1000341a:	f8cd 900c 	str.w	r9, [sp, #12]
1000341e:	9b1e      	ldr	r3, [sp, #120]	@ 0x78
10003420:	9302      	str	r3, [sp, #8]
10003422:	ed9d 7b06 	vldr	d7, [sp, #24]
10003426:	ed8d 7b00 	vstr	d7, [sp]
1000342a:	4633      	mov	r3, r6
1000342c:	463a      	mov	r2, r7
1000342e:	4629      	mov	r1, r5
10003430:	4620      	mov	r0, r4
10003432:	f000 f855 	bl	100034e0 <_ftoa>
10003436:	f1b8 0f00 	cmp.w	r8, #0
1000343a:	f43f af54 	beq.w	100032e6 <_etoa+0x226>
1000343e:	9b20      	ldr	r3, [sp, #128]	@ 0x80
10003440:	f013 0f20 	tst.w	r3, #32
10003444:	d03c      	beq.n	100034c0 <_etoa+0x400>
10003446:	f04f 0c45 	mov.w	ip, #69	@ 0x45
1000344a:	f100 0901 	add.w	r9, r0, #1
1000344e:	4633      	mov	r3, r6
10003450:	4602      	mov	r2, r0
10003452:	4629      	mov	r1, r5
10003454:	4660      	mov	r0, ip
10003456:	47a0      	blx	r4
10003458:	9908      	ldr	r1, [sp, #32]
1000345a:	ea81 72e1 	eor.w	r2, r1, r1, asr #31
1000345e:	eba2 72e1 	sub.w	r2, r2, r1, asr #31
10003462:	2305      	movs	r3, #5
10003464:	9305      	str	r3, [sp, #20]
10003466:	f108 33ff 	add.w	r3, r8, #4294967295
1000346a:	9304      	str	r3, [sp, #16]
1000346c:	2300      	movs	r3, #0
1000346e:	9303      	str	r3, [sp, #12]
10003470:	230a      	movs	r3, #10
10003472:	9302      	str	r3, [sp, #8]
10003474:	0fcb      	lsrs	r3, r1, #31
10003476:	9301      	str	r3, [sp, #4]
10003478:	9200      	str	r2, [sp, #0]
1000347a:	4633      	mov	r3, r6
1000347c:	464a      	mov	r2, r9
1000347e:	4629      	mov	r1, r5
10003480:	4620      	mov	r0, r4
10003482:	f7ff fd6f 	bl	10002f64 <_ntoa_long>
10003486:	9b0c      	ldr	r3, [sp, #48]	@ 0x30
10003488:	2b00      	cmp	r3, #0
1000348a:	f43f af2c 	beq.w	100032e6 <_etoa+0x226>
1000348e:	4602      	mov	r2, r0
10003490:	f8dd 907c 	ldr.w	r9, [sp, #124]	@ 0x7c
10003494:	e01e      	b.n	100034d4 <_etoa+0x414>
10003496:	9b1e      	ldr	r3, [sp, #120]	@ 0x78
10003498:	2b00      	cmp	r3, #0
1000349a:	d099      	beq.n	100033d0 <_etoa+0x310>
1000349c:	9b0f      	ldr	r3, [sp, #60]	@ 0x3c
1000349e:	2b00      	cmp	r3, #0
100034a0:	d096      	beq.n	100033d0 <_etoa+0x310>
100034a2:	9b1e      	ldr	r3, [sp, #120]	@ 0x78
100034a4:	3b01      	subs	r3, #1
100034a6:	931e      	str	r3, [sp, #120]	@ 0x78
100034a8:	e792      	b.n	100033d0 <_etoa+0x310>
100034aa:	f04f 0900 	mov.w	r9, #0
100034ae:	e794      	b.n	100033da <_etoa+0x31a>
100034b0:	e9dd 0106 	ldrd	r0, r1, [sp, #24]
100034b4:	4602      	mov	r2, r0
100034b6:	f101 4300 	add.w	r3, r1, #2147483648	@ 0x80000000
100034ba:	e9cd 2306 	strd	r2, r3, [sp, #24]
100034be:	e7a8      	b.n	10003412 <_etoa+0x352>
100034c0:	f04f 0c65 	mov.w	ip, #101	@ 0x65
100034c4:	e7c1      	b.n	1000344a <_etoa+0x38a>
100034c6:	f102 0801 	add.w	r8, r2, #1
100034ca:	4633      	mov	r3, r6
100034cc:	4629      	mov	r1, r5
100034ce:	2020      	movs	r0, #32
100034d0:	47a0      	blx	r4
100034d2:	4642      	mov	r2, r8
100034d4:	1bd3      	subs	r3, r2, r7
100034d6:	454b      	cmp	r3, r9
100034d8:	d3f5      	bcc.n	100034c6 <_etoa+0x406>
100034da:	4610      	mov	r0, r2
100034dc:	e703      	b.n	100032e6 <_etoa+0x226>
100034de:	bf00      	nop

100034e0 <_ftoa>:
100034e0:	e92d 4ff0 	stmdb	sp!, {r4, r5, r6, r7, r8, r9, sl, fp, lr}
100034e4:	ed2d 8b02 	vpush	{d8}
100034e8:	b095      	sub	sp, #84	@ 0x54
100034ea:	9007      	str	r0, [sp, #28]
100034ec:	910a      	str	r1, [sp, #40]	@ 0x28
100034ee:	4692      	mov	sl, r2
100034f0:	469b      	mov	fp, r3
100034f2:	e9dd 8920 	ldrd	r8, r9, [sp, #128]	@ 0x80
100034f6:	9d22      	ldr	r5, [sp, #136]	@ 0x88
100034f8:	4642      	mov	r2, r8
100034fa:	464b      	mov	r3, r9
100034fc:	4640      	mov	r0, r8
100034fe:	4649      	mov	r1, r9
10003500:	f7ff fbc0 	bl	10002c84 <__wrap___aeabi_dcmpun>
10003504:	2800      	cmp	r0, #0
10003506:	d135      	bne.n	10003574 <_ftoa+0x94>
10003508:	f04f 32ff 	mov.w	r2, #4294967295
1000350c:	f46f 1380 	mvn.w	r3, #1048576	@ 0x100000
10003510:	4640      	mov	r0, r8
10003512:	4649      	mov	r1, r9
10003514:	f7ff fbc8 	bl	10002ca8 <__wrap___aeabi_dcmplt>
10003518:	2800      	cmp	r0, #0
1000351a:	d13a      	bne.n	10003592 <_ftoa+0xb2>
1000351c:	f04f 32ff 	mov.w	r2, #4294967295
10003520:	4bb1      	ldr	r3, [pc, #708]	@ (100037e8 <_ftoa+0x308>)
10003522:	4640      	mov	r0, r8
10003524:	4649      	mov	r1, r9
10003526:	f7ff fbfb 	bl	10002d20 <__wrap___aeabi_dcmpgt>
1000352a:	2800      	cmp	r0, #0
1000352c:	d140      	bne.n	100035b0 <_ftoa+0xd0>
1000352e:	a3aa      	add	r3, pc, #680	@ (adr r3, 100037d8 <_ftoa+0x2f8>)
10003530:	e9d3 2300 	ldrd	r2, r3, [r3]
10003534:	4640      	mov	r0, r8
10003536:	4649      	mov	r1, r9
10003538:	f7ff fbf2 	bl	10002d20 <__wrap___aeabi_dcmpgt>
1000353c:	2800      	cmp	r0, #0
1000353e:	d14d      	bne.n	100035dc <_ftoa+0xfc>
10003540:	a3a7      	add	r3, pc, #668	@ (adr r3, 100037e0 <_ftoa+0x300>)
10003542:	e9d3 2300 	ldrd	r2, r3, [r3]
10003546:	4640      	mov	r0, r8
10003548:	4649      	mov	r1, r9
1000354a:	f7ff fbad 	bl	10002ca8 <__wrap___aeabi_dcmplt>
1000354e:	2800      	cmp	r0, #0
10003550:	d144      	bne.n	100035dc <_ftoa+0xfc>
10003552:	2200      	movs	r2, #0
10003554:	2300      	movs	r3, #0
10003556:	4640      	mov	r0, r8
10003558:	4649      	mov	r1, r9
1000355a:	f7ff fba5 	bl	10002ca8 <__wrap___aeabi_dcmplt>
1000355e:	2800      	cmp	r0, #0
10003560:	d14a      	bne.n	100035f8 <_ftoa+0x118>
10003562:	2300      	movs	r3, #0
10003564:	930b      	str	r3, [sp, #44]	@ 0x2c
10003566:	9b24      	ldr	r3, [sp, #144]	@ 0x90
10003568:	f413 6f80 	tst.w	r3, #1024	@ 0x400
1000356c:	f000 80b5 	beq.w	100036da <_ftoa+0x1fa>
10003570:	2400      	movs	r4, #0
10003572:	e054      	b.n	1000361e <_ftoa+0x13e>
10003574:	9b24      	ldr	r3, [sp, #144]	@ 0x90
10003576:	9303      	str	r3, [sp, #12]
10003578:	9b23      	ldr	r3, [sp, #140]	@ 0x8c
1000357a:	9302      	str	r3, [sp, #8]
1000357c:	2303      	movs	r3, #3
1000357e:	9301      	str	r3, [sp, #4]
10003580:	4b9a      	ldr	r3, [pc, #616]	@ (100037ec <_ftoa+0x30c>)
10003582:	9300      	str	r3, [sp, #0]
10003584:	465b      	mov	r3, fp
10003586:	4652      	mov	r2, sl
10003588:	990a      	ldr	r1, [sp, #40]	@ 0x28
1000358a:	9807      	ldr	r0, [sp, #28]
1000358c:	f7ff fc11 	bl	10002db2 <_out_rev>
10003590:	e11b      	b.n	100037ca <_ftoa+0x2ea>
10003592:	9b24      	ldr	r3, [sp, #144]	@ 0x90
10003594:	9303      	str	r3, [sp, #12]
10003596:	9b23      	ldr	r3, [sp, #140]	@ 0x8c
10003598:	9302      	str	r3, [sp, #8]
1000359a:	2304      	movs	r3, #4
1000359c:	9301      	str	r3, [sp, #4]
1000359e:	4b94      	ldr	r3, [pc, #592]	@ (100037f0 <_ftoa+0x310>)
100035a0:	9300      	str	r3, [sp, #0]
100035a2:	465b      	mov	r3, fp
100035a4:	4652      	mov	r2, sl
100035a6:	990a      	ldr	r1, [sp, #40]	@ 0x28
100035a8:	9807      	ldr	r0, [sp, #28]
100035aa:	f7ff fc02 	bl	10002db2 <_out_rev>
100035ae:	e10c      	b.n	100037ca <_ftoa+0x2ea>
100035b0:	9b24      	ldr	r3, [sp, #144]	@ 0x90
100035b2:	f013 0f04 	tst.w	r3, #4
100035b6:	d00e      	beq.n	100035d6 <_ftoa+0xf6>
100035b8:	4b8e      	ldr	r3, [pc, #568]	@ (100037f4 <_ftoa+0x314>)
100035ba:	2204      	movs	r2, #4
100035bc:	9924      	ldr	r1, [sp, #144]	@ 0x90
100035be:	9103      	str	r1, [sp, #12]
100035c0:	9923      	ldr	r1, [sp, #140]	@ 0x8c
100035c2:	9102      	str	r1, [sp, #8]
100035c4:	9201      	str	r2, [sp, #4]
100035c6:	9300      	str	r3, [sp, #0]
100035c8:	465b      	mov	r3, fp
100035ca:	4652      	mov	r2, sl
100035cc:	990a      	ldr	r1, [sp, #40]	@ 0x28
100035ce:	9807      	ldr	r0, [sp, #28]
100035d0:	f7ff fbef 	bl	10002db2 <_out_rev>
100035d4:	e0f9      	b.n	100037ca <_ftoa+0x2ea>
100035d6:	4b88      	ldr	r3, [pc, #544]	@ (100037f8 <_ftoa+0x318>)
100035d8:	2203      	movs	r2, #3
100035da:	e7ef      	b.n	100035bc <_ftoa+0xdc>
100035dc:	9b24      	ldr	r3, [sp, #144]	@ 0x90
100035de:	9304      	str	r3, [sp, #16]
100035e0:	9b23      	ldr	r3, [sp, #140]	@ 0x8c
100035e2:	9303      	str	r3, [sp, #12]
100035e4:	9502      	str	r5, [sp, #8]
100035e6:	e9cd 8900 	strd	r8, r9, [sp]
100035ea:	465b      	mov	r3, fp
100035ec:	4652      	mov	r2, sl
100035ee:	990a      	ldr	r1, [sp, #40]	@ 0x28
100035f0:	9807      	ldr	r0, [sp, #28]
100035f2:	f7ff fd65 	bl	100030c0 <_etoa>
100035f6:	e0e8      	b.n	100037ca <_ftoa+0x2ea>
100035f8:	4642      	mov	r2, r8
100035fa:	464b      	mov	r3, r9
100035fc:	2000      	movs	r0, #0
100035fe:	2100      	movs	r1, #0
10003600:	f7ff fa70 	bl	10002ae4 <__wrap___aeabi_dsub>
10003604:	4680      	mov	r8, r0
10003606:	4689      	mov	r9, r1
10003608:	2301      	movs	r3, #1
1000360a:	930b      	str	r3, [sp, #44]	@ 0x2c
1000360c:	e7ab      	b.n	10003566 <_ftoa+0x86>
1000360e:	f104 0350 	add.w	r3, r4, #80	@ 0x50
10003612:	446b      	add	r3, sp
10003614:	2230      	movs	r2, #48	@ 0x30
10003616:	f803 2c20 	strb.w	r2, [r3, #-32]
1000361a:	3d01      	subs	r5, #1
1000361c:	3401      	adds	r4, #1
1000361e:	2c1f      	cmp	r4, #31
10003620:	d801      	bhi.n	10003626 <_ftoa+0x146>
10003622:	2d09      	cmp	r5, #9
10003624:	d8f3      	bhi.n	1000360e <_ftoa+0x12e>
10003626:	4640      	mov	r0, r8
10003628:	4649      	mov	r1, r9
1000362a:	f7ff fb07 	bl	10002c3c <__wrap___aeabi_d2iz>
1000362e:	4606      	mov	r6, r0
10003630:	f7ff fae0 	bl	10002bf4 <__wrap___aeabi_i2d>
10003634:	4602      	mov	r2, r0
10003636:	460b      	mov	r3, r1
10003638:	4640      	mov	r0, r8
1000363a:	4649      	mov	r1, r9
1000363c:	f7ff fa52 	bl	10002ae4 <__wrap___aeabi_dsub>
10003640:	4b6e      	ldr	r3, [pc, #440]	@ (100037fc <_ftoa+0x31c>)
10003642:	eb03 03c5 	add.w	r3, r3, r5, lsl #3
10003646:	ed93 8b00 	vldr	d8, [r3]
1000364a:	ec53 2b18 	vmov	r2, r3, d8
1000364e:	f7ff fa5d 	bl	10002b0c <__wrap___aeabi_dmul>
10003652:	4602      	mov	r2, r0
10003654:	460b      	mov	r3, r1
10003656:	e9cd 2308 	strd	r2, r3, [sp, #32]
1000365a:	f7ff fb01 	bl	10002c60 <__wrap___aeabi_d2uiz>
1000365e:	4607      	mov	r7, r0
10003660:	f7ff fada 	bl	10002c18 <__wrap___aeabi_ui2d>
10003664:	4602      	mov	r2, r0
10003666:	460b      	mov	r3, r1
10003668:	e9dd 0108 	ldrd	r0, r1, [sp, #32]
1000366c:	f7ff fa3a 	bl	10002ae4 <__wrap___aeabi_dsub>
10003670:	4602      	mov	r2, r0
10003672:	460b      	mov	r3, r1
10003674:	e9cd 2308 	strd	r2, r3, [sp, #32]
10003678:	2200      	movs	r2, #0
1000367a:	4b61      	ldr	r3, [pc, #388]	@ (10003800 <_ftoa+0x320>)
1000367c:	f7ff fb50 	bl	10002d20 <__wrap___aeabi_dcmpgt>
10003680:	b368      	cbz	r0, 100036de <_ftoa+0x1fe>
10003682:	3701      	adds	r7, #1
10003684:	4638      	mov	r0, r7
10003686:	f7ff fac7 	bl	10002c18 <__wrap___aeabi_ui2d>
1000368a:	4602      	mov	r2, r0
1000368c:	460b      	mov	r3, r1
1000368e:	ec51 0b18 	vmov	r0, r1, d8
10003692:	f7ff fb1d 	bl	10002cd0 <__wrap___aeabi_dcmple>
10003696:	b108      	cbz	r0, 1000369c <_ftoa+0x1bc>
10003698:	3601      	adds	r6, #1
1000369a:	2700      	movs	r7, #0
1000369c:	bb6d      	cbnz	r5, 100036fa <_ftoa+0x21a>
1000369e:	4630      	mov	r0, r6
100036a0:	f7ff faa8 	bl	10002bf4 <__wrap___aeabi_i2d>
100036a4:	4602      	mov	r2, r0
100036a6:	460b      	mov	r3, r1
100036a8:	4640      	mov	r0, r8
100036aa:	4649      	mov	r1, r9
100036ac:	f7ff fa1a 	bl	10002ae4 <__wrap___aeabi_dsub>
100036b0:	4607      	mov	r7, r0
100036b2:	4688      	mov	r8, r1
100036b4:	2200      	movs	r2, #0
100036b6:	4b52      	ldr	r3, [pc, #328]	@ (10003800 <_ftoa+0x320>)
100036b8:	f7ff faf6 	bl	10002ca8 <__wrap___aeabi_dcmplt>
100036bc:	2800      	cmp	r0, #0
100036be:	d14c      	bne.n	1000375a <_ftoa+0x27a>
100036c0:	2200      	movs	r2, #0
100036c2:	4b4f      	ldr	r3, [pc, #316]	@ (10003800 <_ftoa+0x320>)
100036c4:	4638      	mov	r0, r7
100036c6:	4641      	mov	r1, r8
100036c8:	f7ff fb2a 	bl	10002d20 <__wrap___aeabi_dcmpgt>
100036cc:	2800      	cmp	r0, #0
100036ce:	d144      	bne.n	1000375a <_ftoa+0x27a>
100036d0:	f016 0f01 	tst.w	r6, #1
100036d4:	d041      	beq.n	1000375a <_ftoa+0x27a>
100036d6:	3601      	adds	r6, #1
100036d8:	e03f      	b.n	1000375a <_ftoa+0x27a>
100036da:	2506      	movs	r5, #6
100036dc:	e748      	b.n	10003570 <_ftoa+0x90>
100036de:	2200      	movs	r2, #0
100036e0:	4b47      	ldr	r3, [pc, #284]	@ (10003800 <_ftoa+0x320>)
100036e2:	e9dd 0108 	ldrd	r0, r1, [sp, #32]
100036e6:	f7ff fadf 	bl	10002ca8 <__wrap___aeabi_dcmplt>
100036ea:	2800      	cmp	r0, #0
100036ec:	d1d6      	bne.n	1000369c <_ftoa+0x1bc>
100036ee:	b117      	cbz	r7, 100036f6 <_ftoa+0x216>
100036f0:	f017 0f01 	tst.w	r7, #1
100036f4:	d0d2      	beq.n	1000369c <_ftoa+0x1bc>
100036f6:	3701      	adds	r7, #1
100036f8:	e7d0      	b.n	1000369c <_ftoa+0x1bc>
100036fa:	2c1f      	cmp	r4, #31
100036fc:	d817      	bhi.n	1000372e <_ftoa+0x24e>
100036fe:	3d01      	subs	r5, #1
10003700:	4b40      	ldr	r3, [pc, #256]	@ (10003804 <_ftoa+0x324>)
10003702:	fba3 2307 	umull	r2, r3, r3, r7
10003706:	08db      	lsrs	r3, r3, #3
10003708:	4619      	mov	r1, r3
1000370a:	eb03 0383 	add.w	r3, r3, r3, lsl #2
1000370e:	eba7 0343 	sub.w	r3, r7, r3, lsl #1
10003712:	1c62      	adds	r2, r4, #1
10003714:	3330      	adds	r3, #48	@ 0x30
10003716:	f104 0050 	add.w	r0, r4, #80	@ 0x50
1000371a:	eb0d 0400 	add.w	r4, sp, r0
1000371e:	f804 3c20 	strb.w	r3, [r4, #-32]
10003722:	2f09      	cmp	r7, #9
10003724:	d902      	bls.n	1000372c <_ftoa+0x24c>
10003726:	460f      	mov	r7, r1
10003728:	4614      	mov	r4, r2
1000372a:	e7e6      	b.n	100036fa <_ftoa+0x21a>
1000372c:	4614      	mov	r4, r2
1000372e:	2c1f      	cmp	r4, #31
10003730:	d80a      	bhi.n	10003748 <_ftoa+0x268>
10003732:	1e6b      	subs	r3, r5, #1
10003734:	b145      	cbz	r5, 10003748 <_ftoa+0x268>
10003736:	f104 0250 	add.w	r2, r4, #80	@ 0x50
1000373a:	446a      	add	r2, sp
1000373c:	2130      	movs	r1, #48	@ 0x30
1000373e:	f802 1c20 	strb.w	r1, [r2, #-32]
10003742:	461d      	mov	r5, r3
10003744:	3401      	adds	r4, #1
10003746:	e7f2      	b.n	1000372e <_ftoa+0x24e>
10003748:	2c1f      	cmp	r4, #31
1000374a:	d806      	bhi.n	1000375a <_ftoa+0x27a>
1000374c:	f104 0350 	add.w	r3, r4, #80	@ 0x50
10003750:	446b      	add	r3, sp
10003752:	222e      	movs	r2, #46	@ 0x2e
10003754:	f803 2c20 	strb.w	r2, [r3, #-32]
10003758:	3401      	adds	r4, #1
1000375a:	2c1f      	cmp	r4, #31
1000375c:	d817      	bhi.n	1000378e <_ftoa+0x2ae>
1000375e:	4a2a      	ldr	r2, [pc, #168]	@ (10003808 <_ftoa+0x328>)
10003760:	fb82 3206 	smull	r3, r2, r2, r6
10003764:	17f3      	asrs	r3, r6, #31
10003766:	ebc3 03a2 	rsb	r3, r3, r2, asr #2
1000376a:	461a      	mov	r2, r3
1000376c:	eb03 0383 	add.w	r3, r3, r3, lsl #2
10003770:	eba6 0343 	sub.w	r3, r6, r3, lsl #1
10003774:	1c61      	adds	r1, r4, #1
10003776:	3330      	adds	r3, #48	@ 0x30
10003778:	f104 0050 	add.w	r0, r4, #80	@ 0x50
1000377c:	eb0d 0400 	add.w	r4, sp, r0
10003780:	f804 3c20 	strb.w	r3, [r4, #-32]
10003784:	4616      	mov	r6, r2
10003786:	b10a      	cbz	r2, 1000378c <_ftoa+0x2ac>
10003788:	460c      	mov	r4, r1
1000378a:	e7e6      	b.n	1000375a <_ftoa+0x27a>
1000378c:	460c      	mov	r4, r1
1000378e:	9b24      	ldr	r3, [sp, #144]	@ 0x90
10003790:	f003 0303 	and.w	r3, r3, #3
10003794:	2b01      	cmp	r3, #1
10003796:	d039      	beq.n	1000380c <_ftoa+0x32c>
10003798:	2c1f      	cmp	r4, #31
1000379a:	d809      	bhi.n	100037b0 <_ftoa+0x2d0>
1000379c:	9b0b      	ldr	r3, [sp, #44]	@ 0x2c
1000379e:	2b00      	cmp	r3, #0
100037a0:	d051      	beq.n	10003846 <_ftoa+0x366>
100037a2:	f104 0350 	add.w	r3, r4, #80	@ 0x50
100037a6:	446b      	add	r3, sp
100037a8:	222d      	movs	r2, #45	@ 0x2d
100037aa:	f803 2c20 	strb.w	r2, [r3, #-32]
100037ae:	3401      	adds	r4, #1
100037b0:	9b24      	ldr	r3, [sp, #144]	@ 0x90
100037b2:	9303      	str	r3, [sp, #12]
100037b4:	9b23      	ldr	r3, [sp, #140]	@ 0x8c
100037b6:	9302      	str	r3, [sp, #8]
100037b8:	9401      	str	r4, [sp, #4]
100037ba:	ab0c      	add	r3, sp, #48	@ 0x30
100037bc:	9300      	str	r3, [sp, #0]
100037be:	465b      	mov	r3, fp
100037c0:	4652      	mov	r2, sl
100037c2:	990a      	ldr	r1, [sp, #40]	@ 0x28
100037c4:	9807      	ldr	r0, [sp, #28]
100037c6:	f7ff faf4 	bl	10002db2 <_out_rev>
100037ca:	b015      	add	sp, #84	@ 0x54
100037cc:	ecbd 8b02 	vpop	{d8}
100037d0:	e8bd 8ff0 	ldmia.w	sp!, {r4, r5, r6, r7, r8, r9, sl, fp, pc}
100037d4:	f3af 8000 	nop.w
100037d8:	00000000 	.word	0x00000000
100037dc:	41cdcd65 	.word	0x41cdcd65
100037e0:	00000000 	.word	0x00000000
100037e4:	c1cdcd65 	.word	0xc1cdcd65
100037e8:	7fefffff 	.word	0x7fefffff
100037ec:	100086b0 	.word	0x100086b0
100037f0:	100086b4 	.word	0x100086b4
100037f4:	100086a4 	.word	0x100086a4
100037f8:	100086ac 	.word	0x100086ac
100037fc:	10009f40 	.word	0x10009f40
10003800:	3fe00000 	.word	0x3fe00000
10003804:	cccccccd 	.word	0xcccccccd
10003808:	66666667 	.word	0x66666667
1000380c:	9b23      	ldr	r3, [sp, #140]	@ 0x8c
1000380e:	b1b3      	cbz	r3, 1000383e <_ftoa+0x35e>
10003810:	9b0b      	ldr	r3, [sp, #44]	@ 0x2c
10003812:	b91b      	cbnz	r3, 1000381c <_ftoa+0x33c>
10003814:	9b24      	ldr	r3, [sp, #144]	@ 0x90
10003816:	f013 0f0c 	tst.w	r3, #12
1000381a:	d012      	beq.n	10003842 <_ftoa+0x362>
1000381c:	9b23      	ldr	r3, [sp, #140]	@ 0x8c
1000381e:	3b01      	subs	r3, #1
10003820:	9323      	str	r3, [sp, #140]	@ 0x8c
10003822:	4619      	mov	r1, r3
10003824:	e006      	b.n	10003834 <_ftoa+0x354>
10003826:	f104 0350 	add.w	r3, r4, #80	@ 0x50
1000382a:	446b      	add	r3, sp
1000382c:	2230      	movs	r2, #48	@ 0x30
1000382e:	f803 2c20 	strb.w	r2, [r3, #-32]
10003832:	3401      	adds	r4, #1
10003834:	428c      	cmp	r4, r1
10003836:	d2af      	bcs.n	10003798 <_ftoa+0x2b8>
10003838:	2c1f      	cmp	r4, #31
1000383a:	d9f4      	bls.n	10003826 <_ftoa+0x346>
1000383c:	e7ac      	b.n	10003798 <_ftoa+0x2b8>
1000383e:	9923      	ldr	r1, [sp, #140]	@ 0x8c
10003840:	e7f8      	b.n	10003834 <_ftoa+0x354>
10003842:	9923      	ldr	r1, [sp, #140]	@ 0x8c
10003844:	e7f6      	b.n	10003834 <_ftoa+0x354>
10003846:	9b24      	ldr	r3, [sp, #144]	@ 0x90
10003848:	f013 0f04 	tst.w	r3, #4
1000384c:	d007      	beq.n	1000385e <_ftoa+0x37e>
1000384e:	f104 0350 	add.w	r3, r4, #80	@ 0x50
10003852:	446b      	add	r3, sp
10003854:	222b      	movs	r2, #43	@ 0x2b
10003856:	f803 2c20 	strb.w	r2, [r3, #-32]
1000385a:	3401      	adds	r4, #1
1000385c:	e7a8      	b.n	100037b0 <_ftoa+0x2d0>
1000385e:	9b24      	ldr	r3, [sp, #144]	@ 0x90
10003860:	f013 0f08 	tst.w	r3, #8
10003864:	d0a4      	beq.n	100037b0 <_ftoa+0x2d0>
10003866:	f104 0350 	add.w	r3, r4, #80	@ 0x50
1000386a:	446b      	add	r3, sp
1000386c:	2220      	movs	r2, #32
1000386e:	f803 2c20 	strb.w	r2, [r3, #-32]
10003872:	3401      	adds	r4, #1
10003874:	e79c      	b.n	100037b0 <_ftoa+0x2d0>
10003876:	bf00      	nop

10003878 <_vsnprintf>:
10003878:	e92d 4ff0 	stmdb	sp!, {r4, r5, r6, r7, r8, r9, sl, fp, lr}
1000387c:	b08f      	sub	sp, #60	@ 0x3c
1000387e:	4680      	mov	r8, r0
10003880:	4617      	mov	r7, r2
10003882:	930d      	str	r3, [sp, #52]	@ 0x34
10003884:	4689      	mov	r9, r1
10003886:	2900      	cmp	r1, #0
10003888:	f000 834f 	beq.w	10003f2a <_vsnprintf+0x6b2>
1000388c:	2500      	movs	r5, #0
1000388e:	e008      	b.n	100038a2 <_vsnprintf+0x2a>
10003890:	1c6c      	adds	r4, r5, #1
10003892:	463b      	mov	r3, r7
10003894:	462a      	mov	r2, r5
10003896:	4649      	mov	r1, r9
10003898:	47c0      	blx	r8
1000389a:	9b0d      	ldr	r3, [sp, #52]	@ 0x34
1000389c:	3301      	adds	r3, #1
1000389e:	930d      	str	r3, [sp, #52]	@ 0x34
100038a0:	4625      	mov	r5, r4
100038a2:	9b0d      	ldr	r3, [sp, #52]	@ 0x34
100038a4:	7818      	ldrb	r0, [r3, #0]
100038a6:	2800      	cmp	r0, #0
100038a8:	f000 8342 	beq.w	10003f30 <_vsnprintf+0x6b8>
100038ac:	2825      	cmp	r0, #37	@ 0x25
100038ae:	d1ef      	bne.n	10003890 <_vsnprintf+0x18>
100038b0:	3301      	adds	r3, #1
100038b2:	930d      	str	r3, [sp, #52]	@ 0x34
100038b4:	2600      	movs	r6, #0
100038b6:	e01f      	b.n	100038f8 <_vsnprintf+0x80>
100038b8:	f046 0601 	orr.w	r6, r6, #1
100038bc:	3201      	adds	r2, #1
100038be:	920d      	str	r2, [sp, #52]	@ 0x34
100038c0:	2301      	movs	r3, #1
100038c2:	e018      	b.n	100038f6 <_vsnprintf+0x7e>
100038c4:	f046 0602 	orr.w	r6, r6, #2
100038c8:	3201      	adds	r2, #1
100038ca:	920d      	str	r2, [sp, #52]	@ 0x34
100038cc:	2301      	movs	r3, #1
100038ce:	e012      	b.n	100038f6 <_vsnprintf+0x7e>
100038d0:	f046 0604 	orr.w	r6, r6, #4
100038d4:	3201      	adds	r2, #1
100038d6:	920d      	str	r2, [sp, #52]	@ 0x34
100038d8:	2301      	movs	r3, #1
100038da:	e00c      	b.n	100038f6 <_vsnprintf+0x7e>
100038dc:	f046 0608 	orr.w	r6, r6, #8
100038e0:	3201      	adds	r2, #1
100038e2:	920d      	str	r2, [sp, #52]	@ 0x34
100038e4:	2301      	movs	r3, #1
100038e6:	e006      	b.n	100038f6 <_vsnprintf+0x7e>
100038e8:	f046 0610 	orr.w	r6, r6, #16
100038ec:	3201      	adds	r2, #1
100038ee:	920d      	str	r2, [sp, #52]	@ 0x34
100038f0:	2301      	movs	r3, #1
100038f2:	e000      	b.n	100038f6 <_vsnprintf+0x7e>
100038f4:	2300      	movs	r3, #0
100038f6:	b34b      	cbz	r3, 1000394c <_vsnprintf+0xd4>
100038f8:	9a0d      	ldr	r2, [sp, #52]	@ 0x34
100038fa:	7813      	ldrb	r3, [r2, #0]
100038fc:	3b20      	subs	r3, #32
100038fe:	2b10      	cmp	r3, #16
10003900:	d8f8      	bhi.n	100038f4 <_vsnprintf+0x7c>
10003902:	a101      	add	r1, pc, #4	@ (adr r1, 10003908 <_vsnprintf+0x90>)
10003904:	f851 f023 	ldr.w	pc, [r1, r3, lsl #2]
10003908:	100038dd 	.word	0x100038dd
1000390c:	100038f5 	.word	0x100038f5
10003910:	100038f5 	.word	0x100038f5
10003914:	100038e9 	.word	0x100038e9
10003918:	100038f5 	.word	0x100038f5
1000391c:	100038f5 	.word	0x100038f5
10003920:	100038f5 	.word	0x100038f5
10003924:	100038f5 	.word	0x100038f5
10003928:	100038f5 	.word	0x100038f5
1000392c:	100038f5 	.word	0x100038f5
10003930:	100038f5 	.word	0x100038f5
10003934:	100038d1 	.word	0x100038d1
10003938:	100038f5 	.word	0x100038f5
1000393c:	100038c5 	.word	0x100038c5
10003940:	100038f5 	.word	0x100038f5
10003944:	100038f5 	.word	0x100038f5
10003948:	100038b9 	.word	0x100038b9
1000394c:	930a      	str	r3, [sp, #40]	@ 0x28
1000394e:	9b0d      	ldr	r3, [sp, #52]	@ 0x34
10003950:	781a      	ldrb	r2, [r3, #0]
10003952:	f1a2 0330 	sub.w	r3, r2, #48	@ 0x30
10003956:	b2db      	uxtb	r3, r3
10003958:	2b09      	cmp	r3, #9
1000395a:	d918      	bls.n	1000398e <_vsnprintf+0x116>
1000395c:	2a2a      	cmp	r2, #42	@ 0x2a
1000395e:	d01b      	beq.n	10003998 <_vsnprintf+0x120>
10003960:	9b0a      	ldr	r3, [sp, #40]	@ 0x28
10003962:	930b      	str	r3, [sp, #44]	@ 0x2c
10003964:	9b0d      	ldr	r3, [sp, #52]	@ 0x34
10003966:	781a      	ldrb	r2, [r3, #0]
10003968:	2a2e      	cmp	r2, #46	@ 0x2e
1000396a:	d025      	beq.n	100039b8 <_vsnprintf+0x140>
1000396c:	9a0d      	ldr	r2, [sp, #52]	@ 0x34
1000396e:	7813      	ldrb	r3, [r2, #0]
10003970:	3b68      	subs	r3, #104	@ 0x68
10003972:	2b12      	cmp	r3, #18
10003974:	d85c      	bhi.n	10003a30 <_vsnprintf+0x1b8>
10003976:	e8df f003 	tbb	[pc, r3]
1000397a:	5b49      	.short	0x5b49
1000397c:	5b3b5bac 	.word	0x5b3b5bac
10003980:	5b5b5b5b 	.word	0x5b5b5b5b
10003984:	5b575b5b 	.word	0x5b575b5b
10003988:	5b5b5b5b 	.word	0x5b5b5b5b
1000398c:	b1          	.byte	0xb1
1000398d:	00          	.byte	0x00
1000398e:	a80d      	add	r0, sp, #52	@ 0x34
10003990:	f7ff f9fc 	bl	10002d8c <_atoi>
10003994:	900b      	str	r0, [sp, #44]	@ 0x2c
10003996:	e7e5      	b.n	10003964 <_vsnprintf+0xec>
10003998:	9b18      	ldr	r3, [sp, #96]	@ 0x60
1000399a:	1d1a      	adds	r2, r3, #4
1000399c:	9218      	str	r2, [sp, #96]	@ 0x60
1000399e:	681b      	ldr	r3, [r3, #0]
100039a0:	2b00      	cmp	r3, #0
100039a2:	db04      	blt.n	100039ae <_vsnprintf+0x136>
100039a4:	930b      	str	r3, [sp, #44]	@ 0x2c
100039a6:	9b0d      	ldr	r3, [sp, #52]	@ 0x34
100039a8:	3301      	adds	r3, #1
100039aa:	930d      	str	r3, [sp, #52]	@ 0x34
100039ac:	e7da      	b.n	10003964 <_vsnprintf+0xec>
100039ae:	f046 0602 	orr.w	r6, r6, #2
100039b2:	425b      	negs	r3, r3
100039b4:	930b      	str	r3, [sp, #44]	@ 0x2c
100039b6:	e7f6      	b.n	100039a6 <_vsnprintf+0x12e>
100039b8:	f446 6680 	orr.w	r6, r6, #1024	@ 0x400
100039bc:	1c5a      	adds	r2, r3, #1
100039be:	920d      	str	r2, [sp, #52]	@ 0x34
100039c0:	785a      	ldrb	r2, [r3, #1]
100039c2:	f1a2 0330 	sub.w	r3, r2, #48	@ 0x30
100039c6:	b2db      	uxtb	r3, r3
100039c8:	2b09      	cmp	r3, #9
100039ca:	d90c      	bls.n	100039e6 <_vsnprintf+0x16e>
100039cc:	2a2a      	cmp	r2, #42	@ 0x2a
100039ce:	d1cd      	bne.n	1000396c <_vsnprintf+0xf4>
100039d0:	9b18      	ldr	r3, [sp, #96]	@ 0x60
100039d2:	1d1a      	adds	r2, r3, #4
100039d4:	9218      	str	r2, [sp, #96]	@ 0x60
100039d6:	681c      	ldr	r4, [r3, #0]
100039d8:	ea24 73e4 	bic.w	r3, r4, r4, asr #31
100039dc:	930a      	str	r3, [sp, #40]	@ 0x28
100039de:	9b0d      	ldr	r3, [sp, #52]	@ 0x34
100039e0:	3301      	adds	r3, #1
100039e2:	930d      	str	r3, [sp, #52]	@ 0x34
100039e4:	e7c2      	b.n	1000396c <_vsnprintf+0xf4>
100039e6:	a80d      	add	r0, sp, #52	@ 0x34
100039e8:	f7ff f9d0 	bl	10002d8c <_atoi>
100039ec:	900a      	str	r0, [sp, #40]	@ 0x28
100039ee:	e7bd      	b.n	1000396c <_vsnprintf+0xf4>
100039f0:	f446 7180 	orr.w	r1, r6, #256	@ 0x100
100039f4:	1c53      	adds	r3, r2, #1
100039f6:	930d      	str	r3, [sp, #52]	@ 0x34
100039f8:	7853      	ldrb	r3, [r2, #1]
100039fa:	2b6c      	cmp	r3, #108	@ 0x6c
100039fc:	d001      	beq.n	10003a02 <_vsnprintf+0x18a>
100039fe:	460e      	mov	r6, r1
10003a00:	e016      	b.n	10003a30 <_vsnprintf+0x1b8>
10003a02:	f446 7640 	orr.w	r6, r6, #768	@ 0x300
10003a06:	3202      	adds	r2, #2
10003a08:	920d      	str	r2, [sp, #52]	@ 0x34
10003a0a:	e011      	b.n	10003a30 <_vsnprintf+0x1b8>
10003a0c:	f046 0180 	orr.w	r1, r6, #128	@ 0x80
10003a10:	1c53      	adds	r3, r2, #1
10003a12:	930d      	str	r3, [sp, #52]	@ 0x34
10003a14:	7853      	ldrb	r3, [r2, #1]
10003a16:	2b68      	cmp	r3, #104	@ 0x68
10003a18:	d001      	beq.n	10003a1e <_vsnprintf+0x1a6>
10003a1a:	460e      	mov	r6, r1
10003a1c:	e008      	b.n	10003a30 <_vsnprintf+0x1b8>
10003a1e:	f046 06c0 	orr.w	r6, r6, #192	@ 0xc0
10003a22:	3202      	adds	r2, #2
10003a24:	920d      	str	r2, [sp, #52]	@ 0x34
10003a26:	e003      	b.n	10003a30 <_vsnprintf+0x1b8>
10003a28:	f446 7680 	orr.w	r6, r6, #256	@ 0x100
10003a2c:	3201      	adds	r2, #1
10003a2e:	920d      	str	r2, [sp, #52]	@ 0x34
10003a30:	9b0d      	ldr	r3, [sp, #52]	@ 0x34
10003a32:	7818      	ldrb	r0, [r3, #0]
10003a34:	2867      	cmp	r0, #103	@ 0x67
10003a36:	d856      	bhi.n	10003ae6 <_vsnprintf+0x26e>
10003a38:	2825      	cmp	r0, #37	@ 0x25
10003a3a:	f0c0 826c 	bcc.w	10003f16 <_vsnprintf+0x69e>
10003a3e:	f1a0 0325 	sub.w	r3, r0, #37	@ 0x25
10003a42:	2b42      	cmp	r3, #66	@ 0x42
10003a44:	f200 8267 	bhi.w	10003f16 <_vsnprintf+0x69e>
10003a48:	e8df f013 	tbh	[pc, r3, lsl #1]
10003a4c:	0265025a 	.word	0x0265025a
10003a50:	02650265 	.word	0x02650265
10003a54:	02650265 	.word	0x02650265
10003a58:	02650265 	.word	0x02650265
10003a5c:	02650265 	.word	0x02650265
10003a60:	02650265 	.word	0x02650265
10003a64:	02650265 	.word	0x02650265
10003a68:	02650265 	.word	0x02650265
10003a6c:	02650265 	.word	0x02650265
10003a70:	02650265 	.word	0x02650265
10003a74:	02650265 	.word	0x02650265
10003a78:	02650265 	.word	0x02650265
10003a7c:	02650265 	.word	0x02650265
10003a80:	02650265 	.word	0x02650265
10003a84:	02650265 	.word	0x02650265
10003a88:	02650265 	.word	0x02650265
10003a8c:	01680188 	.word	0x01680188
10003a90:	02650188 	.word	0x02650188
10003a94:	02650265 	.word	0x02650265
10003a98:	02650265 	.word	0x02650265
10003a9c:	02650265 	.word	0x02650265
10003aa0:	02650265 	.word	0x02650265
10003aa4:	02650265 	.word	0x02650265
10003aa8:	02650265 	.word	0x02650265
10003aac:	02650265 	.word	0x02650265
10003ab0:	00710265 	.word	0x00710265
10003ab4:	02650265 	.word	0x02650265
10003ab8:	02650265 	.word	0x02650265
10003abc:	02650265 	.word	0x02650265
10003ac0:	02650265 	.word	0x02650265
10003ac4:	00710265 	.word	0x00710265
10003ac8:	007101af 	.word	0x007101af
10003acc:	01680188 	.word	0x01680188
10003ad0:	0188      	.short	0x0188
10003ad2:	f446 7600 	orr.w	r6, r6, #512	@ 0x200
10003ad6:	3201      	adds	r2, #1
10003ad8:	920d      	str	r2, [sp, #52]	@ 0x34
10003ada:	e7a9      	b.n	10003a30 <_vsnprintf+0x1b8>
10003adc:	f446 7680 	orr.w	r6, r6, #256	@ 0x100
10003ae0:	3201      	adds	r2, #1
10003ae2:	920d      	str	r2, [sp, #52]	@ 0x34
10003ae4:	e7a4      	b.n	10003a30 <_vsnprintf+0x1b8>
10003ae6:	2878      	cmp	r0, #120	@ 0x78
10003ae8:	f200 8215 	bhi.w	10003f16 <_vsnprintf+0x69e>
10003aec:	2869      	cmp	r0, #105	@ 0x69
10003aee:	f0c0 8212 	bcc.w	10003f16 <_vsnprintf+0x69e>
10003af2:	f1a0 0269 	sub.w	r2, r0, #105	@ 0x69
10003af6:	b2d2      	uxtb	r2, r2
10003af8:	2301      	movs	r3, #1
10003afa:	4093      	lsls	r3, r2
10003afc:	f249 0241 	movw	r2, #36929	@ 0x9041
10003b00:	4213      	tst	r3, r2
10003b02:	d114      	bne.n	10003b2e <_vsnprintf+0x2b6>
10003b04:	f013 0f80 	tst.w	r3, #128	@ 0x80
10003b08:	f040 81df 	bne.w	10003eca <_vsnprintf+0x652>
10003b0c:	f413 6f80 	tst.w	r3, #1024	@ 0x400
10003b10:	f000 8201 	beq.w	10003f16 <_vsnprintf+0x69e>
10003b14:	9b18      	ldr	r3, [sp, #96]	@ 0x60
10003b16:	1d1a      	adds	r2, r3, #4
10003b18:	9218      	str	r2, [sp, #96]	@ 0x60
10003b1a:	f8d3 a000 	ldr.w	sl, [r3]
10003b1e:	9b0a      	ldr	r3, [sp, #40]	@ 0x28
10003b20:	2b00      	cmp	r3, #0
10003b22:	f040 8190 	bne.w	10003e46 <_vsnprintf+0x5ce>
10003b26:	f04f 32ff 	mov.w	r2, #4294967295
10003b2a:	4653      	mov	r3, sl
10003b2c:	e174      	b.n	10003e18 <_vsnprintf+0x5a0>
10003b2e:	286f      	cmp	r0, #111	@ 0x6f
10003b30:	d03d      	beq.n	10003bae <_vsnprintf+0x336>
10003b32:	d805      	bhi.n	10003b40 <_vsnprintf+0x2c8>
10003b34:	2858      	cmp	r0, #88	@ 0x58
10003b36:	d03c      	beq.n	10003bb2 <_vsnprintf+0x33a>
10003b38:	2862      	cmp	r0, #98	@ 0x62
10003b3a:	d103      	bne.n	10003b44 <_vsnprintf+0x2cc>
10003b3c:	2302      	movs	r3, #2
10003b3e:	e004      	b.n	10003b4a <_vsnprintf+0x2d2>
10003b40:	2878      	cmp	r0, #120	@ 0x78
10003b42:	d038      	beq.n	10003bb6 <_vsnprintf+0x33e>
10003b44:	f026 0610 	bic.w	r6, r6, #16
10003b48:	230a      	movs	r3, #10
10003b4a:	2858      	cmp	r0, #88	@ 0x58
10003b4c:	d035      	beq.n	10003bba <_vsnprintf+0x342>
10003b4e:	2869      	cmp	r0, #105	@ 0x69
10003b50:	d003      	beq.n	10003b5a <_vsnprintf+0x2e2>
10003b52:	2864      	cmp	r0, #100	@ 0x64
10003b54:	d001      	beq.n	10003b5a <_vsnprintf+0x2e2>
10003b56:	f026 060c 	bic.w	r6, r6, #12
10003b5a:	f416 6f80 	tst.w	r6, #1024	@ 0x400
10003b5e:	d001      	beq.n	10003b64 <_vsnprintf+0x2ec>
10003b60:	f026 0601 	bic.w	r6, r6, #1
10003b64:	2869      	cmp	r0, #105	@ 0x69
10003b66:	d02b      	beq.n	10003bc0 <_vsnprintf+0x348>
10003b68:	2864      	cmp	r0, #100	@ 0x64
10003b6a:	d029      	beq.n	10003bc0 <_vsnprintf+0x348>
10003b6c:	f416 7f00 	tst.w	r6, #512	@ 0x200
10003b70:	f040 8096 	bne.w	10003ca0 <_vsnprintf+0x428>
10003b74:	f416 7f80 	tst.w	r6, #256	@ 0x100
10003b78:	f040 80ae 	bne.w	10003cd8 <_vsnprintf+0x460>
10003b7c:	f016 0f40 	tst.w	r6, #64	@ 0x40
10003b80:	f000 80bf 	beq.w	10003d02 <_vsnprintf+0x48a>
10003b84:	9a18      	ldr	r2, [sp, #96]	@ 0x60
10003b86:	1d11      	adds	r1, r2, #4
10003b88:	9118      	str	r1, [sp, #96]	@ 0x60
10003b8a:	7812      	ldrb	r2, [r2, #0]
10003b8c:	9605      	str	r6, [sp, #20]
10003b8e:	990b      	ldr	r1, [sp, #44]	@ 0x2c
10003b90:	9104      	str	r1, [sp, #16]
10003b92:	990a      	ldr	r1, [sp, #40]	@ 0x28
10003b94:	9103      	str	r1, [sp, #12]
10003b96:	9302      	str	r3, [sp, #8]
10003b98:	2300      	movs	r3, #0
10003b9a:	9301      	str	r3, [sp, #4]
10003b9c:	9200      	str	r2, [sp, #0]
10003b9e:	463b      	mov	r3, r7
10003ba0:	462a      	mov	r2, r5
10003ba2:	4649      	mov	r1, r9
10003ba4:	4640      	mov	r0, r8
10003ba6:	f7ff f9dd 	bl	10002f64 <_ntoa_long>
10003baa:	4605      	mov	r5, r0
10003bac:	e029      	b.n	10003c02 <_vsnprintf+0x38a>
10003bae:	2308      	movs	r3, #8
10003bb0:	e7cb      	b.n	10003b4a <_vsnprintf+0x2d2>
10003bb2:	2310      	movs	r3, #16
10003bb4:	e7c9      	b.n	10003b4a <_vsnprintf+0x2d2>
10003bb6:	2310      	movs	r3, #16
10003bb8:	e7c7      	b.n	10003b4a <_vsnprintf+0x2d2>
10003bba:	f046 0620 	orr.w	r6, r6, #32
10003bbe:	e7c6      	b.n	10003b4e <_vsnprintf+0x2d6>
10003bc0:	f416 7f00 	tst.w	r6, #512	@ 0x200
10003bc4:	d121      	bne.n	10003c0a <_vsnprintf+0x392>
10003bc6:	f416 7f80 	tst.w	r6, #256	@ 0x100
10003bca:	d142      	bne.n	10003c52 <_vsnprintf+0x3da>
10003bcc:	f016 0f40 	tst.w	r6, #64	@ 0x40
10003bd0:	d058      	beq.n	10003c84 <_vsnprintf+0x40c>
10003bd2:	9a18      	ldr	r2, [sp, #96]	@ 0x60
10003bd4:	1d11      	adds	r1, r2, #4
10003bd6:	9118      	str	r1, [sp, #96]	@ 0x60
10003bd8:	7812      	ldrb	r2, [r2, #0]
10003bda:	ea82 71e2 	eor.w	r1, r2, r2, asr #31
10003bde:	eba1 71e2 	sub.w	r1, r1, r2, asr #31
10003be2:	9605      	str	r6, [sp, #20]
10003be4:	980b      	ldr	r0, [sp, #44]	@ 0x2c
10003be6:	9004      	str	r0, [sp, #16]
10003be8:	980a      	ldr	r0, [sp, #40]	@ 0x28
10003bea:	9003      	str	r0, [sp, #12]
10003bec:	9302      	str	r3, [sp, #8]
10003bee:	0fd2      	lsrs	r2, r2, #31
10003bf0:	9201      	str	r2, [sp, #4]
10003bf2:	9100      	str	r1, [sp, #0]
10003bf4:	463b      	mov	r3, r7
10003bf6:	462a      	mov	r2, r5
10003bf8:	4649      	mov	r1, r9
10003bfa:	4640      	mov	r0, r8
10003bfc:	f7ff f9b2 	bl	10002f64 <_ntoa_long>
10003c00:	4605      	mov	r5, r0
10003c02:	9b0d      	ldr	r3, [sp, #52]	@ 0x34
10003c04:	3301      	adds	r3, #1
10003c06:	930d      	str	r3, [sp, #52]	@ 0x34
10003c08:	e64b      	b.n	100038a2 <_vsnprintf+0x2a>
10003c0a:	9a18      	ldr	r2, [sp, #96]	@ 0x60
10003c0c:	3207      	adds	r2, #7
10003c0e:	f022 0207 	bic.w	r2, r2, #7
10003c12:	f102 0108 	add.w	r1, r2, #8
10003c16:	9118      	str	r1, [sp, #96]	@ 0x60
10003c18:	6851      	ldr	r1, [r2, #4]
10003c1a:	6812      	ldr	r2, [r2, #0]
10003c1c:	4608      	mov	r0, r1
10003c1e:	2900      	cmp	r1, #0
10003c20:	db13      	blt.n	10003c4a <_vsnprintf+0x3d2>
10003c22:	9608      	str	r6, [sp, #32]
10003c24:	9c0b      	ldr	r4, [sp, #44]	@ 0x2c
10003c26:	9407      	str	r4, [sp, #28]
10003c28:	9c0a      	ldr	r4, [sp, #40]	@ 0x28
10003c2a:	9406      	str	r4, [sp, #24]
10003c2c:	9304      	str	r3, [sp, #16]
10003c2e:	2300      	movs	r3, #0
10003c30:	9305      	str	r3, [sp, #20]
10003c32:	0fc9      	lsrs	r1, r1, #31
10003c34:	9102      	str	r1, [sp, #8]
10003c36:	9200      	str	r2, [sp, #0]
10003c38:	9001      	str	r0, [sp, #4]
10003c3a:	463b      	mov	r3, r7
10003c3c:	462a      	mov	r2, r5
10003c3e:	4649      	mov	r1, r9
10003c40:	4640      	mov	r0, r8
10003c42:	f7ff f9d9 	bl	10002ff8 <_ntoa_long_long>
10003c46:	4605      	mov	r5, r0
10003c48:	e7db      	b.n	10003c02 <_vsnprintf+0x38a>
10003c4a:	4252      	negs	r2, r2
10003c4c:	eb61 0041 	sbc.w	r0, r1, r1, lsl #1
10003c50:	e7e7      	b.n	10003c22 <_vsnprintf+0x3aa>
10003c52:	9a18      	ldr	r2, [sp, #96]	@ 0x60
10003c54:	1d11      	adds	r1, r2, #4
10003c56:	9118      	str	r1, [sp, #96]	@ 0x60
10003c58:	6812      	ldr	r2, [r2, #0]
10003c5a:	ea82 71e2 	eor.w	r1, r2, r2, asr #31
10003c5e:	eba1 71e2 	sub.w	r1, r1, r2, asr #31
10003c62:	9605      	str	r6, [sp, #20]
10003c64:	980b      	ldr	r0, [sp, #44]	@ 0x2c
10003c66:	9004      	str	r0, [sp, #16]
10003c68:	980a      	ldr	r0, [sp, #40]	@ 0x28
10003c6a:	9003      	str	r0, [sp, #12]
10003c6c:	9302      	str	r3, [sp, #8]
10003c6e:	0fd2      	lsrs	r2, r2, #31
10003c70:	9201      	str	r2, [sp, #4]
10003c72:	9100      	str	r1, [sp, #0]
10003c74:	463b      	mov	r3, r7
10003c76:	462a      	mov	r2, r5
10003c78:	4649      	mov	r1, r9
10003c7a:	4640      	mov	r0, r8
10003c7c:	f7ff f972 	bl	10002f64 <_ntoa_long>
10003c80:	4605      	mov	r5, r0
10003c82:	e7be      	b.n	10003c02 <_vsnprintf+0x38a>
10003c84:	f016 0f80 	tst.w	r6, #128	@ 0x80
10003c88:	d005      	beq.n	10003c96 <_vsnprintf+0x41e>
10003c8a:	9a18      	ldr	r2, [sp, #96]	@ 0x60
10003c8c:	1d11      	adds	r1, r2, #4
10003c8e:	9118      	str	r1, [sp, #96]	@ 0x60
10003c90:	f9b2 2000 	ldrsh.w	r2, [r2]
10003c94:	e7a1      	b.n	10003bda <_vsnprintf+0x362>
10003c96:	9a18      	ldr	r2, [sp, #96]	@ 0x60
10003c98:	1d11      	adds	r1, r2, #4
10003c9a:	9118      	str	r1, [sp, #96]	@ 0x60
10003c9c:	6812      	ldr	r2, [r2, #0]
10003c9e:	e79c      	b.n	10003bda <_vsnprintf+0x362>
10003ca0:	9a18      	ldr	r2, [sp, #96]	@ 0x60
10003ca2:	3207      	adds	r2, #7
10003ca4:	f022 0207 	bic.w	r2, r2, #7
10003ca8:	f102 0108 	add.w	r1, r2, #8
10003cac:	9118      	str	r1, [sp, #96]	@ 0x60
10003cae:	9608      	str	r6, [sp, #32]
10003cb0:	990b      	ldr	r1, [sp, #44]	@ 0x2c
10003cb2:	9107      	str	r1, [sp, #28]
10003cb4:	990a      	ldr	r1, [sp, #40]	@ 0x28
10003cb6:	9106      	str	r1, [sp, #24]
10003cb8:	2100      	movs	r1, #0
10003cba:	9304      	str	r3, [sp, #16]
10003cbc:	9105      	str	r1, [sp, #20]
10003cbe:	9102      	str	r1, [sp, #8]
10003cc0:	e9d2 2300 	ldrd	r2, r3, [r2]
10003cc4:	e9cd 2300 	strd	r2, r3, [sp]
10003cc8:	463b      	mov	r3, r7
10003cca:	462a      	mov	r2, r5
10003ccc:	4649      	mov	r1, r9
10003cce:	4640      	mov	r0, r8
10003cd0:	f7ff f992 	bl	10002ff8 <_ntoa_long_long>
10003cd4:	4605      	mov	r5, r0
10003cd6:	e794      	b.n	10003c02 <_vsnprintf+0x38a>
10003cd8:	9a18      	ldr	r2, [sp, #96]	@ 0x60
10003cda:	1d11      	adds	r1, r2, #4
10003cdc:	9118      	str	r1, [sp, #96]	@ 0x60
10003cde:	9605      	str	r6, [sp, #20]
10003ce0:	990b      	ldr	r1, [sp, #44]	@ 0x2c
10003ce2:	9104      	str	r1, [sp, #16]
10003ce4:	990a      	ldr	r1, [sp, #40]	@ 0x28
10003ce6:	9103      	str	r1, [sp, #12]
10003ce8:	9302      	str	r3, [sp, #8]
10003cea:	2300      	movs	r3, #0
10003cec:	9301      	str	r3, [sp, #4]
10003cee:	6813      	ldr	r3, [r2, #0]
10003cf0:	9300      	str	r3, [sp, #0]
10003cf2:	463b      	mov	r3, r7
10003cf4:	462a      	mov	r2, r5
10003cf6:	4649      	mov	r1, r9
10003cf8:	4640      	mov	r0, r8
10003cfa:	f7ff f933 	bl	10002f64 <_ntoa_long>
10003cfe:	4605      	mov	r5, r0
10003d00:	e77f      	b.n	10003c02 <_vsnprintf+0x38a>
10003d02:	f016 0f80 	tst.w	r6, #128	@ 0x80
10003d06:	d004      	beq.n	10003d12 <_vsnprintf+0x49a>
10003d08:	9a18      	ldr	r2, [sp, #96]	@ 0x60
10003d0a:	1d11      	adds	r1, r2, #4
10003d0c:	9118      	str	r1, [sp, #96]	@ 0x60
10003d0e:	8812      	ldrh	r2, [r2, #0]
10003d10:	e73c      	b.n	10003b8c <_vsnprintf+0x314>
10003d12:	9a18      	ldr	r2, [sp, #96]	@ 0x60
10003d14:	1d11      	adds	r1, r2, #4
10003d16:	9118      	str	r1, [sp, #96]	@ 0x60
10003d18:	6812      	ldr	r2, [r2, #0]
10003d1a:	e737      	b.n	10003b8c <_vsnprintf+0x314>
10003d1c:	2846      	cmp	r0, #70	@ 0x46
10003d1e:	d01a      	beq.n	10003d56 <_vsnprintf+0x4de>
10003d20:	9b18      	ldr	r3, [sp, #96]	@ 0x60
10003d22:	3307      	adds	r3, #7
10003d24:	f023 0307 	bic.w	r3, r3, #7
10003d28:	f103 0208 	add.w	r2, r3, #8
10003d2c:	9218      	str	r2, [sp, #96]	@ 0x60
10003d2e:	9604      	str	r6, [sp, #16]
10003d30:	9a0b      	ldr	r2, [sp, #44]	@ 0x2c
10003d32:	9203      	str	r2, [sp, #12]
10003d34:	9a0a      	ldr	r2, [sp, #40]	@ 0x28
10003d36:	9202      	str	r2, [sp, #8]
10003d38:	e9d3 2300 	ldrd	r2, r3, [r3]
10003d3c:	e9cd 2300 	strd	r2, r3, [sp]
10003d40:	463b      	mov	r3, r7
10003d42:	462a      	mov	r2, r5
10003d44:	4649      	mov	r1, r9
10003d46:	4640      	mov	r0, r8
10003d48:	f7ff fbca 	bl	100034e0 <_ftoa>
10003d4c:	4605      	mov	r5, r0
10003d4e:	9b0d      	ldr	r3, [sp, #52]	@ 0x34
10003d50:	3301      	adds	r3, #1
10003d52:	930d      	str	r3, [sp, #52]	@ 0x34
10003d54:	e5a5      	b.n	100038a2 <_vsnprintf+0x2a>
10003d56:	f046 0620 	orr.w	r6, r6, #32
10003d5a:	e7e1      	b.n	10003d20 <_vsnprintf+0x4a8>
10003d5c:	2867      	cmp	r0, #103	@ 0x67
10003d5e:	d001      	beq.n	10003d64 <_vsnprintf+0x4ec>
10003d60:	2847      	cmp	r0, #71	@ 0x47
10003d62:	d101      	bne.n	10003d68 <_vsnprintf+0x4f0>
10003d64:	f446 6600 	orr.w	r6, r6, #2048	@ 0x800
10003d68:	2845      	cmp	r0, #69	@ 0x45
10003d6a:	d001      	beq.n	10003d70 <_vsnprintf+0x4f8>
10003d6c:	2847      	cmp	r0, #71	@ 0x47
10003d6e:	d101      	bne.n	10003d74 <_vsnprintf+0x4fc>
10003d70:	f046 0620 	orr.w	r6, r6, #32
10003d74:	9b18      	ldr	r3, [sp, #96]	@ 0x60
10003d76:	3307      	adds	r3, #7
10003d78:	f023 0307 	bic.w	r3, r3, #7
10003d7c:	f103 0208 	add.w	r2, r3, #8
10003d80:	9218      	str	r2, [sp, #96]	@ 0x60
10003d82:	9604      	str	r6, [sp, #16]
10003d84:	9a0b      	ldr	r2, [sp, #44]	@ 0x2c
10003d86:	9203      	str	r2, [sp, #12]
10003d88:	9a0a      	ldr	r2, [sp, #40]	@ 0x28
10003d8a:	9202      	str	r2, [sp, #8]
10003d8c:	e9d3 2300 	ldrd	r2, r3, [r3]
10003d90:	e9cd 2300 	strd	r2, r3, [sp]
10003d94:	463b      	mov	r3, r7
10003d96:	462a      	mov	r2, r5
10003d98:	4649      	mov	r1, r9
10003d9a:	4640      	mov	r0, r8
10003d9c:	f7ff f990 	bl	100030c0 <_etoa>
10003da0:	4605      	mov	r5, r0
10003da2:	9b0d      	ldr	r3, [sp, #52]	@ 0x34
10003da4:	3301      	adds	r3, #1
10003da6:	930d      	str	r3, [sp, #52]	@ 0x34
10003da8:	e57b      	b.n	100038a2 <_vsnprintf+0x2a>
10003daa:	f016 0602 	ands.w	r6, r6, #2
10003dae:	d01c      	beq.n	10003dea <_vsnprintf+0x572>
10003db0:	2401      	movs	r4, #1
10003db2:	9818      	ldr	r0, [sp, #96]	@ 0x60
10003db4:	1d03      	adds	r3, r0, #4
10003db6:	9318      	str	r3, [sp, #96]	@ 0x60
10003db8:	f105 0a01 	add.w	sl, r5, #1
10003dbc:	463b      	mov	r3, r7
10003dbe:	462a      	mov	r2, r5
10003dc0:	4649      	mov	r1, r9
10003dc2:	7800      	ldrb	r0, [r0, #0]
10003dc4:	47c0      	blx	r8
10003dc6:	b9ae      	cbnz	r6, 10003df4 <_vsnprintf+0x57c>
10003dc8:	9b0d      	ldr	r3, [sp, #52]	@ 0x34
10003dca:	3301      	adds	r3, #1
10003dcc:	930d      	str	r3, [sp, #52]	@ 0x34
10003dce:	4655      	mov	r5, sl
10003dd0:	e567      	b.n	100038a2 <_vsnprintf+0x2a>
10003dd2:	1c55      	adds	r5, r2, #1
10003dd4:	463b      	mov	r3, r7
10003dd6:	4649      	mov	r1, r9
10003dd8:	2020      	movs	r0, #32
10003dda:	47c0      	blx	r8
10003ddc:	4623      	mov	r3, r4
10003dde:	462a      	mov	r2, r5
10003de0:	1c5c      	adds	r4, r3, #1
10003de2:	459a      	cmp	sl, r3
10003de4:	d8f5      	bhi.n	10003dd2 <_vsnprintf+0x55a>
10003de6:	4615      	mov	r5, r2
10003de8:	e7e3      	b.n	10003db2 <_vsnprintf+0x53a>
10003dea:	2301      	movs	r3, #1
10003dec:	f8dd a02c 	ldr.w	sl, [sp, #44]	@ 0x2c
10003df0:	462a      	mov	r2, r5
10003df2:	e7f5      	b.n	10003de0 <_vsnprintf+0x568>
10003df4:	4652      	mov	r2, sl
10003df6:	f8dd a02c 	ldr.w	sl, [sp, #44]	@ 0x2c
10003dfa:	e006      	b.n	10003e0a <_vsnprintf+0x592>
10003dfc:	1c56      	adds	r6, r2, #1
10003dfe:	463b      	mov	r3, r7
10003e00:	4649      	mov	r1, r9
10003e02:	2020      	movs	r0, #32
10003e04:	47c0      	blx	r8
10003e06:	462c      	mov	r4, r5
10003e08:	4632      	mov	r2, r6
10003e0a:	1c65      	adds	r5, r4, #1
10003e0c:	45a2      	cmp	sl, r4
10003e0e:	d8f5      	bhi.n	10003dfc <_vsnprintf+0x584>
10003e10:	4692      	mov	sl, r2
10003e12:	e7d9      	b.n	10003dc8 <_vsnprintf+0x550>
10003e14:	3301      	adds	r3, #1
10003e16:	460a      	mov	r2, r1
10003e18:	7819      	ldrb	r1, [r3, #0]
10003e1a:	b111      	cbz	r1, 10003e22 <_vsnprintf+0x5aa>
10003e1c:	1e51      	subs	r1, r2, #1
10003e1e:	2a00      	cmp	r2, #0
10003e20:	d1f8      	bne.n	10003e14 <_vsnprintf+0x59c>
10003e22:	eba3 030a 	sub.w	r3, r3, sl
10003e26:	f416 6b80 	ands.w	fp, r6, #1024	@ 0x400
10003e2a:	d003      	beq.n	10003e34 <_vsnprintf+0x5bc>
10003e2c:	9a0a      	ldr	r2, [sp, #40]	@ 0x28
10003e2e:	4293      	cmp	r3, r2
10003e30:	bf28      	it	cs
10003e32:	4613      	movcs	r3, r2
10003e34:	f016 0402 	ands.w	r4, r6, #2
10003e38:	d007      	beq.n	10003e4a <_vsnprintf+0x5d2>
10003e3a:	940c      	str	r4, [sp, #48]	@ 0x30
10003e3c:	9e0a      	ldr	r6, [sp, #40]	@ 0x28
10003e3e:	462a      	mov	r2, r5
10003e40:	465d      	mov	r5, fp
10003e42:	469b      	mov	fp, r3
10003e44:	e023      	b.n	10003e8e <_vsnprintf+0x616>
10003e46:	9a0a      	ldr	r2, [sp, #40]	@ 0x28
10003e48:	e66f      	b.n	10003b2a <_vsnprintf+0x2b2>
10003e4a:	f8cd b030 	str.w	fp, [sp, #48]	@ 0x30
10003e4e:	462a      	mov	r2, r5
10003e50:	4625      	mov	r5, r4
10003e52:	9c0b      	ldr	r4, [sp, #44]	@ 0x2c
10003e54:	e007      	b.n	10003e66 <_vsnprintf+0x5ee>
10003e56:	f102 0b01 	add.w	fp, r2, #1
10003e5a:	463b      	mov	r3, r7
10003e5c:	4649      	mov	r1, r9
10003e5e:	2020      	movs	r0, #32
10003e60:	47c0      	blx	r8
10003e62:	4633      	mov	r3, r6
10003e64:	465a      	mov	r2, fp
10003e66:	1c5e      	adds	r6, r3, #1
10003e68:	429c      	cmp	r4, r3
10003e6a:	d8f4      	bhi.n	10003e56 <_vsnprintf+0x5de>
10003e6c:	f8dd b030 	ldr.w	fp, [sp, #48]	@ 0x30
10003e70:	462c      	mov	r4, r5
10003e72:	4633      	mov	r3, r6
10003e74:	940c      	str	r4, [sp, #48]	@ 0x30
10003e76:	9e0a      	ldr	r6, [sp, #40]	@ 0x28
10003e78:	465d      	mov	r5, fp
10003e7a:	469b      	mov	fp, r3
10003e7c:	e007      	b.n	10003e8e <_vsnprintf+0x616>
10003e7e:	461e      	mov	r6, r3
10003e80:	f10a 0a01 	add.w	sl, sl, #1
10003e84:	1c54      	adds	r4, r2, #1
10003e86:	463b      	mov	r3, r7
10003e88:	4649      	mov	r1, r9
10003e8a:	47c0      	blx	r8
10003e8c:	4622      	mov	r2, r4
10003e8e:	f89a 0000 	ldrb.w	r0, [sl]
10003e92:	b120      	cbz	r0, 10003e9e <_vsnprintf+0x626>
10003e94:	2d00      	cmp	r5, #0
10003e96:	d0f3      	beq.n	10003e80 <_vsnprintf+0x608>
10003e98:	1e73      	subs	r3, r6, #1
10003e9a:	2e00      	cmp	r6, #0
10003e9c:	d1ef      	bne.n	10003e7e <_vsnprintf+0x606>
10003e9e:	9c0c      	ldr	r4, [sp, #48]	@ 0x30
10003ea0:	4615      	mov	r5, r2
10003ea2:	465b      	mov	r3, fp
10003ea4:	b91c      	cbnz	r4, 10003eae <_vsnprintf+0x636>
10003ea6:	9b0d      	ldr	r3, [sp, #52]	@ 0x34
10003ea8:	3301      	adds	r3, #1
10003eaa:	930d      	str	r3, [sp, #52]	@ 0x34
10003eac:	e4f9      	b.n	100038a2 <_vsnprintf+0x2a>
10003eae:	9e0b      	ldr	r6, [sp, #44]	@ 0x2c
10003eb0:	e006      	b.n	10003ec0 <_vsnprintf+0x648>
10003eb2:	1c55      	adds	r5, r2, #1
10003eb4:	463b      	mov	r3, r7
10003eb6:	4649      	mov	r1, r9
10003eb8:	2020      	movs	r0, #32
10003eba:	47c0      	blx	r8
10003ebc:	4623      	mov	r3, r4
10003ebe:	462a      	mov	r2, r5
10003ec0:	1c5c      	adds	r4, r3, #1
10003ec2:	429e      	cmp	r6, r3
10003ec4:	d8f5      	bhi.n	10003eb2 <_vsnprintf+0x63a>
10003ec6:	4615      	mov	r5, r2
10003ec8:	e7ed      	b.n	10003ea6 <_vsnprintf+0x62e>
10003eca:	f046 0621 	orr.w	r6, r6, #33	@ 0x21
10003ece:	9b18      	ldr	r3, [sp, #96]	@ 0x60
10003ed0:	1d1a      	adds	r2, r3, #4
10003ed2:	9218      	str	r2, [sp, #96]	@ 0x60
10003ed4:	681b      	ldr	r3, [r3, #0]
10003ed6:	9605      	str	r6, [sp, #20]
10003ed8:	2208      	movs	r2, #8
10003eda:	9204      	str	r2, [sp, #16]
10003edc:	9a0a      	ldr	r2, [sp, #40]	@ 0x28
10003ede:	9203      	str	r2, [sp, #12]
10003ee0:	2210      	movs	r2, #16
10003ee2:	9202      	str	r2, [sp, #8]
10003ee4:	2200      	movs	r2, #0
10003ee6:	9201      	str	r2, [sp, #4]
10003ee8:	9300      	str	r3, [sp, #0]
10003eea:	463b      	mov	r3, r7
10003eec:	462a      	mov	r2, r5
10003eee:	4649      	mov	r1, r9
10003ef0:	4640      	mov	r0, r8
10003ef2:	f7ff f837 	bl	10002f64 <_ntoa_long>
10003ef6:	4605      	mov	r5, r0
10003ef8:	9b0d      	ldr	r3, [sp, #52]	@ 0x34
10003efa:	3301      	adds	r3, #1
10003efc:	930d      	str	r3, [sp, #52]	@ 0x34
10003efe:	e4d0      	b.n	100038a2 <_vsnprintf+0x2a>
10003f00:	1c6c      	adds	r4, r5, #1
10003f02:	463b      	mov	r3, r7
10003f04:	462a      	mov	r2, r5
10003f06:	4649      	mov	r1, r9
10003f08:	2025      	movs	r0, #37	@ 0x25
10003f0a:	47c0      	blx	r8
10003f0c:	9b0d      	ldr	r3, [sp, #52]	@ 0x34
10003f0e:	3301      	adds	r3, #1
10003f10:	930d      	str	r3, [sp, #52]	@ 0x34
10003f12:	4625      	mov	r5, r4
10003f14:	e4c5      	b.n	100038a2 <_vsnprintf+0x2a>
10003f16:	1c6c      	adds	r4, r5, #1
10003f18:	463b      	mov	r3, r7
10003f1a:	462a      	mov	r2, r5
10003f1c:	4649      	mov	r1, r9
10003f1e:	47c0      	blx	r8
10003f20:	9b0d      	ldr	r3, [sp, #52]	@ 0x34
10003f22:	3301      	adds	r3, #1
10003f24:	930d      	str	r3, [sp, #52]	@ 0x34
10003f26:	4625      	mov	r5, r4
10003f28:	e4bb      	b.n	100038a2 <_vsnprintf+0x2a>
10003f2a:	f8df 8020 	ldr.w	r8, [pc, #32]	@ 10003f4c <_vsnprintf+0x6d4>
10003f2e:	e4ad      	b.n	1000388c <_vsnprintf+0x14>
10003f30:	42bd      	cmp	r5, r7
10003f32:	d308      	bcc.n	10003f46 <_vsnprintf+0x6ce>
10003f34:	1e7a      	subs	r2, r7, #1
10003f36:	463b      	mov	r3, r7
10003f38:	4649      	mov	r1, r9
10003f3a:	2000      	movs	r0, #0
10003f3c:	47c0      	blx	r8
10003f3e:	4628      	mov	r0, r5
10003f40:	b00f      	add	sp, #60	@ 0x3c
10003f42:	e8bd 8ff0 	ldmia.w	sp!, {r4, r5, r6, r7, r8, r9, sl, fp, pc}
10003f46:	462a      	mov	r2, r5
10003f48:	e7f5      	b.n	10003f36 <_vsnprintf+0x6be>
10003f4a:	bf00      	nop
10003f4c:	10002d7d 	.word	0x10002d7d

10003f50 <__wrap_sprintf>:
10003f50:	b40e      	push	{r1, r2, r3}
10003f52:	b500      	push	{lr}
10003f54:	b084      	sub	sp, #16
10003f56:	4601      	mov	r1, r0
10003f58:	aa05      	add	r2, sp, #20
10003f5a:	f852 3b04 	ldr.w	r3, [r2], #4
10003f5e:	9203      	str	r2, [sp, #12]
10003f60:	9200      	str	r2, [sp, #0]
10003f62:	f04f 32ff 	mov.w	r2, #4294967295
10003f66:	4804      	ldr	r0, [pc, #16]	@ (10003f78 <__wrap_sprintf+0x28>)
10003f68:	f7ff fc86 	bl	10003878 <_vsnprintf>
10003f6c:	b004      	add	sp, #16
10003f6e:	f85d eb04 	ldr.w	lr, [sp], #4
10003f72:	b003      	add	sp, #12
10003f74:	4770      	bx	lr
10003f76:	bf00      	nop
10003f78:	10002d75 	.word	0x10002d75

10003f7c <vfctprintf>:
10003f7c:	b500      	push	{lr}
10003f7e:	b085      	sub	sp, #20
10003f80:	9002      	str	r0, [sp, #8]
10003f82:	9103      	str	r1, [sp, #12]
10003f84:	9300      	str	r3, [sp, #0]
10003f86:	4613      	mov	r3, r2
10003f88:	f04f 32ff 	mov.w	r2, #4294967295
10003f8c:	a902      	add	r1, sp, #8
10003f8e:	4803      	ldr	r0, [pc, #12]	@ (10003f9c <vfctprintf+0x20>)
10003f90:	f7ff fc72 	bl	10003878 <_vsnprintf>
10003f94:	b005      	add	sp, #20
10003f96:	f85d fb04 	ldr.w	pc, [sp], #4
10003f9a:	bf00      	nop
10003f9c:	10002d7f 	.word	0x10002d7f

10003fa0 <_exit>:
10003fa0:	be00      	bkpt	0x0000
10003fa2:	e7fd      	b.n	10003fa0 <_exit>

10003fa4 <_sbrk>:
10003fa4:	4603      	mov	r3, r0
10003fa6:	4a09      	ldr	r2, [pc, #36]	@ (10003fcc <_sbrk+0x28>)
10003fa8:	6812      	ldr	r2, [r2, #0]
10003faa:	b142      	cbz	r2, 10003fbe <_sbrk+0x1a>
10003fac:	4a07      	ldr	r2, [pc, #28]	@ (10003fcc <_sbrk+0x28>)
10003fae:	6810      	ldr	r0, [r2, #0]
10003fb0:	4403      	add	r3, r0
10003fb2:	4a07      	ldr	r2, [pc, #28]	@ (10003fd0 <_sbrk+0x2c>)
10003fb4:	4293      	cmp	r3, r2
10003fb6:	d806      	bhi.n	10003fc6 <_sbrk+0x22>
10003fb8:	4a04      	ldr	r2, [pc, #16]	@ (10003fcc <_sbrk+0x28>)
10003fba:	6013      	str	r3, [r2, #0]
10003fbc:	4770      	bx	lr
10003fbe:	4a03      	ldr	r2, [pc, #12]	@ (10003fcc <_sbrk+0x28>)
10003fc0:	4904      	ldr	r1, [pc, #16]	@ (10003fd4 <_sbrk+0x30>)
10003fc2:	6011      	str	r1, [r2, #0]
10003fc4:	e7f2      	b.n	10003fac <_sbrk+0x8>
10003fc6:	f04f 30ff 	mov.w	r0, #4294967295
10003fca:	4770      	bx	lr
10003fcc:	20001d60 	.word	0x20001d60
10003fd0:	20080000 	.word	0x20080000
10003fd4:	200021dc 	.word	0x200021dc

10003fd8 <exit>:
10003fd8:	b508      	push	{r3, lr}
10003fda:	f7ff ffe1 	bl	10003fa0 <_exit>
	...

10003fe0 <__assert_func>:
10003fe0:	b500      	push	{lr}
10003fe2:	b083      	sub	sp, #12
10003fe4:	468c      	mov	ip, r1
10003fe6:	4619      	mov	r1, r3
10003fe8:	b15a      	cbz	r2, 10004002 <__assert_func+0x22>
10003fea:	4614      	mov	r4, r2
10003fec:	4b06      	ldr	r3, [pc, #24]	@ (10004008 <__assert_func+0x28>)
10003fee:	9401      	str	r4, [sp, #4]
10003ff0:	9300      	str	r3, [sp, #0]
10003ff2:	4663      	mov	r3, ip
10003ff4:	4602      	mov	r2, r0
10003ff6:	4805      	ldr	r0, [pc, #20]	@ (1000400c <__assert_func+0x2c>)
10003ff8:	f000 f956 	bl	100042a8 <__wrap_printf>
10003ffc:	2001      	movs	r0, #1
10003ffe:	f7ff ffcf 	bl	10003fa0 <_exit>
10004002:	4b03      	ldr	r3, [pc, #12]	@ (10004010 <__assert_func+0x30>)
10004004:	461c      	mov	r4, r3
10004006:	e7f2      	b.n	10003fee <__assert_func+0xe>
10004008:	100086bc 	.word	0x100086bc
1000400c:	100086cc 	.word	0x100086cc
10004010:	100086c8 	.word	0x100086c8

10004014 <runtime_init>:
10004014:	b510      	push	{r4, lr}
10004016:	f3ef 8305 	mrs	r3, IPSR
1000401a:	b2db      	uxtb	r3, r3
1000401c:	b103      	cbz	r3, 10004020 <runtime_init+0xc>
1000401e:	be00      	bkpt	0x0000
10004020:	f7fe fc2e 	bl	10002880 <runtime_run_initializers>
10004024:	4c04      	ldr	r4, [pc, #16]	@ (10004038 <runtime_init+0x24>)
10004026:	e002      	b.n	1000402e <runtime_init+0x1a>
10004028:	f854 3b04 	ldr.w	r3, [r4], #4
1000402c:	4798      	blx	r3
1000402e:	4b03      	ldr	r3, [pc, #12]	@ (1000403c <runtime_init+0x28>)
10004030:	429c      	cmp	r4, r3
10004032:	d3f9      	bcc.n	10004028 <runtime_init+0x14>
10004034:	bd10      	pop	{r4, pc}
10004036:	bf00      	nop
10004038:	10008070 	.word	0x10008070
1000403c:	10008078 	.word	0x10008078

10004040 <stdio_out_chars_no_crlf>:
10004040:	b508      	push	{r3, lr}
10004042:	4603      	mov	r3, r0
10004044:	4608      	mov	r0, r1
10004046:	681b      	ldr	r3, [r3, #0]
10004048:	4611      	mov	r1, r2
1000404a:	4798      	blx	r3
1000404c:	bd08      	pop	{r3, pc}
	...

10004050 <stdio_out_chars_crlf>:
10004050:	b5f8      	push	{r3, r4, r5, r6, r7, lr}
10004052:	4607      	mov	r7, r0
10004054:	460d      	mov	r5, r1
10004056:	4616      	mov	r6, r2
10004058:	7d43      	ldrb	r3, [r0, #21]
1000405a:	b113      	cbz	r3, 10004062 <stdio_out_chars_crlf+0x12>
1000405c:	2400      	movs	r4, #0
1000405e:	4620      	mov	r0, r4
10004060:	e00c      	b.n	1000407c <stdio_out_chars_crlf+0x2c>
10004062:	6803      	ldr	r3, [r0, #0]
10004064:	4611      	mov	r1, r2
10004066:	4628      	mov	r0, r5
10004068:	4798      	blx	r3
1000406a:	e02e      	b.n	100040ca <stdio_out_chars_crlf+0x7a>
1000406c:	7d3b      	ldrb	r3, [r7, #20]
1000406e:	e010      	b.n	10004092 <stdio_out_chars_crlf+0x42>
10004070:	683b      	ldr	r3, [r7, #0]
10004072:	2102      	movs	r1, #2
10004074:	4815      	ldr	r0, [pc, #84]	@ (100040cc <stdio_out_chars_crlf+0x7c>)
10004076:	4798      	blx	r3
10004078:	1c60      	adds	r0, r4, #1
1000407a:	3401      	adds	r4, #1
1000407c:	42b4      	cmp	r4, r6
1000407e:	da14      	bge.n	100040aa <stdio_out_chars_crlf+0x5a>
10004080:	2c00      	cmp	r4, #0
10004082:	ddf3      	ble.n	1000406c <stdio_out_chars_crlf+0x1c>
10004084:	192b      	adds	r3, r5, r4
10004086:	f813 3c01 	ldrb.w	r3, [r3, #-1]
1000408a:	2b0d      	cmp	r3, #13
1000408c:	bf14      	ite	ne
1000408e:	2300      	movne	r3, #0
10004090:	2301      	moveq	r3, #1
10004092:	5d2a      	ldrb	r2, [r5, r4]
10004094:	2a0a      	cmp	r2, #10
10004096:	d1f0      	bne.n	1000407a <stdio_out_chars_crlf+0x2a>
10004098:	2b00      	cmp	r3, #0
1000409a:	d1ee      	bne.n	1000407a <stdio_out_chars_crlf+0x2a>
1000409c:	42a0      	cmp	r0, r4
1000409e:	dae7      	bge.n	10004070 <stdio_out_chars_crlf+0x20>
100040a0:	683b      	ldr	r3, [r7, #0]
100040a2:	1a21      	subs	r1, r4, r0
100040a4:	4428      	add	r0, r5
100040a6:	4798      	blx	r3
100040a8:	e7e2      	b.n	10004070 <stdio_out_chars_crlf+0x20>
100040aa:	42b0      	cmp	r0, r6
100040ac:	da03      	bge.n	100040b6 <stdio_out_chars_crlf+0x66>
100040ae:	683b      	ldr	r3, [r7, #0]
100040b0:	1a31      	subs	r1, r6, r0
100040b2:	4428      	add	r0, r5
100040b4:	4798      	blx	r3
100040b6:	2e00      	cmp	r6, #0
100040b8:	dd07      	ble.n	100040ca <stdio_out_chars_crlf+0x7a>
100040ba:	4435      	add	r5, r6
100040bc:	f815 3c01 	ldrb.w	r3, [r5, #-1]
100040c0:	2b0d      	cmp	r3, #13
100040c2:	bf14      	ite	ne
100040c4:	2300      	movne	r3, #0
100040c6:	2301      	moveq	r3, #1
100040c8:	753b      	strb	r3, [r7, #20]
100040ca:	bdf8      	pop	{r3, r4, r5, r6, r7, pc}
100040cc:	10009f90 	.word	0x10009f90

100040d0 <stdio_stack_buffer_flush>:
100040d0:	b538      	push	{r3, r4, r5, lr}
100040d2:	6803      	ldr	r3, [r0, #0]
100040d4:	b1bb      	cbz	r3, 10004106 <stdio_stack_buffer_flush+0x36>
100040d6:	4605      	mov	r5, r0
100040d8:	4b0b      	ldr	r3, [pc, #44]	@ (10004108 <stdio_stack_buffer_flush+0x38>)
100040da:	681c      	ldr	r4, [r3, #0]
100040dc:	e006      	b.n	100040ec <stdio_stack_buffer_flush+0x1c>
100040de:	4629      	mov	r1, r5
100040e0:	f851 2b04 	ldr.w	r2, [r1], #4
100040e4:	4620      	mov	r0, r4
100040e6:	f7ff ffb3 	bl	10004050 <stdio_out_chars_crlf>
100040ea:	6924      	ldr	r4, [r4, #16]
100040ec:	b14c      	cbz	r4, 10004102 <stdio_stack_buffer_flush+0x32>
100040ee:	6823      	ldr	r3, [r4, #0]
100040f0:	2b00      	cmp	r3, #0
100040f2:	d0fa      	beq.n	100040ea <stdio_stack_buffer_flush+0x1a>
100040f4:	4b05      	ldr	r3, [pc, #20]	@ (1000410c <stdio_stack_buffer_flush+0x3c>)
100040f6:	681b      	ldr	r3, [r3, #0]
100040f8:	2b00      	cmp	r3, #0
100040fa:	d0f0      	beq.n	100040de <stdio_stack_buffer_flush+0xe>
100040fc:	42a3      	cmp	r3, r4
100040fe:	d1f4      	bne.n	100040ea <stdio_stack_buffer_flush+0x1a>
10004100:	e7ed      	b.n	100040de <stdio_stack_buffer_flush+0xe>
10004102:	2300      	movs	r3, #0
10004104:	602b      	str	r3, [r5, #0]
10004106:	bd38      	pop	{r3, r4, r5, pc}
10004108:	20001d50 	.word	0x20001d50
1000410c:	20001d5c 	.word	0x20001d5c

10004110 <stdio_buffered_printer>:
10004110:	b538      	push	{r3, r4, r5, lr}
10004112:	4605      	mov	r5, r0
10004114:	460c      	mov	r4, r1
10004116:	680b      	ldr	r3, [r1, #0]
10004118:	2b80      	cmp	r3, #128	@ 0x80
1000411a:	d005      	beq.n	10004128 <stdio_buffered_printer+0x18>
1000411c:	6823      	ldr	r3, [r4, #0]
1000411e:	1c5a      	adds	r2, r3, #1
10004120:	6022      	str	r2, [r4, #0]
10004122:	441c      	add	r4, r3
10004124:	7125      	strb	r5, [r4, #4]
10004126:	bd38      	pop	{r3, r4, r5, pc}
10004128:	4608      	mov	r0, r1
1000412a:	f7ff ffd1 	bl	100040d0 <stdio_stack_buffer_flush>
1000412e:	e7f5      	b.n	1000411c <stdio_buffered_printer+0xc>

10004130 <stdout_serialize_begin>:
10004130:	b508      	push	{r3, lr}
10004132:	f7fe f9b3 	bl	1000249c <time_us_64>
10004136:	4a07      	ldr	r2, [pc, #28]	@ (10004154 <stdout_serialize_begin+0x24>)
10004138:	1882      	adds	r2, r0, r2
1000413a:	f141 0300 	adc.w	r3, r1, #0
1000413e:	2b00      	cmp	r3, #0
10004140:	db03      	blt.n	1000414a <stdout_serialize_begin+0x1a>
10004142:	4805      	ldr	r0, [pc, #20]	@ (10004158 <stdout_serialize_begin+0x28>)
10004144:	f003 ff6c 	bl	10008020 <__mutex_try_enter_block_until_veneer>
10004148:	bd08      	pop	{r3, pc}
1000414a:	f04f 32ff 	mov.w	r2, #4294967295
1000414e:	f06f 4300 	mvn.w	r3, #2147483648	@ 0x80000000
10004152:	e7f6      	b.n	10004142 <stdout_serialize_begin+0x12>
10004154:	000f4240 	.word	0x000f4240
10004158:	20001420 	.word	0x20001420

1000415c <stdout_serialize_end>:
1000415c:	b508      	push	{r3, lr}
1000415e:	4802      	ldr	r0, [pc, #8]	@ (10004168 <stdout_serialize_end+0xc>)
10004160:	f003 ff56 	bl	10008010 <__mutex_exit_veneer>
10004164:	bd08      	pop	{r3, pc}
10004166:	bf00      	nop
10004168:	20001420 	.word	0x20001420

1000416c <stdio_put_string>:
1000416c:	e92d 43f0 	stmdb	sp!, {r4, r5, r6, r7, r8, r9, lr}
10004170:	b083      	sub	sp, #12
10004172:	4606      	mov	r6, r0
10004174:	460d      	mov	r5, r1
10004176:	4690      	mov	r8, r2
10004178:	461c      	mov	r4, r3
1000417a:	f7ff ffd9 	bl	10004130 <stdout_serialize_begin>
1000417e:	4681      	mov	r9, r0
10004180:	f1b5 3fff 	cmp.w	r5, #4294967295
10004184:	d004      	beq.n	10004190 <stdio_put_string+0x24>
10004186:	b144      	cbz	r4, 1000419a <stdio_put_string+0x2e>
10004188:	4f17      	ldr	r7, [pc, #92]	@ (100041e8 <stdio_put_string+0x7c>)
1000418a:	4b18      	ldr	r3, [pc, #96]	@ (100041ec <stdio_put_string+0x80>)
1000418c:	681c      	ldr	r4, [r3, #0]
1000418e:	e007      	b.n	100041a0 <stdio_put_string+0x34>
10004190:	4630      	mov	r0, r6
10004192:	f003 fd9f 	bl	10007cd4 <strlen>
10004196:	4605      	mov	r5, r0
10004198:	e7f5      	b.n	10004186 <stdio_put_string+0x1a>
1000419a:	4f15      	ldr	r7, [pc, #84]	@ (100041f0 <stdio_put_string+0x84>)
1000419c:	e7f5      	b.n	1000418a <stdio_put_string+0x1e>
1000419e:	6924      	ldr	r4, [r4, #16]
100041a0:	b1bc      	cbz	r4, 100041d2 <stdio_put_string+0x66>
100041a2:	6823      	ldr	r3, [r4, #0]
100041a4:	2b00      	cmp	r3, #0
100041a6:	d0fa      	beq.n	1000419e <stdio_put_string+0x32>
100041a8:	4b12      	ldr	r3, [pc, #72]	@ (100041f4 <stdio_put_string+0x88>)
100041aa:	681b      	ldr	r3, [r3, #0]
100041ac:	b10b      	cbz	r3, 100041b2 <stdio_put_string+0x46>
100041ae:	42a3      	cmp	r3, r4
100041b0:	d1f5      	bne.n	1000419e <stdio_put_string+0x32>
100041b2:	462a      	mov	r2, r5
100041b4:	4631      	mov	r1, r6
100041b6:	4620      	mov	r0, r4
100041b8:	47b8      	blx	r7
100041ba:	f1b8 0f00 	cmp.w	r8, #0
100041be:	d0ee      	beq.n	1000419e <stdio_put_string+0x32>
100041c0:	230a      	movs	r3, #10
100041c2:	f88d 3007 	strb.w	r3, [sp, #7]
100041c6:	2201      	movs	r2, #1
100041c8:	f10d 0107 	add.w	r1, sp, #7
100041cc:	4620      	mov	r0, r4
100041ce:	47b8      	blx	r7
100041d0:	e7e5      	b.n	1000419e <stdio_put_string+0x32>
100041d2:	f1b9 0f00 	cmp.w	r9, #0
100041d6:	d103      	bne.n	100041e0 <stdio_put_string+0x74>
100041d8:	4628      	mov	r0, r5
100041da:	b003      	add	sp, #12
100041dc:	e8bd 83f0 	ldmia.w	sp!, {r4, r5, r6, r7, r8, r9, pc}
100041e0:	f7ff ffbc 	bl	1000415c <stdout_serialize_end>
100041e4:	e7f8      	b.n	100041d8 <stdio_put_string+0x6c>
100041e6:	bf00      	nop
100041e8:	10004051 	.word	0x10004051
100041ec:	20001d50 	.word	0x20001d50
100041f0:	10004041 	.word	0x10004041
100041f4:	20001d5c 	.word	0x20001d5c

100041f8 <stdio_set_driver_enabled>:
100041f8:	4a09      	ldr	r2, [pc, #36]	@ (10004220 <stdio_set_driver_enabled+0x28>)
100041fa:	6813      	ldr	r3, [r2, #0]
100041fc:	e002      	b.n	10004204 <stdio_set_driver_enabled+0xc>
100041fe:	f103 0210 	add.w	r2, r3, #16
10004202:	691b      	ldr	r3, [r3, #16]
10004204:	b143      	cbz	r3, 10004218 <stdio_set_driver_enabled+0x20>
10004206:	6813      	ldr	r3, [r2, #0]
10004208:	4283      	cmp	r3, r0
1000420a:	d1f8      	bne.n	100041fe <stdio_set_driver_enabled+0x6>
1000420c:	b931      	cbnz	r1, 1000421c <stdio_set_driver_enabled+0x24>
1000420e:	6903      	ldr	r3, [r0, #16]
10004210:	6013      	str	r3, [r2, #0]
10004212:	2300      	movs	r3, #0
10004214:	6103      	str	r3, [r0, #16]
10004216:	4770      	bx	lr
10004218:	b101      	cbz	r1, 1000421c <stdio_set_driver_enabled+0x24>
1000421a:	6010      	str	r0, [r2, #0]
1000421c:	4770      	bx	lr
1000421e:	bf00      	nop
10004220:	20001d50 	.word	0x20001d50

10004224 <stdio_flush>:
10004224:	b510      	push	{r4, lr}
10004226:	4b05      	ldr	r3, [pc, #20]	@ (1000423c <stdio_flush+0x18>)
10004228:	681c      	ldr	r4, [r3, #0]
1000422a:	e000      	b.n	1000422e <stdio_flush+0xa>
1000422c:	6924      	ldr	r4, [r4, #16]
1000422e:	b124      	cbz	r4, 1000423a <stdio_flush+0x16>
10004230:	6863      	ldr	r3, [r4, #4]
10004232:	2b00      	cmp	r3, #0
10004234:	d0fa      	beq.n	1000422c <stdio_flush+0x8>
10004236:	4798      	blx	r3
10004238:	e7f8      	b.n	1000422c <stdio_flush+0x8>
1000423a:	bd10      	pop	{r4, pc}
1000423c:	20001d50 	.word	0x20001d50

10004240 <stdio_init_all>:
10004240:	b508      	push	{r3, lr}
10004242:	f000 f9ad 	bl	100045a0 <stdio_usb_init>
10004246:	bd08      	pop	{r3, pc}

10004248 <__wrap_puts>:
10004248:	b538      	push	{r3, r4, r5, lr}
1000424a:	4605      	mov	r5, r0
1000424c:	f003 fd42 	bl	10007cd4 <strlen>
10004250:	4604      	mov	r4, r0
10004252:	2301      	movs	r3, #1
10004254:	461a      	mov	r2, r3
10004256:	4601      	mov	r1, r0
10004258:	4628      	mov	r0, r5
1000425a:	f7ff ff87 	bl	1000416c <stdio_put_string>
1000425e:	f7ff ffe1 	bl	10004224 <stdio_flush>
10004262:	4620      	mov	r0, r4
10004264:	bd38      	pop	{r3, r4, r5, pc}
	...

10004268 <__wrap_vprintf>:
10004268:	b5f0      	push	{r4, r5, r6, r7, lr}
1000426a:	b0a3      	sub	sp, #140	@ 0x8c
1000426c:	4604      	mov	r4, r0
1000426e:	460e      	mov	r6, r1
10004270:	f7ff ff5e 	bl	10004130 <stdout_serialize_begin>
10004274:	4605      	mov	r5, r0
10004276:	2300      	movs	r3, #0
10004278:	9301      	str	r3, [sp, #4]
1000427a:	af01      	add	r7, sp, #4
1000427c:	4633      	mov	r3, r6
1000427e:	4622      	mov	r2, r4
10004280:	4639      	mov	r1, r7
10004282:	4808      	ldr	r0, [pc, #32]	@ (100042a4 <__wrap_vprintf+0x3c>)
10004284:	f7ff fe7a 	bl	10003f7c <vfctprintf>
10004288:	4604      	mov	r4, r0
1000428a:	4638      	mov	r0, r7
1000428c:	f7ff ff20 	bl	100040d0 <stdio_stack_buffer_flush>
10004290:	f7ff ffc8 	bl	10004224 <stdio_flush>
10004294:	b915      	cbnz	r5, 1000429c <__wrap_vprintf+0x34>
10004296:	4620      	mov	r0, r4
10004298:	b023      	add	sp, #140	@ 0x8c
1000429a:	bdf0      	pop	{r4, r5, r6, r7, pc}
1000429c:	f7ff ff5e 	bl	1000415c <stdout_serialize_end>
100042a0:	e7f9      	b.n	10004296 <__wrap_vprintf+0x2e>
100042a2:	bf00      	nop
100042a4:	10004111 	.word	0x10004111

100042a8 <__wrap_printf>:
100042a8:	b40f      	push	{r0, r1, r2, r3}
100042aa:	b500      	push	{lr}
100042ac:	b083      	sub	sp, #12
100042ae:	a904      	add	r1, sp, #16
100042b0:	f851 0b04 	ldr.w	r0, [r1], #4
100042b4:	9101      	str	r1, [sp, #4]
100042b6:	f7ff ffd7 	bl	10004268 <__wrap_vprintf>
100042ba:	b003      	add	sp, #12
100042bc:	f85d eb04 	ldr.w	lr, [sp], #4
100042c0:	b004      	add	sp, #16
100042c2:	4770      	bx	lr

100042c4 <resetd_init>:
100042c4:	4770      	bx	lr
	...

100042c8 <resetd_reset>:
100042c8:	4b01      	ldr	r3, [pc, #4]	@ (100042d0 <resetd_reset+0x8>)
100042ca:	2200      	movs	r2, #0
100042cc:	701a      	strb	r2, [r3, #0]
100042ce:	4770      	bx	lr
100042d0:	200021d5 	.word	0x200021d5

100042d4 <resetd_open>:
100042d4:	794b      	ldrb	r3, [r1, #5]
100042d6:	2bff      	cmp	r3, #255	@ 0xff
100042d8:	d10b      	bne.n	100042f2 <resetd_open+0x1e>
100042da:	798b      	ldrb	r3, [r1, #6]
100042dc:	b95b      	cbnz	r3, 100042f6 <resetd_open+0x22>
100042de:	79cb      	ldrb	r3, [r1, #7]
100042e0:	2b01      	cmp	r3, #1
100042e2:	d10a      	bne.n	100042fa <resetd_open+0x26>
100042e4:	2a08      	cmp	r2, #8
100042e6:	d90a      	bls.n	100042fe <resetd_open+0x2a>
100042e8:	788a      	ldrb	r2, [r1, #2]
100042ea:	4b06      	ldr	r3, [pc, #24]	@ (10004304 <resetd_open+0x30>)
100042ec:	701a      	strb	r2, [r3, #0]
100042ee:	2009      	movs	r0, #9
100042f0:	4770      	bx	lr
100042f2:	2000      	movs	r0, #0
100042f4:	4770      	bx	lr
100042f6:	2000      	movs	r0, #0
100042f8:	4770      	bx	lr
100042fa:	2000      	movs	r0, #0
100042fc:	4770      	bx	lr
100042fe:	2000      	movs	r0, #0
10004300:	4770      	bx	lr
10004302:	bf00      	nop
10004304:	200021d5 	.word	0x200021d5

10004308 <resetd_xfer_cb>:
10004308:	2001      	movs	r0, #1
1000430a:	4770      	bx	lr

1000430c <resetd_control_xfer_cb>:
1000430c:	2901      	cmp	r1, #1
1000430e:	d123      	bne.n	10004358 <resetd_control_xfer_cb+0x4c>
10004310:	b508      	push	{r3, lr}
10004312:	8891      	ldrh	r1, [r2, #4]
10004314:	4b11      	ldr	r3, [pc, #68]	@ (1000435c <resetd_control_xfer_cb+0x50>)
10004316:	781b      	ldrb	r3, [r3, #0]
10004318:	4299      	cmp	r1, r3
1000431a:	d001      	beq.n	10004320 <resetd_control_xfer_cb+0x14>
1000431c:	2000      	movs	r0, #0
1000431e:	bd08      	pop	{r3, pc}
10004320:	7853      	ldrb	r3, [r2, #1]
10004322:	2b01      	cmp	r3, #1
10004324:	d003      	beq.n	1000432e <resetd_control_xfer_cb+0x22>
10004326:	2b02      	cmp	r3, #2
10004328:	d00f      	beq.n	1000434a <resetd_control_xfer_cb+0x3e>
1000432a:	2000      	movs	r0, #0
1000432c:	e7f7      	b.n	1000431e <resetd_control_xfer_cb+0x12>
1000432e:	8851      	ldrh	r1, [r2, #2]
10004330:	f411 7f80 	tst.w	r1, #256	@ 0x100
10004334:	d006      	beq.n	10004344 <resetd_control_xfer_cb+0x38>
10004336:	0a48      	lsrs	r0, r1, #9
10004338:	f3c1 2240 	ubfx	r2, r1, #9, #1
1000433c:	f001 017f 	and.w	r1, r1, #127	@ 0x7f
10004340:	f7fe fa4d 	bl	100027de <rom_reset_usb_boot_extra>
10004344:	f04f 30ff 	mov.w	r0, #4294967295
10004348:	e7f6      	b.n	10004338 <resetd_control_xfer_cb+0x2c>
1000434a:	2264      	movs	r2, #100	@ 0x64
1000434c:	2100      	movs	r1, #0
1000434e:	4608      	mov	r0, r1
10004350:	f7fe f9e6 	bl	10002720 <watchdog_reboot>
10004354:	2001      	movs	r0, #1
10004356:	e7e2      	b.n	1000431e <resetd_control_xfer_cb+0x12>
10004358:	2001      	movs	r0, #1
1000435a:	4770      	bx	lr
1000435c:	200021d5 	.word	0x200021d5

10004360 <tud_descriptor_bos_cb>:
10004360:	4800      	ldr	r0, [pc, #0]	@ (10004364 <tud_descriptor_bos_cb+0x4>)
10004362:	4770      	bx	lr
10004364:	1000a05c 	.word	0x1000a05c

10004368 <tud_vendor_control_xfer_cb>:
10004368:	2901      	cmp	r1, #1
1000436a:	d10f      	bne.n	1000438c <tud_vendor_control_xfer_cb+0x24>
1000436c:	b508      	push	{r3, lr}
1000436e:	4694      	mov	ip, r2
10004370:	7853      	ldrb	r3, [r2, #1]
10004372:	2b01      	cmp	r3, #1
10004374:	d10c      	bne.n	10004390 <tud_vendor_control_xfer_cb+0x28>
10004376:	8893      	ldrh	r3, [r2, #4]
10004378:	2b07      	cmp	r3, #7
1000437a:	d001      	beq.n	10004380 <tud_vendor_control_xfer_cb+0x18>
1000437c:	2000      	movs	r0, #0
1000437e:	e008      	b.n	10004392 <tud_vendor_control_xfer_cb+0x2a>
10004380:	23a6      	movs	r3, #166	@ 0xa6
10004382:	4a04      	ldr	r2, [pc, #16]	@ (10004394 <tud_vendor_control_xfer_cb+0x2c>)
10004384:	4661      	mov	r1, ip
10004386:	f001 fbef 	bl	10005b68 <tud_control_xfer>
1000438a:	e002      	b.n	10004392 <tud_vendor_control_xfer_cb+0x2a>
1000438c:	2001      	movs	r0, #1
1000438e:	4770      	bx	lr
10004390:	2000      	movs	r0, #0
10004392:	bd08      	pop	{r3, pc}
10004394:	10009fb4 	.word	0x10009fb4

10004398 <usbd_app_driver_get_cb>:
10004398:	2301      	movs	r3, #1
1000439a:	7003      	strb	r3, [r0, #0]
1000439c:	4800      	ldr	r0, [pc, #0]	@ (100043a0 <usbd_app_driver_get_cb+0x8>)
1000439e:	4770      	bx	lr
100043a0:	10009f94 	.word	0x10009f94

100043a4 <tud_cdc_line_coding_cb>:
100043a4:	b508      	push	{r3, lr}
100043a6:	680b      	ldr	r3, [r1, #0]
100043a8:	f5b3 6f96 	cmp.w	r3, #1200	@ 0x4b0
100043ac:	d000      	beq.n	100043b0 <tud_cdc_line_coding_cb+0xc>
100043ae:	bd08      	pop	{r3, pc}
100043b0:	2200      	movs	r2, #0
100043b2:	4611      	mov	r1, r2
100043b4:	f04f 30ff 	mov.w	r0, #4294967295
100043b8:	f7fe fa11 	bl	100027de <rom_reset_usb_boot_extra>

100043bc <stdio_usb_set_chars_available_callback>:
100043bc:	4b02      	ldr	r3, [pc, #8]	@ (100043c8 <stdio_usb_set_chars_available_callback+0xc>)
100043be:	6018      	str	r0, [r3, #0]
100043c0:	4b02      	ldr	r3, [pc, #8]	@ (100043cc <stdio_usb_set_chars_available_callback+0x10>)
100043c2:	6019      	str	r1, [r3, #0]
100043c4:	4770      	bx	lr
100043c6:	bf00      	nop
100043c8:	20001cd8 	.word	0x20001cd8
100043cc:	20001cdc 	.word	0x20001cdc

100043d0 <stdio_usb_out_flush>:
100043d0:	b508      	push	{r3, lr}
100043d2:	f7fe f863 	bl	1000249c <time_us_64>
100043d6:	4a0e      	ldr	r2, [pc, #56]	@ (10004410 <stdio_usb_out_flush+0x40>)
100043d8:	1882      	adds	r2, r0, r2
100043da:	f141 0300 	adc.w	r3, r1, #0
100043de:	2b00      	cmp	r3, #0
100043e0:	db11      	blt.n	10004406 <stdio_usb_out_flush+0x36>
100043e2:	480c      	ldr	r0, [pc, #48]	@ (10004414 <stdio_usb_out_flush+0x44>)
100043e4:	f003 fe1c 	bl	10008020 <__mutex_try_enter_block_until_veneer>
100043e8:	b160      	cbz	r0, 10004404 <stdio_usb_out_flush+0x34>
100043ea:	2100      	movs	r1, #0
100043ec:	f04f 30ff 	mov.w	r0, #4294967295
100043f0:	f001 fa42 	bl	10005878 <tud_task_ext>
100043f4:	2000      	movs	r0, #0
100043f6:	f001 fd3b 	bl	10005e70 <tud_cdc_n_write_flush>
100043fa:	2800      	cmp	r0, #0
100043fc:	d1f5      	bne.n	100043ea <stdio_usb_out_flush+0x1a>
100043fe:	4805      	ldr	r0, [pc, #20]	@ (10004414 <stdio_usb_out_flush+0x44>)
10004400:	f003 fe06 	bl	10008010 <__mutex_exit_veneer>
10004404:	bd08      	pop	{r3, pc}
10004406:	f04f 32ff 	mov.w	r2, #4294967295
1000440a:	f06f 4300 	mvn.w	r3, #2147483648	@ 0x80000000
1000440e:	e7e8      	b.n	100043e2 <stdio_usb_out_flush+0x12>
10004410:	000f4240 	.word	0x000f4240
10004414:	200021b8 	.word	0x200021b8

10004418 <timer_task>:
10004418:	b538      	push	{r3, r4, r5, lr}
1000441a:	4b18      	ldr	r3, [pc, #96]	@ (1000447c <timer_task+0x64>)
1000441c:	681b      	ldr	r3, [r3, #0]
1000441e:	b31b      	cbz	r3, 10004468 <timer_task+0x50>
10004420:	f3ef 8210 	mrs	r2, PRIMASK
10004424:	b672      	cpsid	i
10004426:	e8d3 0fcf 	ldaexb	r0, [r3]
1000442a:	2101      	movs	r1, #1
1000442c:	2800      	cmp	r0, #0
1000442e:	d1fa      	bne.n	10004426 <timer_task+0xe>
10004430:	e8c3 1f40 	strexb	r0, r1, [r3]
10004434:	2800      	cmp	r0, #0
10004436:	d1f6      	bne.n	10004426 <timer_task+0xe>
10004438:	f3bf 8f5f 	dmb	sy
1000443c:	490f      	ldr	r1, [pc, #60]	@ (1000447c <timer_task+0x64>)
1000443e:	604a      	str	r2, [r1, #4]
10004440:	2300      	movs	r3, #0
10004442:	480f      	ldr	r0, [pc, #60]	@ (10004480 <timer_task+0x68>)
10004444:	7003      	strb	r3, [r0, #0]
10004446:	6809      	ldr	r1, [r1, #0]
10004448:	e8c1 3f8f 	stlb	r3, [r1]
1000444c:	f382 8810 	msr	PRIMASK, r2
10004450:	2400      	movs	r4, #0
10004452:	2500      	movs	r5, #0
10004454:	4b0b      	ldr	r3, [pc, #44]	@ (10004484 <timer_task+0x6c>)
10004456:	7818      	ldrb	r0, [r3, #0]
10004458:	f7fd f95e 	bl	10001718 <irq_is_enabled>
1000445c:	b940      	cbnz	r0, 10004470 <timer_task+0x58>
1000445e:	2400      	movs	r4, #0
10004460:	2500      	movs	r5, #0
10004462:	4620      	mov	r0, r4
10004464:	4629      	mov	r1, r5
10004466:	bd38      	pop	{r3, r4, r5, pc}
10004468:	f44f 747a 	mov.w	r4, #1000	@ 0x3e8
1000446c:	2500      	movs	r5, #0
1000446e:	e7f1      	b.n	10004454 <timer_task+0x3c>
10004470:	4b04      	ldr	r3, [pc, #16]	@ (10004484 <timer_task+0x6c>)
10004472:	7818      	ldrb	r0, [r3, #0]
10004474:	f7fd f97a 	bl	1000176c <irq_set_pending>
10004478:	e7f3      	b.n	10004462 <timer_task+0x4a>
1000447a:	bf00      	nop
1000447c:	20002184 	.word	0x20002184
10004480:	200021d7 	.word	0x200021d7
10004484:	200021d6 	.word	0x200021d6

10004488 <usb_irq>:
10004488:	b508      	push	{r3, lr}
1000448a:	4b02      	ldr	r3, [pc, #8]	@ (10004494 <usb_irq+0xc>)
1000448c:	7818      	ldrb	r0, [r3, #0]
1000448e:	f7fd f96d 	bl	1000176c <irq_set_pending>
10004492:	bd08      	pop	{r3, pc}
10004494:	200021d6 	.word	0x200021d6

10004498 <alarm_pool_add_alarm_in_us>:
10004498:	b570      	push	{r4, r5, r6, lr}
1000449a:	b084      	sub	sp, #16
1000449c:	4606      	mov	r6, r0
1000449e:	4614      	mov	r4, r2
100044a0:	461d      	mov	r5, r3
100044a2:	f7fd fffb 	bl	1000249c <time_us_64>
100044a6:	1822      	adds	r2, r4, r0
100044a8:	eb45 0301 	adc.w	r3, r5, r1
100044ac:	2b00      	cmp	r3, #0
100044ae:	db0b      	blt.n	100044c8 <alarm_pool_add_alarm_in_us+0x30>
100044b0:	f89d 1028 	ldrb.w	r1, [sp, #40]	@ 0x28
100044b4:	9102      	str	r1, [sp, #8]
100044b6:	9909      	ldr	r1, [sp, #36]	@ 0x24
100044b8:	9101      	str	r1, [sp, #4]
100044ba:	9908      	ldr	r1, [sp, #32]
100044bc:	9100      	str	r1, [sp, #0]
100044be:	4630      	mov	r0, r6
100044c0:	f7fd fe36 	bl	10002130 <alarm_pool_add_alarm_at>
100044c4:	b004      	add	sp, #16
100044c6:	bd70      	pop	{r4, r5, r6, pc}
100044c8:	f04f 32ff 	mov.w	r2, #4294967295
100044cc:	f06f 4300 	mvn.w	r3, #2147483648	@ 0x80000000
100044d0:	e7ee      	b.n	100044b0 <alarm_pool_add_alarm_in_us+0x18>

100044d2 <add_alarm_in_us>:
100044d2:	b5f0      	push	{r4, r5, r6, r7, lr}
100044d4:	b085      	sub	sp, #20
100044d6:	4605      	mov	r5, r0
100044d8:	460c      	mov	r4, r1
100044da:	4616      	mov	r6, r2
100044dc:	461f      	mov	r7, r3
100044de:	f7fd fdb3 	bl	10002048 <alarm_pool_get_default>
100044e2:	f89d 3028 	ldrb.w	r3, [sp, #40]	@ 0x28
100044e6:	9302      	str	r3, [sp, #8]
100044e8:	9701      	str	r7, [sp, #4]
100044ea:	9600      	str	r6, [sp, #0]
100044ec:	462a      	mov	r2, r5
100044ee:	4623      	mov	r3, r4
100044f0:	f7ff ffd2 	bl	10004498 <alarm_pool_add_alarm_in_us>
100044f4:	b005      	add	sp, #20
100044f6:	bdf0      	pop	{r4, r5, r6, r7, pc}

100044f8 <low_priority_worker_irq>:
100044f8:	b510      	push	{r4, lr}
100044fa:	b082      	sub	sp, #8
100044fc:	2100      	movs	r1, #0
100044fe:	4822      	ldr	r0, [pc, #136]	@ (10004588 <low_priority_worker_irq+0x90>)
10004500:	f003 fd92 	bl	10008028 <__mutex_try_enter_veneer>
10004504:	bb00      	cbnz	r0, 10004548 <low_priority_worker_irq+0x50>
10004506:	4b21      	ldr	r3, [pc, #132]	@ (1000458c <low_priority_worker_irq+0x94>)
10004508:	681b      	ldr	r3, [r3, #0]
1000450a:	b1db      	cbz	r3, 10004544 <low_priority_worker_irq+0x4c>
1000450c:	f3ef 8210 	mrs	r2, PRIMASK
10004510:	b672      	cpsid	i
10004512:	e8d3 0fcf 	ldaexb	r0, [r3]
10004516:	2101      	movs	r1, #1
10004518:	2800      	cmp	r0, #0
1000451a:	d1fa      	bne.n	10004512 <low_priority_worker_irq+0x1a>
1000451c:	e8c3 1f40 	strexb	r0, r1, [r3]
10004520:	2800      	cmp	r0, #0
10004522:	d1f6      	bne.n	10004512 <low_priority_worker_irq+0x1a>
10004524:	f3bf 8f5f 	dmb	sy
10004528:	4918      	ldr	r1, [pc, #96]	@ (1000458c <low_priority_worker_irq+0x94>)
1000452a:	604a      	str	r2, [r1, #4]
1000452c:	4818      	ldr	r0, [pc, #96]	@ (10004590 <low_priority_worker_irq+0x98>)
1000452e:	7803      	ldrb	r3, [r0, #0]
10004530:	b2db      	uxtb	r3, r3
10004532:	2401      	movs	r4, #1
10004534:	7004      	strb	r4, [r0, #0]
10004536:	6808      	ldr	r0, [r1, #0]
10004538:	2100      	movs	r1, #0
1000453a:	e8c0 1f8f 	stlb	r1, [r0]
1000453e:	f382 8810 	msr	PRIMASK, r2
10004542:	b1bb      	cbz	r3, 10004574 <low_priority_worker_irq+0x7c>
10004544:	b002      	add	sp, #8
10004546:	bd10      	pop	{r4, pc}
10004548:	2100      	movs	r1, #0
1000454a:	f04f 30ff 	mov.w	r0, #4294967295
1000454e:	f001 f993 	bl	10005878 <tud_task_ext>
10004552:	2000      	movs	r0, #0
10004554:	f001 fc66 	bl	10005e24 <tud_cdc_n_available>
10004558:	4604      	mov	r4, r0
1000455a:	480b      	ldr	r0, [pc, #44]	@ (10004588 <low_priority_worker_irq+0x90>)
1000455c:	f003 fd58 	bl	10008010 <__mutex_exit_veneer>
10004560:	2c00      	cmp	r4, #0
10004562:	d0ef      	beq.n	10004544 <low_priority_worker_irq+0x4c>
10004564:	4b0b      	ldr	r3, [pc, #44]	@ (10004594 <low_priority_worker_irq+0x9c>)
10004566:	681b      	ldr	r3, [r3, #0]
10004568:	2b00      	cmp	r3, #0
1000456a:	d0eb      	beq.n	10004544 <low_priority_worker_irq+0x4c>
1000456c:	4a0a      	ldr	r2, [pc, #40]	@ (10004598 <low_priority_worker_irq+0xa0>)
1000456e:	6810      	ldr	r0, [r2, #0]
10004570:	4798      	blx	r3
10004572:	e7e7      	b.n	10004544 <low_priority_worker_irq+0x4c>
10004574:	9400      	str	r4, [sp, #0]
10004576:	460b      	mov	r3, r1
10004578:	4a08      	ldr	r2, [pc, #32]	@ (1000459c <low_priority_worker_irq+0xa4>)
1000457a:	f44f 707a 	mov.w	r0, #1000	@ 0x3e8
1000457e:	2100      	movs	r1, #0
10004580:	f7ff ffa7 	bl	100044d2 <add_alarm_in_us>
10004584:	e7de      	b.n	10004544 <low_priority_worker_irq+0x4c>
10004586:	bf00      	nop
10004588:	200021b8 	.word	0x200021b8
1000458c:	20002184 	.word	0x20002184
10004590:	200021d7 	.word	0x200021d7
10004594:	20001cd8 	.word	0x20001cd8
10004598:	20001cdc 	.word	0x20001cdc
1000459c:	10004419 	.word	0x10004419

100045a0 <stdio_usb_init>:
100045a0:	b510      	push	{r4, lr}
100045a2:	b082      	sub	sp, #8
100045a4:	f04f 4350 	mov.w	r3, #3489660928	@ 0xd0000000
100045a8:	681c      	ldr	r4, [r3, #0]
100045aa:	f7fd fd4d 	bl	10002048 <alarm_pool_get_default>
100045ae:	f7fd fe2f 	bl	10002210 <alarm_pool_core_num>
100045b2:	42a0      	cmp	r0, r4
100045b4:	d12d      	bne.n	10004612 <stdio_usb_init+0x72>
100045b6:	4b24      	ldr	r3, [pc, #144]	@ (10004648 <stdio_usb_init+0xa8>)
100045b8:	781b      	ldrb	r3, [r3, #0]
100045ba:	2100      	movs	r1, #0
100045bc:	4608      	mov	r0, r1
100045be:	f002 f8f9 	bl	100067b4 <tusb_rhport_init>
100045c2:	4b22      	ldr	r3, [pc, #136]	@ (1000464c <stdio_usb_init+0xac>)
100045c4:	681b      	ldr	r3, [r3, #0]
100045c6:	b353      	cbz	r3, 1000461e <stdio_usb_init+0x7e>
100045c8:	2001      	movs	r0, #1
100045ca:	f7fd fab5 	bl	10001b38 <user_irq_claim_unused>
100045ce:	b2c0      	uxtb	r0, r0
100045d0:	4c1f      	ldr	r4, [pc, #124]	@ (10004650 <stdio_usb_init+0xb0>)
100045d2:	7020      	strb	r0, [r4, #0]
100045d4:	491f      	ldr	r1, [pc, #124]	@ (10004654 <stdio_usb_init+0xb4>)
100045d6:	f7fd f8e9 	bl	100017ac <irq_set_exclusive_handler>
100045da:	2101      	movs	r1, #1
100045dc:	7820      	ldrb	r0, [r4, #0]
100045de:	f7fd f8bb 	bl	10001758 <irq_set_enabled>
100045e2:	200e      	movs	r0, #14
100045e4:	f7fd f8d6 	bl	10001794 <irq_has_shared_handler>
100045e8:	4604      	mov	r4, r0
100045ea:	b1e0      	cbz	r0, 10004626 <stdio_usb_init+0x86>
100045ec:	2001      	movs	r0, #1
100045ee:	f7fd f809 	bl	10001604 <spin_lock_claim_unused>
100045f2:	4601      	mov	r1, r0
100045f4:	4818      	ldr	r0, [pc, #96]	@ (10004658 <stdio_usb_init+0xb8>)
100045f6:	f7fd fafd 	bl	10001bf4 <critical_section_init_with_lock_num>
100045fa:	2200      	movs	r2, #0
100045fc:	4917      	ldr	r1, [pc, #92]	@ (1000465c <stdio_usb_init+0xbc>)
100045fe:	200e      	movs	r0, #14
10004600:	f7fd f904 	bl	1000180c <irq_add_shared_handler>
10004604:	2101      	movs	r1, #1
10004606:	4816      	ldr	r0, [pc, #88]	@ (10004660 <stdio_usb_init+0xc0>)
10004608:	f7ff fdf6 	bl	100041f8 <stdio_set_driver_enabled>
1000460c:	4620      	mov	r0, r4
1000460e:	b002      	add	sp, #8
10004610:	bd10      	pop	{r4, pc}
10004612:	4b14      	ldr	r3, [pc, #80]	@ (10004664 <stdio_usb_init+0xc4>)
10004614:	4a14      	ldr	r2, [pc, #80]	@ (10004668 <stdio_usb_init+0xc8>)
10004616:	21c6      	movs	r1, #198	@ 0xc6
10004618:	4814      	ldr	r0, [pc, #80]	@ (1000466c <stdio_usb_init+0xcc>)
1000461a:	f7ff fce1 	bl	10003fe0 <__assert_func>
1000461e:	480b      	ldr	r0, [pc, #44]	@ (1000464c <stdio_usb_init+0xac>)
10004620:	f7fd faa6 	bl	10001b70 <mutex_init>
10004624:	e7d0      	b.n	100045c8 <stdio_usb_init+0x28>
10004626:	4a0c      	ldr	r2, [pc, #48]	@ (10004658 <stdio_usb_init+0xb8>)
10004628:	2300      	movs	r3, #0
1000462a:	6013      	str	r3, [r2, #0]
1000462c:	6053      	str	r3, [r2, #4]
1000462e:	2201      	movs	r2, #1
10004630:	9200      	str	r2, [sp, #0]
10004632:	4a0f      	ldr	r2, [pc, #60]	@ (10004670 <stdio_usb_init+0xd0>)
10004634:	f44f 707a 	mov.w	r0, #1000	@ 0x3e8
10004638:	2100      	movs	r1, #0
1000463a:	f7ff ff4a 	bl	100044d2 <add_alarm_in_us>
1000463e:	43c4      	mvns	r4, r0
10004640:	0fe4      	lsrs	r4, r4, #31
10004642:	2c00      	cmp	r4, #0
10004644:	d0e2      	beq.n	1000460c <stdio_usb_init+0x6c>
10004646:	e7dd      	b.n	10004604 <stdio_usb_init+0x64>
10004648:	1000a3e0 	.word	0x1000a3e0
1000464c:	200021b8 	.word	0x200021b8
10004650:	200021d6 	.word	0x200021d6
10004654:	100044f9 	.word	0x100044f9
10004658:	20002184 	.word	0x20002184
1000465c:	10004489 	.word	0x10004489
10004660:	20000e7c 	.word	0x20000e7c
10004664:	100086fc 	.word	0x100086fc
10004668:	1000a08c 	.word	0x1000a08c
1000466c:	10008704 	.word	0x10008704
10004670:	10004419 	.word	0x10004419

10004674 <stdio_usb_connected>:
10004674:	b508      	push	{r3, lr}
10004676:	2000      	movs	r0, #0
10004678:	f001 fbba 	bl	10005df0 <tud_cdc_n_connected>
1000467c:	bd08      	pop	{r3, pc}
	...

10004680 <stdio_usb_in_chars>:
10004680:	b538      	push	{r3, r4, r5, lr}
10004682:	4604      	mov	r4, r0
10004684:	460d      	mov	r5, r1
10004686:	f7ff fff5 	bl	10004674 <stdio_usb_connected>
1000468a:	b390      	cbz	r0, 100046f2 <stdio_usb_in_chars+0x72>
1000468c:	2000      	movs	r0, #0
1000468e:	f001 fbc9 	bl	10005e24 <tud_cdc_n_available>
10004692:	b388      	cbz	r0, 100046f8 <stdio_usb_in_chars+0x78>
10004694:	f7fd ff02 	bl	1000249c <time_us_64>
10004698:	4a1a      	ldr	r2, [pc, #104]	@ (10004704 <stdio_usb_in_chars+0x84>)
1000469a:	1882      	adds	r2, r0, r2
1000469c:	f141 0300 	adc.w	r3, r1, #0
100046a0:	2b00      	cmp	r3, #0
100046a2:	db16      	blt.n	100046d2 <stdio_usb_in_chars+0x52>
100046a4:	4818      	ldr	r0, [pc, #96]	@ (10004708 <stdio_usb_in_chars+0x88>)
100046a6:	f003 fcbb 	bl	10008020 <__mutex_try_enter_block_until_veneer>
100046aa:	b340      	cbz	r0, 100046fe <stdio_usb_in_chars+0x7e>
100046ac:	f7ff ffe2 	bl	10004674 <stdio_usb_connected>
100046b0:	b118      	cbz	r0, 100046ba <stdio_usb_in_chars+0x3a>
100046b2:	2000      	movs	r0, #0
100046b4:	f001 fbb6 	bl	10005e24 <tud_cdc_n_available>
100046b8:	b980      	cbnz	r0, 100046dc <stdio_usb_in_chars+0x5c>
100046ba:	2100      	movs	r1, #0
100046bc:	f04f 30ff 	mov.w	r0, #4294967295
100046c0:	f001 f8da 	bl	10005878 <tud_task_ext>
100046c4:	f06f 0402 	mvn.w	r4, #2
100046c8:	480f      	ldr	r0, [pc, #60]	@ (10004708 <stdio_usb_in_chars+0x88>)
100046ca:	f003 fca1 	bl	10008010 <__mutex_exit_veneer>
100046ce:	4620      	mov	r0, r4
100046d0:	bd38      	pop	{r3, r4, r5, pc}
100046d2:	f04f 32ff 	mov.w	r2, #4294967295
100046d6:	f06f 4300 	mvn.w	r3, #2147483648	@ 0x80000000
100046da:	e7e3      	b.n	100046a4 <stdio_usb_in_chars+0x24>
100046dc:	462a      	mov	r2, r5
100046de:	4621      	mov	r1, r4
100046e0:	2000      	movs	r0, #0
100046e2:	f001 fbab 	bl	10005e3c <tud_cdc_n_read>
100046e6:	4604      	mov	r4, r0
100046e8:	2800      	cmp	r0, #0
100046ea:	d1ed      	bne.n	100046c8 <stdio_usb_in_chars+0x48>
100046ec:	f06f 0402 	mvn.w	r4, #2
100046f0:	e7ea      	b.n	100046c8 <stdio_usb_in_chars+0x48>
100046f2:	f06f 0402 	mvn.w	r4, #2
100046f6:	e7ea      	b.n	100046ce <stdio_usb_in_chars+0x4e>
100046f8:	f06f 0402 	mvn.w	r4, #2
100046fc:	e7e7      	b.n	100046ce <stdio_usb_in_chars+0x4e>
100046fe:	f06f 0402 	mvn.w	r4, #2
10004702:	e7e4      	b.n	100046ce <stdio_usb_in_chars+0x4e>
10004704:	000f4240 	.word	0x000f4240
10004708:	200021b8 	.word	0x200021b8

1000470c <stdio_usb_out_chars>:
1000470c:	b5f8      	push	{r3, r4, r5, r6, r7, lr}
1000470e:	4607      	mov	r7, r0
10004710:	460d      	mov	r5, r1
10004712:	f7fd fec3 	bl	1000249c <time_us_64>
10004716:	4a2e      	ldr	r2, [pc, #184]	@ (100047d0 <stdio_usb_out_chars+0xc4>)
10004718:	1882      	adds	r2, r0, r2
1000471a:	f141 0300 	adc.w	r3, r1, #0
1000471e:	2b00      	cmp	r3, #0
10004720:	db04      	blt.n	1000472c <stdio_usb_out_chars+0x20>
10004722:	482c      	ldr	r0, [pc, #176]	@ (100047d4 <stdio_usb_out_chars+0xc8>)
10004724:	f003 fc7c 	bl	10008020 <__mutex_try_enter_block_until_veneer>
10004728:	b928      	cbnz	r0, 10004736 <stdio_usb_out_chars+0x2a>
1000472a:	bdf8      	pop	{r3, r4, r5, r6, r7, pc}
1000472c:	f04f 32ff 	mov.w	r2, #4294967295
10004730:	f06f 4300 	mvn.w	r3, #2147483648	@ 0x80000000
10004734:	e7f5      	b.n	10004722 <stdio_usb_out_chars+0x16>
10004736:	f7ff ff9d 	bl	10004674 <stdio_usb_connected>
1000473a:	2800      	cmp	r0, #0
1000473c:	d145      	bne.n	100047ca <stdio_usb_out_chars+0xbe>
1000473e:	4b26      	ldr	r3, [pc, #152]	@ (100047d8 <stdio_usb_out_chars+0xcc>)
10004740:	2000      	movs	r0, #0
10004742:	2100      	movs	r1, #0
10004744:	e9c3 0100 	strd	r0, r1, [r3]
10004748:	4822      	ldr	r0, [pc, #136]	@ (100047d4 <stdio_usb_out_chars+0xc8>)
1000474a:	f003 fc61 	bl	10008010 <__mutex_exit_veneer>
1000474e:	e7ec      	b.n	1000472a <stdio_usb_out_chars+0x1e>
10004750:	2100      	movs	r1, #0
10004752:	f04f 30ff 	mov.w	r0, #4294967295
10004756:	f001 f88f 	bl	10005878 <tud_task_ext>
1000475a:	2000      	movs	r0, #0
1000475c:	f001 fb88 	bl	10005e70 <tud_cdc_n_write_flush>
10004760:	f7ff ff88 	bl	10004674 <stdio_usb_connected>
10004764:	2800      	cmp	r0, #0
10004766:	d0ef      	beq.n	10004748 <stdio_usb_out_chars+0x3c>
10004768:	2000      	movs	r0, #0
1000476a:	f001 fbff 	bl	10005f6c <tud_cdc_n_write_available>
1000476e:	b1f8      	cbz	r0, 100047b0 <stdio_usb_out_chars+0xa4>
10004770:	42ac      	cmp	r4, r5
10004772:	dae9      	bge.n	10004748 <stdio_usb_out_chars+0x3c>
10004774:	1b2e      	subs	r6, r5, r4
10004776:	2000      	movs	r0, #0
10004778:	f001 fbf8 	bl	10005f6c <tud_cdc_n_write_available>
1000477c:	4286      	cmp	r6, r0
1000477e:	dc00      	bgt.n	10004782 <stdio_usb_out_chars+0x76>
10004780:	4630      	mov	r0, r6
10004782:	2800      	cmp	r0, #0
10004784:	d0e4      	beq.n	10004750 <stdio_usb_out_chars+0x44>
10004786:	4602      	mov	r2, r0
10004788:	1939      	adds	r1, r7, r4
1000478a:	2000      	movs	r0, #0
1000478c:	f001 fbcc 	bl	10005f28 <tud_cdc_n_write>
10004790:	4606      	mov	r6, r0
10004792:	2100      	movs	r1, #0
10004794:	f04f 30ff 	mov.w	r0, #4294967295
10004798:	f001 f86e 	bl	10005878 <tud_task_ext>
1000479c:	2000      	movs	r0, #0
1000479e:	f001 fb67 	bl	10005e70 <tud_cdc_n_write_flush>
100047a2:	4434      	add	r4, r6
100047a4:	f7fd fe7a 	bl	1000249c <time_us_64>
100047a8:	4b0b      	ldr	r3, [pc, #44]	@ (100047d8 <stdio_usb_out_chars+0xcc>)
100047aa:	e9c3 0100 	strd	r0, r1, [r3]
100047ae:	e7df      	b.n	10004770 <stdio_usb_out_chars+0x64>
100047b0:	f7fd fe74 	bl	1000249c <time_us_64>
100047b4:	4a08      	ldr	r2, [pc, #32]	@ (100047d8 <stdio_usb_out_chars+0xcc>)
100047b6:	6813      	ldr	r3, [r2, #0]
100047b8:	6852      	ldr	r2, [r2, #4]
100047ba:	4e08      	ldr	r6, [pc, #32]	@ (100047dc <stdio_usb_out_chars+0xd0>)
100047bc:	199b      	adds	r3, r3, r6
100047be:	f142 0200 	adc.w	r2, r2, #0
100047c2:	4283      	cmp	r3, r0
100047c4:	418a      	sbcs	r2, r1
100047c6:	d2d3      	bcs.n	10004770 <stdio_usb_out_chars+0x64>
100047c8:	e7be      	b.n	10004748 <stdio_usb_out_chars+0x3c>
100047ca:	2400      	movs	r4, #0
100047cc:	e7d0      	b.n	10004770 <stdio_usb_out_chars+0x64>
100047ce:	bf00      	nop
100047d0:	000f4240 	.word	0x000f4240
100047d4:	200021b8 	.word	0x200021b8
100047d8:	200015a8 	.word	0x200015a8
100047dc:	0007a120 	.word	0x0007a120

100047e0 <tud_descriptor_device_cb>:
100047e0:	4800      	ldr	r0, [pc, #0]	@ (100047e4 <tud_descriptor_device_cb+0x4>)
100047e2:	4770      	bx	lr
100047e4:	1000a108 	.word	0x1000a108

100047e8 <tud_descriptor_configuration_cb>:
100047e8:	4800      	ldr	r0, [pc, #0]	@ (100047ec <tud_descriptor_configuration_cb+0x4>)
100047ea:	4770      	bx	lr
100047ec:	1000a0b4 	.word	0x1000a0b4

100047f0 <tud_descriptor_string_cb>:
100047f0:	b510      	push	{r4, lr}
100047f2:	4604      	mov	r4, r0
100047f4:	4b14      	ldr	r3, [pc, #80]	@ (10004848 <tud_descriptor_string_cb+0x58>)
100047f6:	781b      	ldrb	r3, [r3, #0]
100047f8:	b16b      	cbz	r3, 10004816 <tud_descriptor_string_cb+0x26>
100047fa:	b98c      	cbnz	r4, 10004820 <tud_descriptor_string_cb+0x30>
100047fc:	4b13      	ldr	r3, [pc, #76]	@ (1000484c <tud_descriptor_string_cb+0x5c>)
100047fe:	f240 4209 	movw	r2, #1033	@ 0x409
10004802:	805a      	strh	r2, [r3, #2]
10004804:	2301      	movs	r3, #1
10004806:	3301      	adds	r3, #1
10004808:	005b      	lsls	r3, r3, #1
1000480a:	b29b      	uxth	r3, r3
1000480c:	480f      	ldr	r0, [pc, #60]	@ (1000484c <tud_descriptor_string_cb+0x5c>)
1000480e:	f443 7340 	orr.w	r3, r3, #768	@ 0x300
10004812:	8003      	strh	r3, [r0, #0]
10004814:	bd10      	pop	{r4, pc}
10004816:	2111      	movs	r1, #17
10004818:	480b      	ldr	r0, [pc, #44]	@ (10004848 <tud_descriptor_string_cb+0x58>)
1000481a:	f000 f847 	bl	100048ac <pico_get_unique_board_id_string>
1000481e:	e7ec      	b.n	100047fa <tud_descriptor_string_cb+0xa>
10004820:	2c05      	cmp	r4, #5
10004822:	d80e      	bhi.n	10004842 <tud_descriptor_string_cb+0x52>
10004824:	4b0a      	ldr	r3, [pc, #40]	@ (10004850 <tud_descriptor_string_cb+0x60>)
10004826:	f853 0024 	ldr.w	r0, [r3, r4, lsl #2]
1000482a:	2300      	movs	r3, #0
1000482c:	2b12      	cmp	r3, #18
1000482e:	d8ea      	bhi.n	10004806 <tud_descriptor_string_cb+0x16>
10004830:	5cc2      	ldrb	r2, [r0, r3]
10004832:	2a00      	cmp	r2, #0
10004834:	d0e7      	beq.n	10004806 <tud_descriptor_string_cb+0x16>
10004836:	3301      	adds	r3, #1
10004838:	4904      	ldr	r1, [pc, #16]	@ (1000484c <tud_descriptor_string_cb+0x5c>)
1000483a:	f821 2013 	strh.w	r2, [r1, r3, lsl #1]
1000483e:	b2db      	uxtb	r3, r3
10004840:	e7f4      	b.n	1000482c <tud_descriptor_string_cb+0x3c>
10004842:	2000      	movs	r0, #0
10004844:	e7e6      	b.n	10004814 <tud_descriptor_string_cb+0x24>
10004846:	bf00      	nop
10004848:	200021c0 	.word	0x200021c0
1000484c:	20001d10 	.word	0x20001d10
10004850:	1000a09c 	.word	0x1000a09c

10004854 <_retrieve_unique_id_on_boot>:
10004854:	b500      	push	{lr}
10004856:	b08b      	sub	sp, #44	@ 0x2c
10004858:	f245 3047 	movw	r0, #21319	@ 0x5347
1000485c:	f7fd ffb0 	bl	100027c0 <rom_func_lookup>
10004860:	4603      	mov	r3, r0
10004862:	2201      	movs	r2, #1
10004864:	2109      	movs	r1, #9
10004866:	a801      	add	r0, sp, #4
10004868:	4798      	blx	r3
1000486a:	2804      	cmp	r0, #4
1000486c:	d101      	bne.n	10004872 <_retrieve_unique_id_on_boot+0x1e>
1000486e:	2300      	movs	r3, #0
10004870:	e00e      	b.n	10004890 <_retrieve_unique_id_on_boot+0x3c>
10004872:	4b0a      	ldr	r3, [pc, #40]	@ (1000489c <_retrieve_unique_id_on_boot+0x48>)
10004874:	4a0a      	ldr	r2, [pc, #40]	@ (100048a0 <_retrieve_unique_id_on_boot+0x4c>)
10004876:	212f      	movs	r1, #47	@ 0x2f
10004878:	480a      	ldr	r0, [pc, #40]	@ (100048a4 <_retrieve_unique_id_on_boot+0x50>)
1000487a:	f7ff fbb1 	bl	10003fe0 <__assert_func>
1000487e:	f1c3 020f 	rsb	r2, r3, #15
10004882:	3228      	adds	r2, #40	@ 0x28
10004884:	446a      	add	r2, sp
10004886:	f812 1c24 	ldrb.w	r1, [r2, #-36]
1000488a:	4a07      	ldr	r2, [pc, #28]	@ (100048a8 <_retrieve_unique_id_on_boot+0x54>)
1000488c:	54d1      	strb	r1, [r2, r3]
1000488e:	3301      	adds	r3, #1
10004890:	2b07      	cmp	r3, #7
10004892:	ddf4      	ble.n	1000487e <_retrieve_unique_id_on_boot+0x2a>
10004894:	b00b      	add	sp, #44	@ 0x2c
10004896:	f85d fb04 	ldr.w	pc, [sp], #4
1000489a:	bf00      	nop
1000489c:	10008794 	.word	0x10008794
100048a0:	1000a13c 	.word	0x1000a13c
100048a4:	1000879c 	.word	0x1000879c
100048a8:	200021ac 	.word	0x200021ac

100048ac <pico_get_unique_board_id_string>:
100048ac:	b508      	push	{r3, lr}
100048ae:	b111      	cbz	r1, 100048b6 <pico_get_unique_board_id_string+0xa>
100048b0:	468c      	mov	ip, r1
100048b2:	2200      	movs	r2, #0
100048b4:	e008      	b.n	100048c8 <pico_get_unique_board_id_string+0x1c>
100048b6:	4b10      	ldr	r3, [pc, #64]	@ (100048f8 <pico_get_unique_board_id_string+0x4c>)
100048b8:	4a10      	ldr	r2, [pc, #64]	@ (100048fc <pico_get_unique_board_id_string+0x50>)
100048ba:	213b      	movs	r1, #59	@ 0x3b
100048bc:	4810      	ldr	r0, [pc, #64]	@ (10004900 <pico_get_unique_board_id_string+0x54>)
100048be:	f7ff fb8f 	bl	10003fe0 <__assert_func>
100048c2:	3337      	adds	r3, #55	@ 0x37
100048c4:	5483      	strb	r3, [r0, r2]
100048c6:	3201      	adds	r2, #1
100048c8:	f10c 33ff 	add.w	r3, ip, #4294967295
100048cc:	4293      	cmp	r3, r2
100048ce:	d90f      	bls.n	100048f0 <pico_get_unique_board_id_string+0x44>
100048d0:	2a0f      	cmp	r2, #15
100048d2:	d80d      	bhi.n	100048f0 <pico_get_unique_board_id_string+0x44>
100048d4:	0853      	lsrs	r3, r2, #1
100048d6:	490b      	ldr	r1, [pc, #44]	@ (10004904 <pico_get_unique_board_id_string+0x58>)
100048d8:	5ccb      	ldrb	r3, [r1, r3]
100048da:	43d1      	mvns	r1, r2
100048dc:	f001 0101 	and.w	r1, r1, #1
100048e0:	0089      	lsls	r1, r1, #2
100048e2:	410b      	asrs	r3, r1
100048e4:	f003 030f 	and.w	r3, r3, #15
100048e8:	2b09      	cmp	r3, #9
100048ea:	dcea      	bgt.n	100048c2 <pico_get_unique_board_id_string+0x16>
100048ec:	3330      	adds	r3, #48	@ 0x30
100048ee:	e7e9      	b.n	100048c4 <pico_get_unique_board_id_string+0x18>
100048f0:	2300      	movs	r3, #0
100048f2:	5483      	strb	r3, [r0, r2]
100048f4:	bd08      	pop	{r3, pc}
100048f6:	bf00      	nop
100048f8:	100087ec 	.word	0x100087ec
100048fc:	1000a11c 	.word	0x1000a11c
10004900:	1000879c 	.word	0x1000879c
10004904:	200021ac 	.word	0x200021ac

10004908 <hw_endpoint_init>:
10004908:	b430      	push	{r4, r5}
1000490a:	f000 057f 	and.w	r5, r0, #127	@ 0x7f
1000490e:	09c3      	lsrs	r3, r0, #7
10004910:	ea4f 0c45 	mov.w	ip, r5, lsl #1
10004914:	eb0c 1cd0 	add.w	ip, ip, r0, lsr #7
10004918:	4c24      	ldr	r4, [pc, #144]	@ (100049ac <hw_endpoint_init+0xa4>)
1000491a:	eb04 1c4c 	add.w	ip, r4, ip, lsl #5
1000491e:	f88c 0002 	strb.w	r0, [ip, #2]
10004922:	f083 0001 	eor.w	r0, r3, #1
10004926:	f88c 0001 	strb.w	r0, [ip, #1]
1000492a:	2000      	movs	r0, #0
1000492c:	f88c 0003 	strb.w	r0, [ip, #3]
10004930:	f8ac 1018 	strh.w	r1, [ip, #24]
10004934:	f88c 201b 	strb.w	r2, [ip, #27]
10004938:	b9db      	cbnz	r3, 10004972 <hw_endpoint_init+0x6a>
1000493a:	00ea      	lsls	r2, r5, #3
1000493c:	491c      	ldr	r1, [pc, #112]	@ (100049b0 <hw_endpoint_init+0xa8>)
1000493e:	4411      	add	r1, r2
10004940:	eb03 0045 	add.w	r0, r3, r5, lsl #1
10004944:	4a19      	ldr	r2, [pc, #100]	@ (100049ac <hw_endpoint_init+0xa4>)
10004946:	eb02 1240 	add.w	r2, r2, r0, lsl #5
1000494a:	6091      	str	r1, [r2, #8]
1000494c:	eb03 0145 	add.w	r1, r3, r5, lsl #1
10004950:	4a16      	ldr	r2, [pc, #88]	@ (100049ac <hw_endpoint_init+0xa4>)
10004952:	eb02 1241 	add.w	r2, r2, r1, lsl #5
10004956:	6892      	ldr	r2, [r2, #8]
10004958:	2100      	movs	r1, #0
1000495a:	6011      	str	r1, [r2, #0]
1000495c:	b97d      	cbnz	r5, 1000497e <hw_endpoint_init+0x76>
1000495e:	eb03 0245 	add.w	r2, r3, r5, lsl #1
10004962:	4b12      	ldr	r3, [pc, #72]	@ (100049ac <hw_endpoint_init+0xa4>)
10004964:	eb03 1342 	add.w	r3, r3, r2, lsl #5
10004968:	6059      	str	r1, [r3, #4]
1000496a:	4a12      	ldr	r2, [pc, #72]	@ (100049b4 <hw_endpoint_init+0xac>)
1000496c:	60da      	str	r2, [r3, #12]
1000496e:	bc30      	pop	{r4, r5}
10004970:	4770      	bx	lr
10004972:	4911      	ldr	r1, [pc, #68]	@ (100049b8 <hw_endpoint_init+0xb0>)
10004974:	eb01 01c5 	add.w	r1, r1, r5, lsl #3
10004978:	f8cc 1008 	str.w	r1, [ip, #8]
1000497c:	e7e6      	b.n	1000494c <hw_endpoint_init+0x44>
1000497e:	b953      	cbnz	r3, 10004996 <hw_endpoint_init+0x8e>
10004980:	1e6a      	subs	r2, r5, #1
10004982:	00d2      	lsls	r2, r2, #3
10004984:	490d      	ldr	r1, [pc, #52]	@ (100049bc <hw_endpoint_init+0xb4>)
10004986:	4411      	add	r1, r2
10004988:	eb03 0345 	add.w	r3, r3, r5, lsl #1
1000498c:	4a07      	ldr	r2, [pc, #28]	@ (100049ac <hw_endpoint_init+0xa4>)
1000498e:	eb02 1343 	add.w	r3, r2, r3, lsl #5
10004992:	6059      	str	r1, [r3, #4]
10004994:	e7eb      	b.n	1000496e <hw_endpoint_init+0x66>
10004996:	1e69      	subs	r1, r5, #1
10004998:	4a09      	ldr	r2, [pc, #36]	@ (100049c0 <hw_endpoint_init+0xb8>)
1000499a:	eb02 02c1 	add.w	r2, r2, r1, lsl #3
1000499e:	eb03 0145 	add.w	r1, r3, r5, lsl #1
100049a2:	4b02      	ldr	r3, [pc, #8]	@ (100049ac <hw_endpoint_init+0xa4>)
100049a4:	eb03 1341 	add.w	r3, r3, r1, lsl #5
100049a8:	605a      	str	r2, [r3, #4]
100049aa:	e7e0      	b.n	1000496e <hw_endpoint_init+0x66>
100049ac:	20001d64 	.word	0x20001d64
100049b0:	50100084 	.word	0x50100084
100049b4:	50100100 	.word	0x50100100
100049b8:	50100080 	.word	0x50100080
100049bc:	5010000c 	.word	0x5010000c
100049c0:	50100008 	.word	0x50100008

100049c4 <hw_endpoint_alloc>:
100049c4:	b508      	push	{r3, lr}
100049c6:	8b03      	ldrh	r3, [r0, #24]
100049c8:	333f      	adds	r3, #63	@ 0x3f
100049ca:	f023 033f 	bic.w	r3, r3, #63	@ 0x3f
100049ce:	7ec2      	ldrb	r2, [r0, #27]
100049d0:	2a02      	cmp	r2, #2
100049d2:	d008      	beq.n	100049e6 <hw_endpoint_alloc+0x22>
100049d4:	4908      	ldr	r1, [pc, #32]	@ (100049f8 <hw_endpoint_alloc+0x34>)
100049d6:	680a      	ldr	r2, [r1, #0]
100049d8:	60c2      	str	r2, [r0, #12]
100049da:	4413      	add	r3, r2
100049dc:	600b      	str	r3, [r1, #0]
100049de:	4a07      	ldr	r2, [pc, #28]	@ (100049fc <hw_endpoint_alloc+0x38>)
100049e0:	4293      	cmp	r3, r2
100049e2:	d802      	bhi.n	100049ea <hw_endpoint_alloc+0x26>
100049e4:	bd08      	pop	{r3, pc}
100049e6:	005b      	lsls	r3, r3, #1
100049e8:	e7f4      	b.n	100049d4 <hw_endpoint_alloc+0x10>
100049ea:	4b05      	ldr	r3, [pc, #20]	@ (10004a00 <hw_endpoint_alloc+0x3c>)
100049ec:	4a05      	ldr	r2, [pc, #20]	@ (10004a04 <hw_endpoint_alloc+0x40>)
100049ee:	2152      	movs	r1, #82	@ 0x52
100049f0:	4805      	ldr	r0, [pc, #20]	@ (10004a08 <hw_endpoint_alloc+0x44>)
100049f2:	f7ff faf5 	bl	10003fe0 <__assert_func>
100049f6:	bf00      	nop
100049f8:	20002168 	.word	0x20002168
100049fc:	50100fff 	.word	0x50100fff
10004a00:	100087f4 	.word	0x100087f4
10004a04:	1000a188 	.word	0x1000a188
10004a08:	10008838 	.word	0x10008838

10004a0c <hw_endpoint_open>:
10004a0c:	b570      	push	{r4, r5, r6, lr}
10004a0e:	f000 057f 	and.w	r5, r0, #127	@ 0x7f
10004a12:	ea4f 0c45 	mov.w	ip, r5, lsl #1
10004a16:	eb0c 13d0 	add.w	r3, ip, r0, lsr #7
10004a1a:	4c0c      	ldr	r4, [pc, #48]	@ (10004a4c <hw_endpoint_open+0x40>)
10004a1c:	eb04 1443 	add.w	r4, r4, r3, lsl #5
10004a20:	f7ff ff72 	bl	10004908 <hw_endpoint_init>
10004a24:	b905      	cbnz	r5, 10004a28 <hw_endpoint_open+0x1c>
10004a26:	bd70      	pop	{r4, r5, r6, pc}
10004a28:	8b21      	ldrh	r1, [r4, #24]
10004a2a:	4620      	mov	r0, r4
10004a2c:	f7ff ffca 	bl	100049c4 <hw_endpoint_alloc>
10004a30:	7ee2      	ldrb	r2, [r4, #27]
10004a32:	68e3      	ldr	r3, [r4, #12]
10004a34:	f083 43a0 	eor.w	r3, r3, #1342177280	@ 0x50000000
10004a38:	f483 1380 	eor.w	r3, r3, #1048576	@ 0x100000
10004a3c:	ea43 6382 	orr.w	r3, r3, r2, lsl #26
10004a40:	f043 4300 	orr.w	r3, r3, #2147483648	@ 0x80000000
10004a44:	6862      	ldr	r2, [r4, #4]
10004a46:	6013      	str	r3, [r2, #0]
10004a48:	e7ed      	b.n	10004a26 <hw_endpoint_open+0x1a>
10004a4a:	bf00      	nop
10004a4c:	20001d64 	.word	0x20001d64

10004a50 <hw_endpoint_xfer>:
10004a50:	b508      	push	{r3, lr}
10004a52:	f000 037f 	and.w	r3, r0, #127	@ 0x7f
10004a56:	005b      	lsls	r3, r3, #1
10004a58:	eb03 10d0 	add.w	r0, r3, r0, lsr #7
10004a5c:	4b02      	ldr	r3, [pc, #8]	@ (10004a68 <hw_endpoint_xfer+0x18>)
10004a5e:	eb03 1040 	add.w	r0, r3, r0, lsl #5
10004a62:	f000 f91b 	bl	10004c9c <hw_endpoint_xfer_start>
10004a66:	bd08      	pop	{r3, pc}
10004a68:	20001d64 	.word	0x20001d64

10004a6c <dcd_int_enable>:
10004a6c:	b508      	push	{r3, lr}
10004a6e:	b920      	cbnz	r0, 10004a7a <dcd_int_enable+0xe>
10004a70:	2101      	movs	r1, #1
10004a72:	200e      	movs	r0, #14
10004a74:	f7fc fe70 	bl	10001758 <irq_set_enabled>
10004a78:	bd08      	pop	{r3, pc}
10004a7a:	4b03      	ldr	r3, [pc, #12]	@ (10004a88 <dcd_int_enable+0x1c>)
10004a7c:	4a03      	ldr	r2, [pc, #12]	@ (10004a8c <dcd_int_enable+0x20>)
10004a7e:	f240 1197 	movw	r1, #407	@ 0x197
10004a82:	4803      	ldr	r0, [pc, #12]	@ (10004a90 <dcd_int_enable+0x24>)
10004a84:	f7ff faac 	bl	10003fe0 <__assert_func>
10004a88:	100088a8 	.word	0x100088a8
10004a8c:	1000a178 	.word	0x1000a178
10004a90:	10008838 	.word	0x10008838

10004a94 <dcd_set_address>:
10004a94:	b508      	push	{r3, lr}
10004a96:	b928      	cbnz	r0, 10004aa4 <dcd_set_address+0x10>
10004a98:	2200      	movs	r2, #0
10004a9a:	4611      	mov	r1, r2
10004a9c:	2080      	movs	r0, #128	@ 0x80
10004a9e:	f7ff ffd7 	bl	10004a50 <hw_endpoint_xfer>
10004aa2:	bd08      	pop	{r3, pc}
10004aa4:	4b03      	ldr	r3, [pc, #12]	@ (10004ab4 <dcd_set_address+0x20>)
10004aa6:	4a04      	ldr	r2, [pc, #16]	@ (10004ab8 <dcd_set_address+0x24>)
10004aa8:	f240 11a1 	movw	r1, #417	@ 0x1a1
10004aac:	4803      	ldr	r0, [pc, #12]	@ (10004abc <dcd_set_address+0x28>)
10004aae:	f7ff fa97 	bl	10003fe0 <__assert_func>
10004ab2:	bf00      	nop
10004ab4:	100088a8 	.word	0x100088a8
10004ab8:	1000a168 	.word	0x1000a168
10004abc:	10008838 	.word	0x10008838

10004ac0 <dcd_connect>:
10004ac0:	4b02      	ldr	r3, [pc, #8]	@ (10004acc <dcd_connect+0xc>)
10004ac2:	f44f 3280 	mov.w	r2, #65536	@ 0x10000
10004ac6:	64da      	str	r2, [r3, #76]	@ 0x4c
10004ac8:	4770      	bx	lr
10004aca:	bf00      	nop
10004acc:	50112000 	.word	0x50112000

10004ad0 <dcd_init>:
10004ad0:	b570      	push	{r4, r5, r6, lr}
10004ad2:	bb48      	cbnz	r0, 10004b28 <dcd_init+0x58>
10004ad4:	4606      	mov	r6, r0
10004ad6:	f000 f8c1 	bl	10004c5c <rp2040_usb_init>
10004ada:	4c17      	ldr	r4, [pc, #92]	@ (10004b38 <dcd_init+0x68>)
10004adc:	230c      	movs	r3, #12
10004ade:	67a3      	str	r3, [r4, #120]	@ 0x78
10004ae0:	22ff      	movs	r2, #255	@ 0xff
10004ae2:	4916      	ldr	r1, [pc, #88]	@ (10004b3c <dcd_init+0x6c>)
10004ae4:	200e      	movs	r0, #14
10004ae6:	f7fc fe91 	bl	1000180c <irq_add_shared_handler>
10004aea:	2540      	movs	r5, #64	@ 0x40
10004aec:	462a      	mov	r2, r5
10004aee:	2100      	movs	r1, #0
10004af0:	4813      	ldr	r0, [pc, #76]	@ (10004b40 <dcd_init+0x70>)
10004af2:	f003 f801 	bl	10007af8 <memset>
10004af6:	2200      	movs	r2, #0
10004af8:	4629      	mov	r1, r5
10004afa:	4610      	mov	r0, r2
10004afc:	f7ff ff86 	bl	10004a0c <hw_endpoint_open>
10004b00:	2200      	movs	r2, #0
10004b02:	4629      	mov	r1, r5
10004b04:	2080      	movs	r0, #128	@ 0x80
10004b06:	f7ff ff81 	bl	10004a0c <hw_endpoint_open>
10004b0a:	f003 fa71 	bl	10007ff0 <__reset_non_control_endpoints_veneer>
10004b0e:	2501      	movs	r5, #1
10004b10:	6425      	str	r5, [r4, #64]	@ 0x40
10004b12:	f04f 5300 	mov.w	r3, #536870912	@ 0x20000000
10004b16:	64e3      	str	r3, [r4, #76]	@ 0x4c
10004b18:	4b0a      	ldr	r3, [pc, #40]	@ (10004b44 <dcd_init+0x74>)
10004b1a:	f8c4 3090 	str.w	r3, [r4, #144]	@ 0x90
10004b1e:	4630      	mov	r0, r6
10004b20:	f7ff ffce 	bl	10004ac0 <dcd_connect>
10004b24:	4628      	mov	r0, r5
10004b26:	bd70      	pop	{r4, r5, r6, pc}
10004b28:	4b07      	ldr	r3, [pc, #28]	@ (10004b48 <dcd_init+0x78>)
10004b2a:	4a08      	ldr	r2, [pc, #32]	@ (10004b4c <dcd_init+0x7c>)
10004b2c:	f240 1163 	movw	r1, #355	@ 0x163
10004b30:	4807      	ldr	r0, [pc, #28]	@ (10004b50 <dcd_init+0x80>)
10004b32:	f7ff fa55 	bl	10003fe0 <__assert_func>
10004b36:	bf00      	nop
10004b38:	50110000 	.word	0x50110000
10004b3c:	20000399 	.word	0x20000399
10004b40:	20001d64 	.word	0x20001d64
10004b44:	0001d010 	.word	0x0001d010
10004b48:	100088a8 	.word	0x100088a8
10004b4c:	1000a19c 	.word	0x1000a19c
10004b50:	10008838 	.word	0x10008838

10004b54 <dcd_sof_enable>:
10004b54:	4b04      	ldr	r3, [pc, #16]	@ (10004b68 <dcd_sof_enable+0x14>)
10004b56:	7019      	strb	r1, [r3, #0]
10004b58:	b121      	cbz	r1, 10004b64 <dcd_sof_enable+0x10>
10004b5a:	4b04      	ldr	r3, [pc, #16]	@ (10004b6c <dcd_sof_enable+0x18>)
10004b5c:	f44f 3200 	mov.w	r2, #131072	@ 0x20000
10004b60:	f8c3 2090 	str.w	r2, [r3, #144]	@ 0x90
10004b64:	4770      	bx	lr
10004b66:	bf00      	nop
10004b68:	200021d2 	.word	0x200021d2
10004b6c:	50112000 	.word	0x50112000

10004b70 <dcd_edpt0_status_complete>:
10004b70:	780b      	ldrb	r3, [r1, #0]
10004b72:	f013 0f7f 	tst.w	r3, #127	@ 0x7f
10004b76:	d102      	bne.n	10004b7e <dcd_edpt0_status_complete+0xe>
10004b78:	784b      	ldrb	r3, [r1, #1]
10004b7a:	2b05      	cmp	r3, #5
10004b7c:	d000      	beq.n	10004b80 <dcd_edpt0_status_complete+0x10>
10004b7e:	4770      	bx	lr
10004b80:	884b      	ldrh	r3, [r1, #2]
10004b82:	b2db      	uxtb	r3, r3
10004b84:	4a01      	ldr	r2, [pc, #4]	@ (10004b8c <dcd_edpt0_status_complete+0x1c>)
10004b86:	6013      	str	r3, [r2, #0]
10004b88:	e7f9      	b.n	10004b7e <dcd_edpt0_status_complete+0xe>
10004b8a:	bf00      	nop
10004b8c:	50110000 	.word	0x50110000

10004b90 <dcd_edpt_open>:
10004b90:	78ca      	ldrb	r2, [r1, #3]
10004b92:	f002 0203 	and.w	r2, r2, #3
10004b96:	2a01      	cmp	r2, #1
10004b98:	d009      	beq.n	10004bae <dcd_edpt_open+0x1e>
10004b9a:	b508      	push	{r3, lr}
10004b9c:	460b      	mov	r3, r1
10004b9e:	8889      	ldrh	r1, [r1, #4]
10004ba0:	f3c1 010a 	ubfx	r1, r1, #0, #11
10004ba4:	7898      	ldrb	r0, [r3, #2]
10004ba6:	f7ff ff31 	bl	10004a0c <hw_endpoint_open>
10004baa:	2001      	movs	r0, #1
10004bac:	bd08      	pop	{r3, pc}
10004bae:	2000      	movs	r0, #0
10004bb0:	4770      	bx	lr

10004bb2 <dcd_edpt_close_all>:
10004bb2:	b508      	push	{r3, lr}
10004bb4:	f003 fa1c 	bl	10007ff0 <__reset_non_control_endpoints_veneer>
10004bb8:	bd08      	pop	{r3, pc}
	...

10004bbc <dcd_edpt_xfer>:
10004bbc:	b510      	push	{r4, lr}
10004bbe:	b930      	cbnz	r0, 10004bce <dcd_edpt_xfer+0x12>
10004bc0:	4608      	mov	r0, r1
10004bc2:	4611      	mov	r1, r2
10004bc4:	461a      	mov	r2, r3
10004bc6:	f7ff ff43 	bl	10004a50 <hw_endpoint_xfer>
10004bca:	2001      	movs	r0, #1
10004bcc:	bd10      	pop	{r4, pc}
10004bce:	4b03      	ldr	r3, [pc, #12]	@ (10004bdc <dcd_edpt_xfer+0x20>)
10004bd0:	4a03      	ldr	r2, [pc, #12]	@ (10004be0 <dcd_edpt_xfer+0x24>)
10004bd2:	f44f 7101 	mov.w	r1, #516	@ 0x204
10004bd6:	4803      	ldr	r0, [pc, #12]	@ (10004be4 <dcd_edpt_xfer+0x28>)
10004bd8:	f7ff fa02 	bl	10003fe0 <__assert_func>
10004bdc:	100088a8 	.word	0x100088a8
10004be0:	1000a158 	.word	0x1000a158
10004be4:	10008838 	.word	0x10008838

10004be8 <dcd_edpt_stall>:
10004be8:	b508      	push	{r3, lr}
10004bea:	f011 037f 	ands.w	r3, r1, #127	@ 0x7f
10004bee:	d104      	bne.n	10004bfa <dcd_edpt_stall+0x12>
10004bf0:	09ca      	lsrs	r2, r1, #7
10004bf2:	d10e      	bne.n	10004c12 <dcd_edpt_stall+0x2a>
10004bf4:	2002      	movs	r0, #2
10004bf6:	4a08      	ldr	r2, [pc, #32]	@ (10004c18 <dcd_edpt_stall+0x30>)
10004bf8:	6690      	str	r0, [r2, #104]	@ 0x68
10004bfa:	005b      	lsls	r3, r3, #1
10004bfc:	eb03 13d1 	add.w	r3, r3, r1, lsr #7
10004c00:	f44f 6200 	mov.w	r2, #2048	@ 0x800
10004c04:	2100      	movs	r1, #0
10004c06:	4805      	ldr	r0, [pc, #20]	@ (10004c1c <dcd_edpt_stall+0x34>)
10004c08:	eb00 1043 	add.w	r0, r0, r3, lsl #5
10004c0c:	f003 fa04 	bl	10008018 <___hw_endpoint_buffer_control_update32_veneer>
10004c10:	bd08      	pop	{r3, pc}
10004c12:	2001      	movs	r0, #1
10004c14:	e7ef      	b.n	10004bf6 <dcd_edpt_stall+0xe>
10004c16:	bf00      	nop
10004c18:	50112000 	.word	0x50112000
10004c1c:	20001d64 	.word	0x20001d64

10004c20 <dcd_edpt_clear_stall>:
10004c20:	b508      	push	{r3, lr}
10004c22:	f011 037f 	ands.w	r3, r1, #127	@ 0x7f
10004c26:	d100      	bne.n	10004c2a <dcd_edpt_clear_stall+0xa>
10004c28:	bd08      	pop	{r3, pc}
10004c2a:	005b      	lsls	r3, r3, #1
10004c2c:	eb03 13d1 	add.w	r3, r3, r1, lsr #7
10004c30:	4804      	ldr	r0, [pc, #16]	@ (10004c44 <dcd_edpt_clear_stall+0x24>)
10004c32:	eb00 1043 	add.w	r0, r0, r3, lsl #5
10004c36:	2200      	movs	r2, #0
10004c38:	70c2      	strb	r2, [r0, #3]
10004c3a:	f46f 6100 	mvn.w	r1, #2048	@ 0x800
10004c3e:	f003 f9eb 	bl	10008018 <___hw_endpoint_buffer_control_update32_veneer>
10004c42:	e7f1      	b.n	10004c28 <dcd_edpt_clear_stall+0x8>
10004c44:	20001d64 	.word	0x20001d64

10004c48 <unaligned_memcpy>:
10004c48:	e004      	b.n	10004c54 <unaligned_memcpy+0xc>
10004c4a:	f811 2b01 	ldrb.w	r2, [r1], #1
10004c4e:	f800 2b01 	strb.w	r2, [r0], #1
10004c52:	461a      	mov	r2, r3
10004c54:	1e53      	subs	r3, r2, #1
10004c56:	2a00      	cmp	r2, #0
10004c58:	d1f7      	bne.n	10004c4a <unaligned_memcpy+0x2>
10004c5a:	4770      	bx	lr

10004c5c <rp2040_usb_init>:
10004c5c:	b508      	push	{r3, lr}
10004c5e:	f04f 5380 	mov.w	r3, #268435456	@ 0x10000000
10004c62:	4a0a      	ldr	r2, [pc, #40]	@ (10004c8c <rp2040_usb_init+0x30>)
10004c64:	6013      	str	r3, [r2, #0]
10004c66:	f502 5280 	add.w	r2, r2, #4096	@ 0x1000
10004c6a:	6013      	str	r3, [r2, #0]
10004c6c:	4b08      	ldr	r3, [pc, #32]	@ (10004c90 <rp2040_usb_init+0x34>)
10004c6e:	689b      	ldr	r3, [r3, #8]
10004c70:	f013 5f80 	tst.w	r3, #268435456	@ 0x10000000
10004c74:	d0fa      	beq.n	10004c6c <rp2040_usb_init+0x10>
10004c76:	f44f 5280 	mov.w	r2, #4096	@ 0x1000
10004c7a:	2100      	movs	r1, #0
10004c7c:	4805      	ldr	r0, [pc, #20]	@ (10004c94 <rp2040_usb_init+0x38>)
10004c7e:	f002 ff3b 	bl	10007af8 <memset>
10004c82:	4b05      	ldr	r3, [pc, #20]	@ (10004c98 <rp2040_usb_init+0x3c>)
10004c84:	2209      	movs	r2, #9
10004c86:	675a      	str	r2, [r3, #116]	@ 0x74
10004c88:	bd08      	pop	{r3, pc}
10004c8a:	bf00      	nop
10004c8c:	40022000 	.word	0x40022000
10004c90:	40020000 	.word	0x40020000
10004c94:	50100000 	.word	0x50100000
10004c98:	50110000 	.word	0x50110000

10004c9c <hw_endpoint_xfer_start>:
10004c9c:	b570      	push	{r4, r5, r6, lr}
10004c9e:	4604      	mov	r4, r0
10004ca0:	460d      	mov	r5, r1
10004ca2:	4616      	mov	r6, r2
10004ca4:	7e83      	ldrb	r3, [r0, #26]
10004ca6:	b9ab      	cbnz	r3, 10004cd4 <hw_endpoint_xfer_start+0x38>
10004ca8:	82a6      	strh	r6, [r4, #20]
10004caa:	2300      	movs	r3, #0
10004cac:	82e3      	strh	r3, [r4, #22]
10004cae:	2301      	movs	r3, #1
10004cb0:	76a3      	strb	r3, [r4, #26]
10004cb2:	6125      	str	r5, [r4, #16]
10004cb4:	4620      	mov	r0, r4
10004cb6:	f003 f9a3 	bl	10008000 <__e15_is_bulkin_ep_veneer>
10004cba:	b120      	cbz	r0, 10004cc6 <hw_endpoint_xfer_start+0x2a>
10004cbc:	4b0b      	ldr	r3, [pc, #44]	@ (10004cec <hw_endpoint_xfer_start+0x50>)
10004cbe:	f44f 3200 	mov.w	r2, #131072	@ 0x20000
10004cc2:	f8c3 2090 	str.w	r2, [r3, #144]	@ 0x90
10004cc6:	4620      	mov	r0, r4
10004cc8:	f003 f996 	bl	10007ff8 <__e15_is_critical_frame_period_veneer>
10004ccc:	b150      	cbz	r0, 10004ce4 <hw_endpoint_xfer_start+0x48>
10004cce:	2301      	movs	r3, #1
10004cd0:	7723      	strb	r3, [r4, #28]
10004cd2:	bd70      	pop	{r4, r5, r6, pc}
10004cd4:	7881      	ldrb	r1, [r0, #2]
10004cd6:	4806      	ldr	r0, [pc, #24]	@ (10004cf0 <hw_endpoint_xfer_start+0x54>)
10004cd8:	f7ff fae6 	bl	100042a8 <__wrap_printf>
10004cdc:	4620      	mov	r0, r4
10004cde:	f003 f97b 	bl	10007fd8 <__hw_endpoint_reset_transfer_veneer>
10004ce2:	e7e1      	b.n	10004ca8 <hw_endpoint_xfer_start+0xc>
10004ce4:	4620      	mov	r0, r4
10004ce6:	f003 f97f 	bl	10007fe8 <__hw_endpoint_start_next_buffer_veneer>
10004cea:	e7f2      	b.n	10004cd2 <hw_endpoint_xfer_start+0x36>
10004cec:	50112000 	.word	0x50112000
10004cf0:	10008998 	.word	0x10008998

10004cf4 <configuration_reset>:
10004cf4:	b538      	push	{r3, r4, r5, lr}
10004cf6:	4605      	mov	r5, r0
10004cf8:	2400      	movs	r4, #0
10004cfa:	e008      	b.n	10004d0e <configuration_reset+0x1a>
10004cfc:	1ad2      	subs	r2, r2, r3
10004cfe:	4b1b      	ldr	r3, [pc, #108]	@ (10004d6c <configuration_reset+0x78>)
10004d00:	eb03 1342 	add.w	r3, r3, r2, lsl #5
10004d04:	68db      	ldr	r3, [r3, #12]
10004d06:	4628      	mov	r0, r5
10004d08:	4798      	blx	r3
10004d0a:	3401      	adds	r4, #1
10004d0c:	b2e4      	uxtb	r4, r4
10004d0e:	4b18      	ldr	r3, [pc, #96]	@ (10004d70 <configuration_reset+0x7c>)
10004d10:	781b      	ldrb	r3, [r3, #0]
10004d12:	4622      	mov	r2, r4
10004d14:	1c59      	adds	r1, r3, #1
10004d16:	42a1      	cmp	r1, r4
10004d18:	db15      	blt.n	10004d46 <configuration_reset+0x52>
10004d1a:	42a3      	cmp	r3, r4
10004d1c:	d9ee      	bls.n	10004cfc <configuration_reset+0x8>
10004d1e:	4b15      	ldr	r3, [pc, #84]	@ (10004d74 <configuration_reset+0x80>)
10004d20:	681b      	ldr	r3, [r3, #0]
10004d22:	eb13 1344 	adds.w	r3, r3, r4, lsl #5
10004d26:	d1ed      	bne.n	10004d04 <configuration_reset+0x10>
10004d28:	f240 2225 	movw	r2, #549	@ 0x225
10004d2c:	4912      	ldr	r1, [pc, #72]	@ (10004d78 <configuration_reset+0x84>)
10004d2e:	4813      	ldr	r0, [pc, #76]	@ (10004d7c <configuration_reset+0x88>)
10004d30:	f7ff faba 	bl	100042a8 <__wrap_printf>
10004d34:	f04f 23e0 	mov.w	r3, #3758153728	@ 0xe000e000
10004d38:	f8d3 3df0 	ldr.w	r3, [r3, #3568]	@ 0xdf0
10004d3c:	f013 0f01 	tst.w	r3, #1
10004d40:	d013      	beq.n	10004d6a <configuration_reset+0x76>
10004d42:	be00      	bkpt	0x0000
10004d44:	e011      	b.n	10004d6a <configuration_reset+0x76>
10004d46:	4c0e      	ldr	r4, [pc, #56]	@ (10004d80 <configuration_reset+0x8c>)
10004d48:	2254      	movs	r2, #84	@ 0x54
10004d4a:	2100      	movs	r1, #0
10004d4c:	4620      	mov	r0, r4
10004d4e:	f002 fed3 	bl	10007af8 <memset>
10004d52:	f04f 33ff 	mov.w	r3, #4294967295
10004d56:	6063      	str	r3, [r4, #4]
10004d58:	60a3      	str	r3, [r4, #8]
10004d5a:	60e3      	str	r3, [r4, #12]
10004d5c:	6123      	str	r3, [r4, #16]
10004d5e:	2220      	movs	r2, #32
10004d60:	21ff      	movs	r1, #255	@ 0xff
10004d62:	f104 0014 	add.w	r0, r4, #20
10004d66:	f002 fec7 	bl	10007af8 <memset>
10004d6a:	bd38      	pop	{r3, r4, r5, pc}
10004d6c:	1000a270 	.word	0x1000a270
10004d70:	200021d1 	.word	0x200021d1
10004d74:	20001720 	.word	0x20001720
10004d78:	1000a23c 	.word	0x1000a23c
10004d7c:	100089d0 	.word	0x100089d0
10004d80:	200018f0 	.word	0x200018f0

10004d84 <usbd_reset>:
10004d84:	b508      	push	{r3, lr}
10004d86:	f7ff ffb5 	bl	10004cf4 <configuration_reset>
10004d8a:	f000 ff43 	bl	10005c14 <usbd_control_reset>
10004d8e:	bd08      	pop	{r3, pc}

10004d90 <invoke_class_control>:
10004d90:	b570      	push	{r4, r5, r6, lr}
10004d92:	4605      	mov	r5, r0
10004d94:	460c      	mov	r4, r1
10004d96:	4616      	mov	r6, r2
10004d98:	6948      	ldr	r0, [r1, #20]
10004d9a:	f000 ff45 	bl	10005c28 <usbd_control_set_complete_callback>
10004d9e:	6963      	ldr	r3, [r4, #20]
10004da0:	4632      	mov	r2, r6
10004da2:	2101      	movs	r1, #1
10004da4:	4628      	mov	r0, r5
10004da6:	4798      	blx	r3
10004da8:	bd70      	pop	{r4, r5, r6, pc}
	...

10004dac <process_set_config>:
10004dac:	e92d 4ff0 	stmdb	sp!, {r4, r5, r6, r7, r8, r9, sl, fp, lr}
10004db0:	b083      	sub	sp, #12
10004db2:	4682      	mov	sl, r0
10004db4:	1e48      	subs	r0, r1, #1
10004db6:	b2c0      	uxtb	r0, r0
10004db8:	f7ff fd16 	bl	100047e8 <tud_descriptor_configuration_cb>
10004dbc:	b120      	cbz	r0, 10004dc8 <process_set_config+0x1c>
10004dbe:	4683      	mov	fp, r0
10004dc0:	7843      	ldrb	r3, [r0, #1]
10004dc2:	9301      	str	r3, [sp, #4]
10004dc4:	2b02      	cmp	r3, #2
10004dc6:	d011      	beq.n	10004dec <process_set_config+0x40>
10004dc8:	f240 32d6 	movw	r2, #982	@ 0x3d6
10004dcc:	4962      	ldr	r1, [pc, #392]	@ (10004f58 <process_set_config+0x1ac>)
10004dce:	4863      	ldr	r0, [pc, #396]	@ (10004f5c <process_set_config+0x1b0>)
10004dd0:	f7ff fa6a 	bl	100042a8 <__wrap_printf>
10004dd4:	f04f 23e0 	mov.w	r3, #3758153728	@ 0xe000e000
10004dd8:	f8d3 3df0 	ldr.w	r3, [r3, #3568]	@ 0xdf0
10004ddc:	f013 0f01 	tst.w	r3, #1
10004de0:	d000      	beq.n	10004de4 <process_set_config+0x38>
10004de2:	be00      	bkpt	0x0000
10004de4:	2000      	movs	r0, #0
10004de6:	b003      	add	sp, #12
10004de8:	e8bd 8ff0 	ldmia.w	sp!, {r4, r5, r6, r7, r8, r9, sl, fp, pc}
10004dec:	79c2      	ldrb	r2, [r0, #7]
10004dee:	f3c2 1040 	ubfx	r0, r2, #5, #1
10004df2:	4b5b      	ldr	r3, [pc, #364]	@ (10004f60 <process_set_config+0x1b4>)
10004df4:	7819      	ldrb	r1, [r3, #0]
10004df6:	f360 1104 	bfi	r1, r0, #4, #1
10004dfa:	7019      	strb	r1, [r3, #0]
10004dfc:	f3c2 1280 	ubfx	r2, r2, #6, #1
10004e00:	b2c9      	uxtb	r1, r1
10004e02:	f362 1145 	bfi	r1, r2, #5, #1
10004e06:	7019      	strb	r1, [r3, #0]
10004e08:	f10b 0809 	add.w	r8, fp, #9
10004e0c:	f8bb 3002 	ldrh.w	r3, [fp, #2]
10004e10:	449b      	add	fp, r3
10004e12:	e07b      	b.n	10004f0c <process_set_config+0x160>
10004e14:	f898 3003 	ldrb.w	r3, [r8, #3]
10004e18:	f898 2000 	ldrb.w	r2, [r8]
10004e1c:	4490      	add	r8, r2
10004e1e:	e07d      	b.n	10004f1c <process_set_config+0x170>
10004e20:	f240 32f1 	movw	r2, #1009	@ 0x3f1
10004e24:	494c      	ldr	r1, [pc, #304]	@ (10004f58 <process_set_config+0x1ac>)
10004e26:	484d      	ldr	r0, [pc, #308]	@ (10004f5c <process_set_config+0x1b0>)
10004e28:	f7ff fa3e 	bl	100042a8 <__wrap_printf>
10004e2c:	f04f 23e0 	mov.w	r3, #3758153728	@ 0xe000e000
10004e30:	f8d3 3df0 	ldr.w	r3, [r3, #3568]	@ 0xdf0
10004e34:	f013 0f01 	tst.w	r3, #1
10004e38:	d000      	beq.n	10004e3c <process_set_config+0x90>
10004e3a:	be00      	bkpt	0x0000
10004e3c:	2000      	movs	r0, #0
10004e3e:	e7d2      	b.n	10004de6 <process_set_config+0x3a>
10004e40:	1af3      	subs	r3, r6, r3
10004e42:	4a48      	ldr	r2, [pc, #288]	@ (10004f64 <process_set_config+0x1b8>)
10004e44:	eb02 1943 	add.w	r9, r2, r3, lsl #5
10004e48:	f8d9 3010 	ldr.w	r3, [r9, #16]
10004e4c:	462a      	mov	r2, r5
10004e4e:	4641      	mov	r1, r8
10004e50:	4650      	mov	r0, sl
10004e52:	4798      	blx	r3
10004e54:	2808      	cmp	r0, #8
10004e56:	d901      	bls.n	10004e5c <process_set_config+0xb0>
10004e58:	4285      	cmp	r5, r0
10004e5a:	d21e      	bcs.n	10004e9a <process_set_config+0xee>
10004e5c:	3401      	adds	r4, #1
10004e5e:	b2e4      	uxtb	r4, r4
10004e60:	4b41      	ldr	r3, [pc, #260]	@ (10004f68 <process_set_config+0x1bc>)
10004e62:	781b      	ldrb	r3, [r3, #0]
10004e64:	4626      	mov	r6, r4
10004e66:	1c5a      	adds	r2, r3, #1
10004e68:	42a2      	cmp	r2, r4
10004e6a:	db4a      	blt.n	10004f02 <process_set_config+0x156>
10004e6c:	42a3      	cmp	r3, r4
10004e6e:	d9e7      	bls.n	10004e40 <process_set_config+0x94>
10004e70:	4b3e      	ldr	r3, [pc, #248]	@ (10004f6c <process_set_config+0x1c0>)
10004e72:	681b      	ldr	r3, [r3, #0]
10004e74:	eb13 1944 	adds.w	r9, r3, r4, lsl #5
10004e78:	d1e6      	bne.n	10004e48 <process_set_config+0x9c>
10004e7a:	f240 32fa 	movw	r2, #1018	@ 0x3fa
10004e7e:	4936      	ldr	r1, [pc, #216]	@ (10004f58 <process_set_config+0x1ac>)
10004e80:	4836      	ldr	r0, [pc, #216]	@ (10004f5c <process_set_config+0x1b0>)
10004e82:	f7ff fa11 	bl	100042a8 <__wrap_printf>
10004e86:	f04f 23e0 	mov.w	r3, #3758153728	@ 0xe000e000
10004e8a:	f8d3 3df0 	ldr.w	r3, [r3, #3568]	@ 0xdf0
10004e8e:	f013 0f01 	tst.w	r3, #1
10004e92:	d000      	beq.n	10004e96 <process_set_config+0xea>
10004e94:	be00      	bkpt	0x0000
10004e96:	2000      	movs	r0, #0
10004e98:	e7a5      	b.n	10004de6 <process_set_config+0x3a>
10004e9a:	463b      	mov	r3, r7
10004e9c:	464f      	mov	r7, r9
10004e9e:	4681      	mov	r9, r0
10004ea0:	2b01      	cmp	r3, #1
10004ea2:	d011      	beq.n	10004ec8 <process_set_config+0x11c>
10004ea4:	2100      	movs	r1, #0
10004ea6:	428b      	cmp	r3, r1
10004ea8:	d924      	bls.n	10004ef4 <process_set_config+0x148>
10004eaa:	f898 2002 	ldrb.w	r2, [r8, #2]
10004eae:	440a      	add	r2, r1
10004eb0:	b2d2      	uxtb	r2, r2
10004eb2:	482b      	ldr	r0, [pc, #172]	@ (10004f60 <process_set_config+0x1b4>)
10004eb4:	4410      	add	r0, r2
10004eb6:	7900      	ldrb	r0, [r0, #4]
10004eb8:	28ff      	cmp	r0, #255	@ 0xff
10004eba:	d10b      	bne.n	10004ed4 <process_set_config+0x128>
10004ebc:	4828      	ldr	r0, [pc, #160]	@ (10004f60 <process_set_config+0x1b4>)
10004ebe:	4402      	add	r2, r0
10004ec0:	7114      	strb	r4, [r2, #4]
10004ec2:	3101      	adds	r1, #1
10004ec4:	b2c9      	uxtb	r1, r1
10004ec6:	e7ee      	b.n	10004ea6 <process_set_config+0xfa>
10004ec8:	6939      	ldr	r1, [r7, #16]
10004eca:	4a29      	ldr	r2, [pc, #164]	@ (10004f70 <process_set_config+0x1c4>)
10004ecc:	4291      	cmp	r1, r2
10004ece:	d1e9      	bne.n	10004ea4 <process_set_config+0xf8>
10004ed0:	9b01      	ldr	r3, [sp, #4]
10004ed2:	e7e7      	b.n	10004ea4 <process_set_config+0xf8>
10004ed4:	f240 4219 	movw	r2, #1049	@ 0x419
10004ed8:	491f      	ldr	r1, [pc, #124]	@ (10004f58 <process_set_config+0x1ac>)
10004eda:	4820      	ldr	r0, [pc, #128]	@ (10004f5c <process_set_config+0x1b0>)
10004edc:	f7ff f9e4 	bl	100042a8 <__wrap_printf>
10004ee0:	f04f 23e0 	mov.w	r3, #3758153728	@ 0xe000e000
10004ee4:	f8d3 3df0 	ldr.w	r3, [r3, #3568]	@ 0xdf0
10004ee8:	f013 0f01 	tst.w	r3, #1
10004eec:	d000      	beq.n	10004ef0 <process_set_config+0x144>
10004eee:	be00      	bkpt	0x0000
10004ef0:	2000      	movs	r0, #0
10004ef2:	e778      	b.n	10004de6 <process_set_config+0x3a>
10004ef4:	4623      	mov	r3, r4
10004ef6:	464a      	mov	r2, r9
10004ef8:	4641      	mov	r1, r8
10004efa:	481e      	ldr	r0, [pc, #120]	@ (10004f74 <process_set_config+0x1c8>)
10004efc:	f001 fd66 	bl	100069cc <tu_edpt_bind_driver>
10004f00:	44c8      	add	r8, r9
10004f02:	4b19      	ldr	r3, [pc, #100]	@ (10004f68 <process_set_config+0x1bc>)
10004f04:	781b      	ldrb	r3, [r3, #0]
10004f06:	3301      	adds	r3, #1
10004f08:	429e      	cmp	r6, r3
10004f0a:	dc12      	bgt.n	10004f32 <process_set_config+0x186>
10004f0c:	45d8      	cmp	r8, fp
10004f0e:	d220      	bcs.n	10004f52 <process_set_config+0x1a6>
10004f10:	f898 3001 	ldrb.w	r3, [r8, #1]
10004f14:	2b0b      	cmp	r3, #11
10004f16:	f43f af7d 	beq.w	10004e14 <process_set_config+0x68>
10004f1a:	2301      	movs	r3, #1
10004f1c:	f898 2001 	ldrb.w	r2, [r8, #1]
10004f20:	2a04      	cmp	r2, #4
10004f22:	f47f af7d 	bne.w	10004e20 <process_set_config+0x74>
10004f26:	ebab 0508 	sub.w	r5, fp, r8
10004f2a:	b2ad      	uxth	r5, r5
10004f2c:	2400      	movs	r4, #0
10004f2e:	461f      	mov	r7, r3
10004f30:	e796      	b.n	10004e60 <process_set_config+0xb4>
10004f32:	f44f 6285 	mov.w	r2, #1064	@ 0x428
10004f36:	4908      	ldr	r1, [pc, #32]	@ (10004f58 <process_set_config+0x1ac>)
10004f38:	4808      	ldr	r0, [pc, #32]	@ (10004f5c <process_set_config+0x1b0>)
10004f3a:	f7ff f9b5 	bl	100042a8 <__wrap_printf>
10004f3e:	f04f 23e0 	mov.w	r3, #3758153728	@ 0xe000e000
10004f42:	f8d3 3df0 	ldr.w	r3, [r3, #3568]	@ 0xdf0
10004f46:	f013 0f01 	tst.w	r3, #1
10004f4a:	d000      	beq.n	10004f4e <process_set_config+0x1a2>
10004f4c:	be00      	bkpt	0x0000
10004f4e:	2000      	movs	r0, #0
10004f50:	e749      	b.n	10004de6 <process_set_config+0x3a>
10004f52:	2001      	movs	r0, #1
10004f54:	e747      	b.n	10004de6 <process_set_config+0x3a>
10004f56:	bf00      	nop
10004f58:	1000a210 	.word	0x1000a210
10004f5c:	100089d0 	.word	0x100089d0
10004f60:	200018f0 	.word	0x200018f0
10004f64:	1000a270 	.word	0x1000a270
10004f68:	200021d1 	.word	0x200021d1
10004f6c:	20001720 	.word	0x20001720
10004f70:	100060e5 	.word	0x100060e5
10004f74:	20001904 	.word	0x20001904

10004f78 <tud_event_hook_cb>:
10004f78:	4770      	bx	lr

10004f7a <tud_sof_cb>:
10004f7a:	4770      	bx	lr

10004f7c <tud_descriptor_device_qualifier_cb>:
10004f7c:	2000      	movs	r0, #0
10004f7e:	4770      	bx	lr

10004f80 <tud_descriptor_other_speed_configuration_cb>:
10004f80:	2000      	movs	r0, #0
10004f82:	4770      	bx	lr

10004f84 <process_get_descriptor>:
10004f84:	b538      	push	{r3, r4, r5, lr}
10004f86:	4605      	mov	r5, r0
10004f88:	460c      	mov	r4, r1
10004f8a:	884b      	ldrh	r3, [r1, #2]
10004f8c:	0a1a      	lsrs	r2, r3, #8
10004f8e:	b2d8      	uxtb	r0, r3
10004f90:	1e53      	subs	r3, r2, #1
10004f92:	2b0e      	cmp	r3, #14
10004f94:	d864      	bhi.n	10005060 <process_get_descriptor+0xdc>
10004f96:	e8df f003 	tbb	[pc, r3]
10004f9a:	2d08      	.short	0x2d08
10004f9c:	5963634e 	.word	0x5963634e
10004fa0:	6363632d 	.word	0x6363632d
10004fa4:	63636363 	.word	0x63636363
10004fa8:	22          	.byte	0x22
10004fa9:	00          	.byte	0x00
10004faa:	f7ff fc19 	bl	100047e0 <tud_descriptor_device_cb>
10004fae:	4602      	mov	r2, r0
10004fb0:	b128      	cbz	r0, 10004fbe <process_get_descriptor+0x3a>
10004fb2:	2312      	movs	r3, #18
10004fb4:	4621      	mov	r1, r4
10004fb6:	4628      	mov	r0, r5
10004fb8:	f000 fdd6 	bl	10005b68 <tud_control_xfer>
10004fbc:	e051      	b.n	10005062 <process_get_descriptor+0xde>
10004fbe:	f240 423a 	movw	r2, #1082	@ 0x43a
10004fc2:	492c      	ldr	r1, [pc, #176]	@ (10005074 <process_get_descriptor+0xf0>)
10004fc4:	482c      	ldr	r0, [pc, #176]	@ (10005078 <process_get_descriptor+0xf4>)
10004fc6:	f7ff f96f 	bl	100042a8 <__wrap_printf>
10004fca:	f04f 23e0 	mov.w	r3, #3758153728	@ 0xe000e000
10004fce:	f8d3 3df0 	ldr.w	r3, [r3, #3568]	@ 0xdf0
10004fd2:	f013 0f01 	tst.w	r3, #1
10004fd6:	d000      	beq.n	10004fda <process_get_descriptor+0x56>
10004fd8:	be00      	bkpt	0x0000
10004fda:	2000      	movs	r0, #0
10004fdc:	e041      	b.n	10005062 <process_get_descriptor+0xde>
10004fde:	f7ff f9bf 	bl	10004360 <tud_descriptor_bos_cb>
10004fe2:	4602      	mov	r2, r0
10004fe4:	2800      	cmp	r0, #0
10004fe6:	d03d      	beq.n	10005064 <process_get_descriptor+0xe0>
10004fe8:	8843      	ldrh	r3, [r0, #2]
10004fea:	4621      	mov	r1, r4
10004fec:	4628      	mov	r0, r5
10004fee:	f000 fdbb 	bl	10005b68 <tud_control_xfer>
10004ff2:	e036      	b.n	10005062 <process_get_descriptor+0xde>
10004ff4:	2a02      	cmp	r2, #2
10004ff6:	d009      	beq.n	1000500c <process_get_descriptor+0x88>
10004ff8:	f7ff ffc2 	bl	10004f80 <tud_descriptor_other_speed_configuration_cb>
10004ffc:	4602      	mov	r2, r0
10004ffe:	b398      	cbz	r0, 10005068 <process_get_descriptor+0xe4>
10005000:	8853      	ldrh	r3, [r2, #2]
10005002:	4621      	mov	r1, r4
10005004:	4628      	mov	r0, r5
10005006:	f000 fdaf 	bl	10005b68 <tud_control_xfer>
1000500a:	e02a      	b.n	10005062 <process_get_descriptor+0xde>
1000500c:	f7ff fbec 	bl	100047e8 <tud_descriptor_configuration_cb>
10005010:	4602      	mov	r2, r0
10005012:	2800      	cmp	r0, #0
10005014:	d1f4      	bne.n	10005000 <process_get_descriptor+0x7c>
10005016:	f240 4261 	movw	r2, #1121	@ 0x461
1000501a:	4916      	ldr	r1, [pc, #88]	@ (10005074 <process_get_descriptor+0xf0>)
1000501c:	4816      	ldr	r0, [pc, #88]	@ (10005078 <process_get_descriptor+0xf4>)
1000501e:	f7ff f943 	bl	100042a8 <__wrap_printf>
10005022:	f04f 23e0 	mov.w	r3, #3758153728	@ 0xe000e000
10005026:	f8d3 3df0 	ldr.w	r3, [r3, #3568]	@ 0xdf0
1000502a:	f013 0f01 	tst.w	r3, #1
1000502e:	d000      	beq.n	10005032 <process_get_descriptor+0xae>
10005030:	be00      	bkpt	0x0000
10005032:	2000      	movs	r0, #0
10005034:	e015      	b.n	10005062 <process_get_descriptor+0xde>
10005036:	88a1      	ldrh	r1, [r4, #4]
10005038:	f7ff fbda 	bl	100047f0 <tud_descriptor_string_cb>
1000503c:	4602      	mov	r2, r0
1000503e:	b1a8      	cbz	r0, 1000506c <process_get_descriptor+0xe8>
10005040:	7803      	ldrb	r3, [r0, #0]
10005042:	4621      	mov	r1, r4
10005044:	4628      	mov	r0, r5
10005046:	f000 fd8f 	bl	10005b68 <tud_control_xfer>
1000504a:	e00a      	b.n	10005062 <process_get_descriptor+0xde>
1000504c:	f7ff ff96 	bl	10004f7c <tud_descriptor_device_qualifier_cb>
10005050:	4602      	mov	r2, r0
10005052:	b168      	cbz	r0, 10005070 <process_get_descriptor+0xec>
10005054:	7803      	ldrb	r3, [r0, #0]
10005056:	4621      	mov	r1, r4
10005058:	4628      	mov	r0, r5
1000505a:	f000 fd85 	bl	10005b68 <tud_control_xfer>
1000505e:	e000      	b.n	10005062 <process_get_descriptor+0xde>
10005060:	2000      	movs	r0, #0
10005062:	bd38      	pop	{r3, r4, r5, pc}
10005064:	2000      	movs	r0, #0
10005066:	e7fc      	b.n	10005062 <process_get_descriptor+0xde>
10005068:	2000      	movs	r0, #0
1000506a:	e7fa      	b.n	10005062 <process_get_descriptor+0xde>
1000506c:	2000      	movs	r0, #0
1000506e:	e7f8      	b.n	10005062 <process_get_descriptor+0xde>
10005070:	2000      	movs	r0, #0
10005072:	e7f6      	b.n	10005062 <process_get_descriptor+0xde>
10005074:	1000a1f8 	.word	0x1000a1f8
10005078:	100089d0 	.word	0x100089d0

1000507c <tud_mount_cb>:
1000507c:	4770      	bx	lr

1000507e <tud_umount_cb>:
1000507e:	4770      	bx	lr

10005080 <tud_suspend_cb>:
10005080:	4770      	bx	lr

10005082 <tud_resume_cb>:
10005082:	4770      	bx	lr

10005084 <tud_mounted>:
10005084:	4b03      	ldr	r3, [pc, #12]	@ (10005094 <tud_mounted+0x10>)
10005086:	7858      	ldrb	r0, [r3, #1]
10005088:	b2c0      	uxtb	r0, r0
1000508a:	3800      	subs	r0, #0
1000508c:	bf18      	it	ne
1000508e:	2001      	movne	r0, #1
10005090:	4770      	bx	lr
10005092:	bf00      	nop
10005094:	200018f0 	.word	0x200018f0

10005098 <tud_suspended>:
10005098:	4b02      	ldr	r3, [pc, #8]	@ (100050a4 <tud_suspended+0xc>)
1000509a:	7818      	ldrb	r0, [r3, #0]
1000509c:	f3c0 0080 	ubfx	r0, r0, #2, #1
100050a0:	4770      	bx	lr
100050a2:	bf00      	nop
100050a4:	200018f0 	.word	0x200018f0

100050a8 <tud_inited>:
100050a8:	4b02      	ldr	r3, [pc, #8]	@ (100050b4 <tud_inited+0xc>)
100050aa:	7818      	ldrb	r0, [r3, #0]
100050ac:	38ff      	subs	r0, #255	@ 0xff
100050ae:	bf18      	it	ne
100050b0:	2001      	movne	r0, #1
100050b2:	4770      	bx	lr
100050b4:	20000eb0 	.word	0x20000eb0

100050b8 <tud_rhport_init>:
100050b8:	b5f8      	push	{r3, r4, r5, r6, r7, lr}
100050ba:	4606      	mov	r6, r0
100050bc:	460d      	mov	r5, r1
100050be:	f7ff fff3 	bl	100050a8 <tud_inited>
100050c2:	4607      	mov	r7, r0
100050c4:	2800      	cmp	r0, #0
100050c6:	d154      	bne.n	10005172 <tud_rhport_init+0xba>
100050c8:	b305      	cbz	r5, 1000510c <tud_rhport_init+0x54>
100050ca:	2254      	movs	r2, #84	@ 0x54
100050cc:	2100      	movs	r1, #0
100050ce:	4837      	ldr	r0, [pc, #220]	@ (100051ac <tud_rhport_init+0xf4>)
100050d0:	f002 fd12 	bl	10007af8 <memset>
100050d4:	4b36      	ldr	r3, [pc, #216]	@ (100051b0 <tud_rhport_init+0xf8>)
100050d6:	2200      	movs	r2, #0
100050d8:	701a      	strb	r2, [r3, #0]
100050da:	4c36      	ldr	r4, [pc, #216]	@ (100051b4 <tud_rhport_init+0xfc>)
100050dc:	4620      	mov	r0, r4
100050de:	f7fc fd47 	bl	10001b70 <mutex_init>
100050e2:	4b35      	ldr	r3, [pc, #212]	@ (100051b8 <tud_rhport_init+0x100>)
100050e4:	601c      	str	r4, [r3, #0]
100050e6:	4c35      	ldr	r4, [pc, #212]	@ (100051bc <tud_rhport_init+0x104>)
100050e8:	4620      	mov	r0, r4
100050ea:	f7fc fd8b 	bl	10001c04 <critical_section_init>
100050ee:	3c14      	subs	r4, #20
100050f0:	4620      	mov	r0, r4
100050f2:	f002 f825 	bl	10007140 <tu_fifo_clear>
100050f6:	4b32      	ldr	r3, [pc, #200]	@ (100051c0 <tud_rhport_init+0x108>)
100050f8:	601c      	str	r4, [r3, #0]
100050fa:	4b32      	ldr	r3, [pc, #200]	@ (100051c4 <tud_rhport_init+0x10c>)
100050fc:	b123      	cbz	r3, 10005108 <tud_rhport_init+0x50>
100050fe:	4832      	ldr	r0, [pc, #200]	@ (100051c8 <tud_rhport_init+0x110>)
10005100:	f7ff f94a 	bl	10004398 <usbd_app_driver_get_cb>
10005104:	4b31      	ldr	r3, [pc, #196]	@ (100051cc <tud_rhport_init+0x114>)
10005106:	6018      	str	r0, [r3, #0]
10005108:	2400      	movs	r4, #0
1000510a:	e017      	b.n	1000513c <tud_rhport_init+0x84>
1000510c:	f44f 72e9 	mov.w	r2, #466	@ 0x1d2
10005110:	492f      	ldr	r1, [pc, #188]	@ (100051d0 <tud_rhport_init+0x118>)
10005112:	4830      	ldr	r0, [pc, #192]	@ (100051d4 <tud_rhport_init+0x11c>)
10005114:	f7ff f8c8 	bl	100042a8 <__wrap_printf>
10005118:	f04f 23e0 	mov.w	r3, #3758153728	@ 0xe000e000
1000511c:	f8d3 3df0 	ldr.w	r3, [r3, #3568]	@ 0xdf0
10005120:	f013 0f01 	tst.w	r3, #1
10005124:	d025      	beq.n	10005172 <tud_rhport_init+0xba>
10005126:	be00      	bkpt	0x0000
10005128:	e023      	b.n	10005172 <tud_rhport_init+0xba>
1000512a:	1ad2      	subs	r2, r2, r3
1000512c:	4b2a      	ldr	r3, [pc, #168]	@ (100051d8 <tud_rhport_init+0x120>)
1000512e:	eb03 1342 	add.w	r3, r3, r2, lsl #5
10005132:	685b      	ldr	r3, [r3, #4]
10005134:	b17b      	cbz	r3, 10005156 <tud_rhport_init+0x9e>
10005136:	4798      	blx	r3
10005138:	3401      	adds	r4, #1
1000513a:	b2e4      	uxtb	r4, r4
1000513c:	4b22      	ldr	r3, [pc, #136]	@ (100051c8 <tud_rhport_init+0x110>)
1000513e:	781b      	ldrb	r3, [r3, #0]
10005140:	4622      	mov	r2, r4
10005142:	1c59      	adds	r1, r3, #1
10005144:	42a1      	cmp	r1, r4
10005146:	db16      	blt.n	10005176 <tud_rhport_init+0xbe>
10005148:	42a3      	cmp	r3, r4
1000514a:	d9ee      	bls.n	1000512a <tud_rhport_init+0x72>
1000514c:	4b1f      	ldr	r3, [pc, #124]	@ (100051cc <tud_rhport_init+0x114>)
1000514e:	681b      	ldr	r3, [r3, #0]
10005150:	eb13 1344 	adds.w	r3, r3, r4, lsl #5
10005154:	d1ed      	bne.n	10005132 <tud_rhport_init+0x7a>
10005156:	f44f 72f8 	mov.w	r2, #496	@ 0x1f0
1000515a:	491d      	ldr	r1, [pc, #116]	@ (100051d0 <tud_rhport_init+0x118>)
1000515c:	481d      	ldr	r0, [pc, #116]	@ (100051d4 <tud_rhport_init+0x11c>)
1000515e:	f7ff f8a3 	bl	100042a8 <__wrap_printf>
10005162:	f04f 23e0 	mov.w	r3, #3758153728	@ 0xe000e000
10005166:	f8d3 3df0 	ldr.w	r3, [r3, #3568]	@ 0xdf0
1000516a:	f013 0f01 	tst.w	r3, #1
1000516e:	d000      	beq.n	10005172 <tud_rhport_init+0xba>
10005170:	be00      	bkpt	0x0000
10005172:	4638      	mov	r0, r7
10005174:	bdf8      	pop	{r3, r4, r5, r6, r7, pc}
10005176:	4b19      	ldr	r3, [pc, #100]	@ (100051dc <tud_rhport_init+0x124>)
10005178:	701e      	strb	r6, [r3, #0]
1000517a:	4629      	mov	r1, r5
1000517c:	4630      	mov	r0, r6
1000517e:	f7ff fca7 	bl	10004ad0 <dcd_init>
10005182:	4607      	mov	r7, r0
10005184:	b118      	cbz	r0, 1000518e <tud_rhport_init+0xd6>
10005186:	4630      	mov	r0, r6
10005188:	f7ff fc70 	bl	10004a6c <dcd_int_enable>
1000518c:	e7f1      	b.n	10005172 <tud_rhport_init+0xba>
1000518e:	f44f 72fc 	mov.w	r2, #504	@ 0x1f8
10005192:	490f      	ldr	r1, [pc, #60]	@ (100051d0 <tud_rhport_init+0x118>)
10005194:	480f      	ldr	r0, [pc, #60]	@ (100051d4 <tud_rhport_init+0x11c>)
10005196:	f7ff f887 	bl	100042a8 <__wrap_printf>
1000519a:	f04f 23e0 	mov.w	r3, #3758153728	@ 0xe000e000
1000519e:	f8d3 3df0 	ldr.w	r3, [r3, #3568]	@ 0xdf0
100051a2:	f013 0f01 	tst.w	r3, #1
100051a6:	d0e4      	beq.n	10005172 <tud_rhport_init+0xba>
100051a8:	be00      	bkpt	0x0000
100051aa:	e7e2      	b.n	10005172 <tud_rhport_init+0xba>
100051ac:	200018f0 	.word	0x200018f0
100051b0:	200021d3 	.word	0x200021d3
100051b4:	200018e8 	.word	0x200018e8
100051b8:	20001944 	.word	0x20001944
100051bc:	20000ea8 	.word	0x20000ea8
100051c0:	20001948 	.word	0x20001948
100051c4:	10004399 	.word	0x10004399
100051c8:	200021d1 	.word	0x200021d1
100051cc:	20001720 	.word	0x20001720
100051d0:	1000a260 	.word	0x1000a260
100051d4:	100089d0 	.word	0x100089d0
100051d8:	1000a270 	.word	0x1000a270
100051dc:	20000eb0 	.word	0x20000eb0

100051e0 <usbd_edpt_open>:
100051e0:	b570      	push	{r4, r5, r6, lr}
100051e2:	4b1a      	ldr	r3, [pc, #104]	@ (1000524c <usbd_edpt_open+0x6c>)
100051e4:	781e      	ldrb	r6, [r3, #0]
100051e6:	788b      	ldrb	r3, [r1, #2]
100051e8:	f013 0f70 	tst.w	r3, #112	@ 0x70
100051ec:	d10e      	bne.n	1000520c <usbd_edpt_open+0x2c>
100051ee:	460c      	mov	r4, r1
100051f0:	4b17      	ldr	r3, [pc, #92]	@ (10005250 <usbd_edpt_open+0x70>)
100051f2:	7899      	ldrb	r1, [r3, #2]
100051f4:	4620      	mov	r0, r4
100051f6:	f001 fb79 	bl	100068ec <tu_edpt_validate>
100051fa:	4605      	mov	r5, r0
100051fc:	b1b0      	cbz	r0, 1000522c <usbd_edpt_open+0x4c>
100051fe:	4621      	mov	r1, r4
10005200:	4630      	mov	r0, r6
10005202:	f7ff fcc5 	bl	10004b90 <dcd_edpt_open>
10005206:	4605      	mov	r5, r0
10005208:	4628      	mov	r0, r5
1000520a:	bd70      	pop	{r4, r5, r6, pc}
1000520c:	f240 520b 	movw	r2, #1291	@ 0x50b
10005210:	4910      	ldr	r1, [pc, #64]	@ (10005254 <usbd_edpt_open+0x74>)
10005212:	4811      	ldr	r0, [pc, #68]	@ (10005258 <usbd_edpt_open+0x78>)
10005214:	f7ff f848 	bl	100042a8 <__wrap_printf>
10005218:	f04f 23e0 	mov.w	r3, #3758153728	@ 0xe000e000
1000521c:	f8d3 3df0 	ldr.w	r3, [r3, #3568]	@ 0xdf0
10005220:	f013 0f01 	tst.w	r3, #1
10005224:	d000      	beq.n	10005228 <usbd_edpt_open+0x48>
10005226:	be00      	bkpt	0x0000
10005228:	2500      	movs	r5, #0
1000522a:	e7ed      	b.n	10005208 <usbd_edpt_open+0x28>
1000522c:	f240 520c 	movw	r2, #1292	@ 0x50c
10005230:	4908      	ldr	r1, [pc, #32]	@ (10005254 <usbd_edpt_open+0x74>)
10005232:	4809      	ldr	r0, [pc, #36]	@ (10005258 <usbd_edpt_open+0x78>)
10005234:	f7ff f838 	bl	100042a8 <__wrap_printf>
10005238:	f04f 23e0 	mov.w	r3, #3758153728	@ 0xe000e000
1000523c:	f8d3 3df0 	ldr.w	r3, [r3, #3568]	@ 0xdf0
10005240:	f013 0f01 	tst.w	r3, #1
10005244:	d0e0      	beq.n	10005208 <usbd_edpt_open+0x28>
10005246:	be00      	bkpt	0x0000
10005248:	e7de      	b.n	10005208 <usbd_edpt_open+0x28>
1000524a:	bf00      	nop
1000524c:	20000eb0 	.word	0x20000eb0
10005250:	200018f0 	.word	0x200018f0
10005254:	1000a1c8 	.word	0x1000a1c8
10005258:	100089d0 	.word	0x100089d0

1000525c <usbd_open_edpt_pair>:
1000525c:	e92d 4ff8 	stmdb	sp!, {r3, r4, r5, r6, r7, r8, r9, sl, fp, lr}
10005260:	4680      	mov	r8, r0
10005262:	460c      	mov	r4, r1
10005264:	4616      	mov	r6, r2
10005266:	461f      	mov	r7, r3
10005268:	f8dd 9028 	ldr.w	r9, [sp, #40]	@ 0x28
1000526c:	f8dd a02c 	ldr.w	sl, [sp, #44]	@ 0x2c
10005270:	2500      	movs	r5, #0
10005272:	e026      	b.n	100052c2 <usbd_open_edpt_pair+0x66>
10005274:	f240 42e7 	movw	r2, #1255	@ 0x4e7
10005278:	491f      	ldr	r1, [pc, #124]	@ (100052f8 <usbd_open_edpt_pair+0x9c>)
1000527a:	4820      	ldr	r0, [pc, #128]	@ (100052fc <usbd_open_edpt_pair+0xa0>)
1000527c:	f7ff f814 	bl	100042a8 <__wrap_printf>
10005280:	f04f 23e0 	mov.w	r3, #3758153728	@ 0xe000e000
10005284:	f8d3 3df0 	ldr.w	r3, [r3, #3568]	@ 0xdf0
10005288:	f013 0f01 	tst.w	r3, #1
1000528c:	d000      	beq.n	10005290 <usbd_open_edpt_pair+0x34>
1000528e:	be00      	bkpt	0x0000
10005290:	f04f 0b00 	mov.w	fp, #0
10005294:	4658      	mov	r0, fp
10005296:	e8bd 8ff8 	ldmia.w	sp!, {r3, r4, r5, r6, r7, r8, r9, sl, fp, pc}
1000529a:	f44f 629d 	mov.w	r2, #1256	@ 0x4e8
1000529e:	4916      	ldr	r1, [pc, #88]	@ (100052f8 <usbd_open_edpt_pair+0x9c>)
100052a0:	4816      	ldr	r0, [pc, #88]	@ (100052fc <usbd_open_edpt_pair+0xa0>)
100052a2:	f7ff f801 	bl	100042a8 <__wrap_printf>
100052a6:	f04f 23e0 	mov.w	r3, #3758153728	@ 0xe000e000
100052aa:	f8d3 3df0 	ldr.w	r3, [r3, #3568]	@ 0xdf0
100052ae:	f013 0f01 	tst.w	r3, #1
100052b2:	d0ef      	beq.n	10005294 <usbd_open_edpt_pair+0x38>
100052b4:	be00      	bkpt	0x0000
100052b6:	e7ed      	b.n	10005294 <usbd_open_edpt_pair+0x38>
100052b8:	f88a 3000 	strb.w	r3, [sl]
100052bc:	7823      	ldrb	r3, [r4, #0]
100052be:	441c      	add	r4, r3
100052c0:	3501      	adds	r5, #1
100052c2:	42ae      	cmp	r6, r5
100052c4:	dd14      	ble.n	100052f0 <usbd_open_edpt_pair+0x94>
100052c6:	7863      	ldrb	r3, [r4, #1]
100052c8:	2b05      	cmp	r3, #5
100052ca:	d1d3      	bne.n	10005274 <usbd_open_edpt_pair+0x18>
100052cc:	78e1      	ldrb	r1, [r4, #3]
100052ce:	f001 0103 	and.w	r1, r1, #3
100052d2:	42b9      	cmp	r1, r7
100052d4:	d1ce      	bne.n	10005274 <usbd_open_edpt_pair+0x18>
100052d6:	4621      	mov	r1, r4
100052d8:	4640      	mov	r0, r8
100052da:	f7ff ff81 	bl	100051e0 <usbd_edpt_open>
100052de:	4683      	mov	fp, r0
100052e0:	2800      	cmp	r0, #0
100052e2:	d0da      	beq.n	1000529a <usbd_open_edpt_pair+0x3e>
100052e4:	78a3      	ldrb	r3, [r4, #2]
100052e6:	09da      	lsrs	r2, r3, #7
100052e8:	d1e6      	bne.n	100052b8 <usbd_open_edpt_pair+0x5c>
100052ea:	f889 3000 	strb.w	r3, [r9]
100052ee:	e7e5      	b.n	100052bc <usbd_open_edpt_pair+0x60>
100052f0:	f04f 0b01 	mov.w	fp, #1
100052f4:	e7ce      	b.n	10005294 <usbd_open_edpt_pair+0x38>
100052f6:	bf00      	nop
100052f8:	1000a1d8 	.word	0x1000a1d8
100052fc:	100089d0 	.word	0x100089d0

10005300 <usbd_edpt_claim>:
10005300:	b508      	push	{r3, lr}
10005302:	f001 007f 	and.w	r0, r1, #127	@ 0x7f
10005306:	0040      	lsls	r0, r0, #1
10005308:	eb00 10d1 	add.w	r0, r0, r1, lsr #7
1000530c:	3030      	adds	r0, #48	@ 0x30
1000530e:	4b04      	ldr	r3, [pc, #16]	@ (10005320 <usbd_edpt_claim+0x20>)
10005310:	4418      	add	r0, r3
10005312:	4b04      	ldr	r3, [pc, #16]	@ (10005324 <usbd_edpt_claim+0x24>)
10005314:	6819      	ldr	r1, [r3, #0]
10005316:	3004      	adds	r0, #4
10005318:	f001 faa2 	bl	10006860 <tu_edpt_claim>
1000531c:	bd08      	pop	{r3, pc}
1000531e:	bf00      	nop
10005320:	200018f0 	.word	0x200018f0
10005324:	20001944 	.word	0x20001944

10005328 <usbd_edpt_release>:
10005328:	b508      	push	{r3, lr}
1000532a:	f001 007f 	and.w	r0, r1, #127	@ 0x7f
1000532e:	0040      	lsls	r0, r0, #1
10005330:	eb00 10d1 	add.w	r0, r0, r1, lsr #7
10005334:	3030      	adds	r0, #48	@ 0x30
10005336:	4b04      	ldr	r3, [pc, #16]	@ (10005348 <usbd_edpt_release+0x20>)
10005338:	4418      	add	r0, r3
1000533a:	4b04      	ldr	r3, [pc, #16]	@ (1000534c <usbd_edpt_release+0x24>)
1000533c:	6819      	ldr	r1, [r3, #0]
1000533e:	3004      	adds	r0, #4
10005340:	f001 fab6 	bl	100068b0 <tu_edpt_release>
10005344:	bd08      	pop	{r3, pc}
10005346:	bf00      	nop
10005348:	200018f0 	.word	0x200018f0
1000534c:	20001944 	.word	0x20001944

10005350 <usbd_edpt_xfer>:
10005350:	b570      	push	{r4, r5, r6, lr}
10005352:	481f      	ldr	r0, [pc, #124]	@ (100053d0 <usbd_edpt_xfer+0x80>)
10005354:	7800      	ldrb	r0, [r0, #0]
10005356:	f001 057f 	and.w	r5, r1, #127	@ 0x7f
1000535a:	4c1e      	ldr	r4, [pc, #120]	@ (100053d4 <usbd_edpt_xfer+0x84>)
1000535c:	eb04 0c45 	add.w	ip, r4, r5, lsl #1
10005360:	eb0c 1cd1 	add.w	ip, ip, r1, lsr #7
10005364:	f89c 4034 	ldrb.w	r4, [ip, #52]	@ 0x34
10005368:	f014 0f01 	tst.w	r4, #1
1000536c:	d11f      	bne.n	100053ae <usbd_edpt_xfer+0x5e>
1000536e:	09ce      	lsrs	r6, r1, #7
10005370:	4c18      	ldr	r4, [pc, #96]	@ (100053d4 <usbd_edpt_xfer+0x84>)
10005372:	eb04 0445 	add.w	r4, r4, r5, lsl #1
10005376:	4434      	add	r4, r6
10005378:	f894 c034 	ldrb.w	ip, [r4, #52]	@ 0x34
1000537c:	f04c 0c01 	orr.w	ip, ip, #1
10005380:	f884 c034 	strb.w	ip, [r4, #52]	@ 0x34
10005384:	3430      	adds	r4, #48	@ 0x30
10005386:	f7ff fc19 	bl	10004bbc <dcd_edpt_xfer>
1000538a:	b9f8      	cbnz	r0, 100053cc <usbd_edpt_xfer+0x7c>
1000538c:	7922      	ldrb	r2, [r4, #4]
1000538e:	f022 0201 	bic.w	r2, r2, #1
10005392:	7122      	strb	r2, [r4, #4]
10005394:	7922      	ldrb	r2, [r4, #4]
10005396:	f022 0204 	bic.w	r2, r2, #4
1000539a:	7122      	strb	r2, [r4, #4]
1000539c:	f04f 23e0 	mov.w	r3, #3758153728	@ 0xe000e000
100053a0:	f8d3 3df0 	ldr.w	r3, [r3, #3568]	@ 0xdf0
100053a4:	f013 0f01 	tst.w	r3, #1
100053a8:	d010      	beq.n	100053cc <usbd_edpt_xfer+0x7c>
100053aa:	be00      	bkpt	0x0000
100053ac:	e00e      	b.n	100053cc <usbd_edpt_xfer+0x7c>
100053ae:	f240 5239 	movw	r2, #1337	@ 0x539
100053b2:	4909      	ldr	r1, [pc, #36]	@ (100053d8 <usbd_edpt_xfer+0x88>)
100053b4:	4809      	ldr	r0, [pc, #36]	@ (100053dc <usbd_edpt_xfer+0x8c>)
100053b6:	f7fe ff77 	bl	100042a8 <__wrap_printf>
100053ba:	f04f 23e0 	mov.w	r3, #3758153728	@ 0xe000e000
100053be:	f8d3 3df0 	ldr.w	r3, [r3, #3568]	@ 0xdf0
100053c2:	f013 0f01 	tst.w	r3, #1
100053c6:	d000      	beq.n	100053ca <usbd_edpt_xfer+0x7a>
100053c8:	be00      	bkpt	0x0000
100053ca:	2000      	movs	r0, #0
100053cc:	bd70      	pop	{r4, r5, r6, pc}
100053ce:	bf00      	nop
100053d0:	20000eb0 	.word	0x20000eb0
100053d4:	200018f0 	.word	0x200018f0
100053d8:	1000a1b8 	.word	0x1000a1b8
100053dc:	100089d0 	.word	0x100089d0

100053e0 <usbd_edpt_stall>:
100053e0:	b538      	push	{r3, r4, r5, lr}
100053e2:	f001 057f 	and.w	r5, r1, #127	@ 0x7f
100053e6:	09cc      	lsrs	r4, r1, #7
100053e8:	4b0a      	ldr	r3, [pc, #40]	@ (10005414 <usbd_edpt_stall+0x34>)
100053ea:	7818      	ldrb	r0, [r3, #0]
100053ec:	f7ff fbfc 	bl	10004be8 <dcd_edpt_stall>
100053f0:	4b09      	ldr	r3, [pc, #36]	@ (10005418 <usbd_edpt_stall+0x38>)
100053f2:	eb03 0345 	add.w	r3, r3, r5, lsl #1
100053f6:	4423      	add	r3, r4
100053f8:	f893 2034 	ldrb.w	r2, [r3, #52]	@ 0x34
100053fc:	f042 0202 	orr.w	r2, r2, #2
10005400:	f883 2034 	strb.w	r2, [r3, #52]	@ 0x34
10005404:	f893 2034 	ldrb.w	r2, [r3, #52]	@ 0x34
10005408:	f042 0201 	orr.w	r2, r2, #1
1000540c:	f883 2034 	strb.w	r2, [r3, #52]	@ 0x34
10005410:	bd38      	pop	{r3, r4, r5, pc}
10005412:	bf00      	nop
10005414:	20000eb0 	.word	0x20000eb0
10005418:	200018f0 	.word	0x200018f0

1000541c <usbd_edpt_clear_stall>:
1000541c:	b538      	push	{r3, r4, r5, lr}
1000541e:	f001 057f 	and.w	r5, r1, #127	@ 0x7f
10005422:	09cc      	lsrs	r4, r1, #7
10005424:	4b0a      	ldr	r3, [pc, #40]	@ (10005450 <usbd_edpt_clear_stall+0x34>)
10005426:	7818      	ldrb	r0, [r3, #0]
10005428:	f7ff fbfa 	bl	10004c20 <dcd_edpt_clear_stall>
1000542c:	4b09      	ldr	r3, [pc, #36]	@ (10005454 <usbd_edpt_clear_stall+0x38>)
1000542e:	eb03 0345 	add.w	r3, r3, r5, lsl #1
10005432:	4423      	add	r3, r4
10005434:	f893 2034 	ldrb.w	r2, [r3, #52]	@ 0x34
10005438:	f022 0202 	bic.w	r2, r2, #2
1000543c:	f883 2034 	strb.w	r2, [r3, #52]	@ 0x34
10005440:	f893 2034 	ldrb.w	r2, [r3, #52]	@ 0x34
10005444:	f022 0201 	bic.w	r2, r2, #1
10005448:	f883 2034 	strb.w	r2, [r3, #52]	@ 0x34
1000544c:	bd38      	pop	{r3, r4, r5, pc}
1000544e:	bf00      	nop
10005450:	20000eb0 	.word	0x20000eb0
10005454:	200018f0 	.word	0x200018f0

10005458 <usbd_edpt_stalled>:
10005458:	f001 027f 	and.w	r2, r1, #127	@ 0x7f
1000545c:	4b04      	ldr	r3, [pc, #16]	@ (10005470 <usbd_edpt_stalled+0x18>)
1000545e:	eb03 0342 	add.w	r3, r3, r2, lsl #1
10005462:	eb03 11d1 	add.w	r1, r3, r1, lsr #7
10005466:	f891 0034 	ldrb.w	r0, [r1, #52]	@ 0x34
1000546a:	f3c0 0040 	ubfx	r0, r0, #1, #1
1000546e:	4770      	bx	lr
10005470:	200018f0 	.word	0x200018f0

10005474 <process_control_request>:
10005474:	e92d 41f0 	stmdb	sp!, {r4, r5, r6, r7, r8, lr}
10005478:	b082      	sub	sp, #8
1000547a:	4606      	mov	r6, r0
1000547c:	460c      	mov	r4, r1
1000547e:	2000      	movs	r0, #0
10005480:	f000 fbd2 	bl	10005c28 <usbd_control_set_complete_callback>
10005484:	7823      	ldrb	r3, [r4, #0]
10005486:	f003 0360 	and.w	r3, r3, #96	@ 0x60
1000548a:	2b60      	cmp	r3, #96	@ 0x60
1000548c:	d021      	beq.n	100054d2 <process_control_request+0x5e>
1000548e:	2b40      	cmp	r3, #64	@ 0x40
10005490:	d032      	beq.n	100054f8 <process_control_request+0x84>
10005492:	7822      	ldrb	r2, [r4, #0]
10005494:	f002 021f 	and.w	r2, r2, #31
10005498:	2a01      	cmp	r2, #1
1000549a:	f000 8101 	beq.w	100056a0 <process_control_request+0x22c>
1000549e:	2a02      	cmp	r2, #2
100054a0:	f000 8142 	beq.w	10005728 <process_control_request+0x2b4>
100054a4:	2a00      	cmp	r2, #0
100054a6:	f040 81c9 	bne.w	1000583c <process_control_request+0x3c8>
100054aa:	2b20      	cmp	r3, #32
100054ac:	d02e      	beq.n	1000550c <process_control_request+0x98>
100054ae:	2b00      	cmp	r3, #0
100054b0:	d14d      	bne.n	1000554e <process_control_request+0xda>
100054b2:	7863      	ldrb	r3, [r4, #1]
100054b4:	2b09      	cmp	r3, #9
100054b6:	f200 80e8 	bhi.w	1000568a <process_control_request+0x216>
100054ba:	e8df f013 	tbh	[pc, r3, lsl #1]
100054be:	00d3      	.short	0x00d3
100054c0:	00e600c3 	.word	0x00e600c3
100054c4:	00e600b3 	.word	0x00e600b3
100054c8:	00ad0052 	.word	0x00ad0052
100054cc:	006100e6 	.word	0x006100e6
100054d0:	006e      	.short	0x006e
100054d2:	f44f 7235 	mov.w	r2, #724	@ 0x2d4
100054d6:	49b2      	ldr	r1, [pc, #712]	@ (100057a0 <process_control_request+0x32c>)
100054d8:	48b2      	ldr	r0, [pc, #712]	@ (100057a4 <process_control_request+0x330>)
100054da:	f7fe fee5 	bl	100042a8 <__wrap_printf>
100054de:	f04f 23e0 	mov.w	r3, #3758153728	@ 0xe000e000
100054e2:	f8d3 3df0 	ldr.w	r3, [r3, #3568]	@ 0xdf0
100054e6:	f013 0f01 	tst.w	r3, #1
100054ea:	d000      	beq.n	100054ee <process_control_request+0x7a>
100054ec:	be00      	bkpt	0x0000
100054ee:	2500      	movs	r5, #0
100054f0:	4628      	mov	r0, r5
100054f2:	b002      	add	sp, #8
100054f4:	e8bd 81f0 	ldmia.w	sp!, {r4, r5, r6, r7, r8, pc}
100054f8:	48ab      	ldr	r0, [pc, #684]	@ (100057a8 <process_control_request+0x334>)
100054fa:	f000 fb95 	bl	10005c28 <usbd_control_set_complete_callback>
100054fe:	4622      	mov	r2, r4
10005500:	2101      	movs	r1, #1
10005502:	4630      	mov	r0, r6
10005504:	f7fe ff30 	bl	10004368 <tud_vendor_control_xfer_cb>
10005508:	4605      	mov	r5, r0
1000550a:	e7f1      	b.n	100054f0 <process_control_request+0x7c>
1000550c:	88a3      	ldrh	r3, [r4, #4]
1000550e:	b2db      	uxtb	r3, r3
10005510:	2b0f      	cmp	r3, #15
10005512:	f200 819d 	bhi.w	10005850 <process_control_request+0x3dc>
10005516:	4aa5      	ldr	r2, [pc, #660]	@ (100057ac <process_control_request+0x338>)
10005518:	4413      	add	r3, r2
1000551a:	791b      	ldrb	r3, [r3, #4]
1000551c:	4aa4      	ldr	r2, [pc, #656]	@ (100057b0 <process_control_request+0x33c>)
1000551e:	7812      	ldrb	r2, [r2, #0]
10005520:	4293      	cmp	r3, r2
10005522:	d206      	bcs.n	10005532 <process_control_request+0xbe>
10005524:	4aa3      	ldr	r2, [pc, #652]	@ (100057b4 <process_control_request+0x340>)
10005526:	6811      	ldr	r1, [r2, #0]
10005528:	eb11 1143 	adds.w	r1, r1, r3, lsl #5
1000552c:	d109      	bne.n	10005542 <process_control_request+0xce>
1000552e:	2500      	movs	r5, #0
10005530:	e7de      	b.n	100054f0 <process_control_request+0x7c>
10005532:	1c51      	adds	r1, r2, #1
10005534:	4299      	cmp	r1, r3
10005536:	f2c0 818d 	blt.w	10005854 <process_control_request+0x3e0>
1000553a:	1a9b      	subs	r3, r3, r2
1000553c:	499e      	ldr	r1, [pc, #632]	@ (100057b8 <process_control_request+0x344>)
1000553e:	eb01 1143 	add.w	r1, r1, r3, lsl #5
10005542:	4622      	mov	r2, r4
10005544:	4630      	mov	r0, r6
10005546:	f7ff fc23 	bl	10004d90 <invoke_class_control>
1000554a:	4605      	mov	r5, r0
1000554c:	e7d0      	b.n	100054f0 <process_control_request+0x7c>
1000554e:	f04f 23e0 	mov.w	r3, #3758153728	@ 0xe000e000
10005552:	f8d3 3df0 	ldr.w	r3, [r3, #3568]	@ 0xdf0
10005556:	f013 0f01 	tst.w	r3, #1
1000555a:	d000      	beq.n	1000555e <process_control_request+0xea>
1000555c:	be00      	bkpt	0x0000
1000555e:	2500      	movs	r5, #0
10005560:	e7c6      	b.n	100054f0 <process_control_request+0x7c>
10005562:	4620      	mov	r0, r4
10005564:	f000 fb66 	bl	10005c34 <usbd_control_set_request>
10005568:	8861      	ldrh	r1, [r4, #2]
1000556a:	b2c9      	uxtb	r1, r1
1000556c:	4630      	mov	r0, r6
1000556e:	f7ff fa91 	bl	10004a94 <dcd_set_address>
10005572:	4a8e      	ldr	r2, [pc, #568]	@ (100057ac <process_control_request+0x338>)
10005574:	7813      	ldrb	r3, [r2, #0]
10005576:	f043 0302 	orr.w	r3, r3, #2
1000557a:	7013      	strb	r3, [r2, #0]
1000557c:	2501      	movs	r5, #1
1000557e:	e7b7      	b.n	100054f0 <process_control_request+0x7c>
10005580:	4b8a      	ldr	r3, [pc, #552]	@ (100057ac <process_control_request+0x338>)
10005582:	785b      	ldrb	r3, [r3, #1]
10005584:	f88d 3006 	strb.w	r3, [sp, #6]
10005588:	2301      	movs	r3, #1
1000558a:	f10d 0206 	add.w	r2, sp, #6
1000558e:	4621      	mov	r1, r4
10005590:	4630      	mov	r0, r6
10005592:	f000 fae9 	bl	10005b68 <tud_control_xfer>
10005596:	2501      	movs	r5, #1
10005598:	e7aa      	b.n	100054f0 <process_control_request+0x7c>
1000559a:	8865      	ldrh	r5, [r4, #2]
1000559c:	b2ed      	uxtb	r5, r5
1000559e:	4b83      	ldr	r3, [pc, #524]	@ (100057ac <process_control_request+0x338>)
100055a0:	785b      	ldrb	r3, [r3, #1]
100055a2:	42ab      	cmp	r3, r5
100055a4:	d032      	beq.n	1000560c <process_control_request+0x198>
100055a6:	4b81      	ldr	r3, [pc, #516]	@ (100057ac <process_control_request+0x338>)
100055a8:	785b      	ldrb	r3, [r3, #1]
100055aa:	b95b      	cbnz	r3, 100055c4 <process_control_request+0x150>
100055ac:	4b7f      	ldr	r3, [pc, #508]	@ (100057ac <process_control_request+0x338>)
100055ae:	705d      	strb	r5, [r3, #1]
100055b0:	b355      	cbz	r5, 10005608 <process_control_request+0x194>
100055b2:	4629      	mov	r1, r5
100055b4:	4630      	mov	r0, r6
100055b6:	f7ff fbf9 	bl	10004dac <process_set_config>
100055ba:	4605      	mov	r5, r0
100055bc:	b190      	cbz	r0, 100055e4 <process_control_request+0x170>
100055be:	f7ff fd5d 	bl	1000507c <tud_mount_cb>
100055c2:	e023      	b.n	1000560c <process_control_request+0x198>
100055c4:	2100      	movs	r1, #0
100055c6:	4630      	mov	r0, r6
100055c8:	f7ff fac4 	bl	10004b54 <dcd_sof_enable>
100055cc:	4630      	mov	r0, r6
100055ce:	f7ff faf0 	bl	10004bb2 <dcd_edpt_close_all>
100055d2:	4f76      	ldr	r7, [pc, #472]	@ (100057ac <process_control_request+0x338>)
100055d4:	f897 8002 	ldrb.w	r8, [r7, #2]
100055d8:	4630      	mov	r0, r6
100055da:	f7ff fb8b 	bl	10004cf4 <configuration_reset>
100055de:	f887 8002 	strb.w	r8, [r7, #2]
100055e2:	e7e3      	b.n	100055ac <process_control_request+0x138>
100055e4:	f44f 7249 	mov.w	r2, #804	@ 0x324
100055e8:	496d      	ldr	r1, [pc, #436]	@ (100057a0 <process_control_request+0x32c>)
100055ea:	486e      	ldr	r0, [pc, #440]	@ (100057a4 <process_control_request+0x330>)
100055ec:	f7fe fe5c 	bl	100042a8 <__wrap_printf>
100055f0:	f04f 23e0 	mov.w	r3, #3758153728	@ 0xe000e000
100055f4:	f8d3 3df0 	ldr.w	r3, [r3, #3568]	@ 0xdf0
100055f8:	f013 0f01 	tst.w	r3, #1
100055fc:	d000      	beq.n	10005600 <process_control_request+0x18c>
100055fe:	be00      	bkpt	0x0000
10005600:	4b6a      	ldr	r3, [pc, #424]	@ (100057ac <process_control_request+0x338>)
10005602:	2200      	movs	r2, #0
10005604:	705a      	strb	r2, [r3, #1]
10005606:	e773      	b.n	100054f0 <process_control_request+0x7c>
10005608:	f7ff fd39 	bl	1000507e <tud_umount_cb>
1000560c:	4621      	mov	r1, r4
1000560e:	4630      	mov	r0, r6
10005610:	f000 fa96 	bl	10005b40 <tud_control_status>
10005614:	2501      	movs	r5, #1
10005616:	e76b      	b.n	100054f0 <process_control_request+0x7c>
10005618:	4621      	mov	r1, r4
1000561a:	4630      	mov	r0, r6
1000561c:	f7ff fcb2 	bl	10004f84 <process_get_descriptor>
10005620:	4605      	mov	r5, r0
10005622:	e765      	b.n	100054f0 <process_control_request+0x7c>
10005624:	8863      	ldrh	r3, [r4, #2]
10005626:	2b01      	cmp	r3, #1
10005628:	d001      	beq.n	1000562e <process_control_request+0x1ba>
1000562a:	2500      	movs	r5, #0
1000562c:	e760      	b.n	100054f0 <process_control_request+0x7c>
1000562e:	4a5f      	ldr	r2, [pc, #380]	@ (100057ac <process_control_request+0x338>)
10005630:	7813      	ldrb	r3, [r2, #0]
10005632:	f043 0308 	orr.w	r3, r3, #8
10005636:	7013      	strb	r3, [r2, #0]
10005638:	4621      	mov	r1, r4
1000563a:	4630      	mov	r0, r6
1000563c:	f000 fa80 	bl	10005b40 <tud_control_status>
10005640:	2501      	movs	r5, #1
10005642:	e755      	b.n	100054f0 <process_control_request+0x7c>
10005644:	8863      	ldrh	r3, [r4, #2]
10005646:	2b01      	cmp	r3, #1
10005648:	d001      	beq.n	1000564e <process_control_request+0x1da>
1000564a:	2500      	movs	r5, #0
1000564c:	e750      	b.n	100054f0 <process_control_request+0x7c>
1000564e:	4a57      	ldr	r2, [pc, #348]	@ (100057ac <process_control_request+0x338>)
10005650:	7813      	ldrb	r3, [r2, #0]
10005652:	f023 0308 	bic.w	r3, r3, #8
10005656:	7013      	strb	r3, [r2, #0]
10005658:	4621      	mov	r1, r4
1000565a:	4630      	mov	r0, r6
1000565c:	f000 fa70 	bl	10005b40 <tud_control_status>
10005660:	2501      	movs	r5, #1
10005662:	e745      	b.n	100054f0 <process_control_request+0x7c>
10005664:	4b51      	ldr	r3, [pc, #324]	@ (100057ac <process_control_request+0x338>)
10005666:	781a      	ldrb	r2, [r3, #0]
10005668:	0893      	lsrs	r3, r2, #2
1000566a:	f003 0302 	and.w	r3, r3, #2
1000566e:	f3c2 1240 	ubfx	r2, r2, #5, #1
10005672:	4313      	orrs	r3, r2
10005674:	f8ad 3006 	strh.w	r3, [sp, #6]
10005678:	2302      	movs	r3, #2
1000567a:	f10d 0206 	add.w	r2, sp, #6
1000567e:	4621      	mov	r1, r4
10005680:	4630      	mov	r0, r6
10005682:	f000 fa71 	bl	10005b68 <tud_control_xfer>
10005686:	2501      	movs	r5, #1
10005688:	e732      	b.n	100054f0 <process_control_request+0x7c>
1000568a:	f04f 23e0 	mov.w	r3, #3758153728	@ 0xe000e000
1000568e:	f8d3 3df0 	ldr.w	r3, [r3, #3568]	@ 0xdf0
10005692:	f013 0f01 	tst.w	r3, #1
10005696:	f000 80df 	beq.w	10005858 <process_control_request+0x3e4>
1000569a:	be00      	bkpt	0x0000
1000569c:	2500      	movs	r5, #0
1000569e:	e727      	b.n	100054f0 <process_control_request+0x7c>
100056a0:	88a3      	ldrh	r3, [r4, #4]
100056a2:	b2db      	uxtb	r3, r3
100056a4:	2b0f      	cmp	r3, #15
100056a6:	f200 80d9 	bhi.w	1000585c <process_control_request+0x3e8>
100056aa:	4a40      	ldr	r2, [pc, #256]	@ (100057ac <process_control_request+0x338>)
100056ac:	4413      	add	r3, r2
100056ae:	791b      	ldrb	r3, [r3, #4]
100056b0:	4a3f      	ldr	r2, [pc, #252]	@ (100057b0 <process_control_request+0x33c>)
100056b2:	7812      	ldrb	r2, [r2, #0]
100056b4:	4293      	cmp	r3, r2
100056b6:	d222      	bcs.n	100056fe <process_control_request+0x28a>
100056b8:	4a3e      	ldr	r2, [pc, #248]	@ (100057b4 <process_control_request+0x340>)
100056ba:	6811      	ldr	r1, [r2, #0]
100056bc:	eb11 1143 	adds.w	r1, r1, r3, lsl #5
100056c0:	f000 80ce 	beq.w	10005860 <process_control_request+0x3ec>
100056c4:	4622      	mov	r2, r4
100056c6:	4630      	mov	r0, r6
100056c8:	f7ff fb62 	bl	10004d90 <invoke_class_control>
100056cc:	4605      	mov	r5, r0
100056ce:	2800      	cmp	r0, #0
100056d0:	f47f af0e 	bne.w	100054f0 <process_control_request+0x7c>
100056d4:	7823      	ldrb	r3, [r4, #0]
100056d6:	f013 0f60 	tst.w	r3, #96	@ 0x60
100056da:	f47f af09 	bne.w	100054f0 <process_control_request+0x7c>
100056de:	7863      	ldrb	r3, [r4, #1]
100056e0:	3b0a      	subs	r3, #10
100056e2:	2b01      	cmp	r3, #1
100056e4:	f63f af04 	bhi.w	100054f0 <process_control_request+0x7c>
100056e8:	f000 fa9e 	bl	10005c28 <usbd_control_set_complete_callback>
100056ec:	7863      	ldrb	r3, [r4, #1]
100056ee:	2b0a      	cmp	r3, #10
100056f0:	d00e      	beq.n	10005710 <process_control_request+0x29c>
100056f2:	4621      	mov	r1, r4
100056f4:	4630      	mov	r0, r6
100056f6:	f000 fa23 	bl	10005b40 <tud_control_status>
100056fa:	2501      	movs	r5, #1
100056fc:	e6f8      	b.n	100054f0 <process_control_request+0x7c>
100056fe:	1c51      	adds	r1, r2, #1
10005700:	4299      	cmp	r1, r3
10005702:	f2c0 80af 	blt.w	10005864 <process_control_request+0x3f0>
10005706:	1a9b      	subs	r3, r3, r2
10005708:	492b      	ldr	r1, [pc, #172]	@ (100057b8 <process_control_request+0x344>)
1000570a:	eb01 1143 	add.w	r1, r1, r3, lsl #5
1000570e:	e7d9      	b.n	100056c4 <process_control_request+0x250>
10005710:	2300      	movs	r3, #0
10005712:	f88d 3006 	strb.w	r3, [sp, #6]
10005716:	2301      	movs	r3, #1
10005718:	f10d 0206 	add.w	r2, sp, #6
1000571c:	4621      	mov	r1, r4
1000571e:	4630      	mov	r0, r6
10005720:	f000 fa22 	bl	10005b68 <tud_control_xfer>
10005724:	2501      	movs	r5, #1
10005726:	e6e3      	b.n	100054f0 <process_control_request+0x7c>
10005728:	88a2      	ldrh	r2, [r4, #4]
1000572a:	b2d1      	uxtb	r1, r2
1000572c:	f002 057f 	and.w	r5, r2, #127	@ 0x7f
10005730:	f3c2 10c0 	ubfx	r0, r2, #7, #1
10005734:	f012 0f70 	tst.w	r2, #112	@ 0x70
10005738:	d117      	bne.n	1000576a <process_control_request+0x2f6>
1000573a:	4a1c      	ldr	r2, [pc, #112]	@ (100057ac <process_control_request+0x338>)
1000573c:	eb02 0245 	add.w	r2, r2, r5, lsl #1
10005740:	4402      	add	r2, r0
10005742:	7d12      	ldrb	r2, [r2, #20]
10005744:	481a      	ldr	r0, [pc, #104]	@ (100057b0 <process_control_request+0x33c>)
10005746:	7800      	ldrb	r0, [r0, #0]
10005748:	4282      	cmp	r2, r0
1000574a:	d21e      	bcs.n	1000578a <process_control_request+0x316>
1000574c:	4819      	ldr	r0, [pc, #100]	@ (100057b4 <process_control_request+0x340>)
1000574e:	6805      	ldr	r5, [r0, #0]
10005750:	eb05 1542 	add.w	r5, r5, r2, lsl #5
10005754:	b393      	cbz	r3, 100057bc <process_control_request+0x348>
10005756:	2d00      	cmp	r5, #0
10005758:	f000 8086 	beq.w	10005868 <process_control_request+0x3f4>
1000575c:	4622      	mov	r2, r4
1000575e:	4629      	mov	r1, r5
10005760:	4630      	mov	r0, r6
10005762:	f7ff fb15 	bl	10004d90 <invoke_class_control>
10005766:	4605      	mov	r5, r0
10005768:	e6c2      	b.n	100054f0 <process_control_request+0x7c>
1000576a:	f240 3295 	movw	r2, #917	@ 0x395
1000576e:	490c      	ldr	r1, [pc, #48]	@ (100057a0 <process_control_request+0x32c>)
10005770:	480c      	ldr	r0, [pc, #48]	@ (100057a4 <process_control_request+0x330>)
10005772:	f7fe fd99 	bl	100042a8 <__wrap_printf>
10005776:	f04f 23e0 	mov.w	r3, #3758153728	@ 0xe000e000
1000577a:	f8d3 3df0 	ldr.w	r3, [r3, #3568]	@ 0xdf0
1000577e:	f013 0f01 	tst.w	r3, #1
10005782:	d000      	beq.n	10005786 <process_control_request+0x312>
10005784:	be00      	bkpt	0x0000
10005786:	2500      	movs	r5, #0
10005788:	e6b2      	b.n	100054f0 <process_control_request+0x7c>
1000578a:	1c45      	adds	r5, r0, #1
1000578c:	4295      	cmp	r5, r2
1000578e:	db04      	blt.n	1000579a <process_control_request+0x326>
10005790:	1a12      	subs	r2, r2, r0
10005792:	4d09      	ldr	r5, [pc, #36]	@ (100057b8 <process_control_request+0x344>)
10005794:	eb05 1542 	add.w	r5, r5, r2, lsl #5
10005798:	e7dc      	b.n	10005754 <process_control_request+0x2e0>
1000579a:	2500      	movs	r5, #0
1000579c:	e7da      	b.n	10005754 <process_control_request+0x2e0>
1000579e:	bf00      	nop
100057a0:	1000a224 	.word	0x1000a224
100057a4:	100089d0 	.word	0x100089d0
100057a8:	10004369 	.word	0x10004369
100057ac:	200018f0 	.word	0x200018f0
100057b0:	200021d1 	.word	0x200021d1
100057b4:	20001720 	.word	0x20001720
100057b8:	1000a270 	.word	0x1000a270
100057bc:	7863      	ldrb	r3, [r4, #1]
100057be:	2b01      	cmp	r3, #1
100057c0:	d010      	beq.n	100057e4 <process_control_request+0x370>
100057c2:	2b03      	cmp	r3, #3
100057c4:	d00e      	beq.n	100057e4 <process_control_request+0x370>
100057c6:	bb7b      	cbnz	r3, 10005828 <process_control_request+0x3b4>
100057c8:	4630      	mov	r0, r6
100057ca:	f7ff fe45 	bl	10005458 <usbd_edpt_stalled>
100057ce:	f8ad 0006 	strh.w	r0, [sp, #6]
100057d2:	2302      	movs	r3, #2
100057d4:	f10d 0206 	add.w	r2, sp, #6
100057d8:	4621      	mov	r1, r4
100057da:	4630      	mov	r0, r6
100057dc:	f000 f9c4 	bl	10005b68 <tud_control_xfer>
100057e0:	2501      	movs	r5, #1
100057e2:	e685      	b.n	100054f0 <process_control_request+0x7c>
100057e4:	8862      	ldrh	r2, [r4, #2]
100057e6:	b922      	cbnz	r2, 100057f2 <process_control_request+0x37e>
100057e8:	2b01      	cmp	r3, #1
100057ea:	d019      	beq.n	10005820 <process_control_request+0x3ac>
100057ec:	4630      	mov	r0, r6
100057ee:	f7ff fdf7 	bl	100053e0 <usbd_edpt_stall>
100057f2:	2d00      	cmp	r5, #0
100057f4:	d03a      	beq.n	1000586c <process_control_request+0x3f8>
100057f6:	4622      	mov	r2, r4
100057f8:	4629      	mov	r1, r5
100057fa:	4630      	mov	r0, r6
100057fc:	f7ff fac8 	bl	10004d90 <invoke_class_control>
10005800:	2000      	movs	r0, #0
10005802:	f000 fa11 	bl	10005c28 <usbd_control_set_complete_callback>
10005806:	4b1b      	ldr	r3, [pc, #108]	@ (10005874 <process_control_request+0x400>)
10005808:	f893 5035 	ldrb.w	r5, [r3, #53]	@ 0x35
1000580c:	f015 0501 	ands.w	r5, r5, #1
10005810:	f47f ae6e 	bne.w	100054f0 <process_control_request+0x7c>
10005814:	4621      	mov	r1, r4
10005816:	4630      	mov	r0, r6
10005818:	f000 f992 	bl	10005b40 <tud_control_status>
1000581c:	2501      	movs	r5, #1
1000581e:	e667      	b.n	100054f0 <process_control_request+0x7c>
10005820:	4630      	mov	r0, r6
10005822:	f7ff fdfb 	bl	1000541c <usbd_edpt_clear_stall>
10005826:	e7e4      	b.n	100057f2 <process_control_request+0x37e>
10005828:	f04f 23e0 	mov.w	r3, #3758153728	@ 0xe000e000
1000582c:	f8d3 3df0 	ldr.w	r3, [r3, #3568]	@ 0xdf0
10005830:	f013 0f01 	tst.w	r3, #1
10005834:	d000      	beq.n	10005838 <process_control_request+0x3c4>
10005836:	be00      	bkpt	0x0000
10005838:	2500      	movs	r5, #0
1000583a:	e659      	b.n	100054f0 <process_control_request+0x7c>
1000583c:	f04f 23e0 	mov.w	r3, #3758153728	@ 0xe000e000
10005840:	f8d3 3df0 	ldr.w	r3, [r3, #3568]	@ 0xdf0
10005844:	f013 0f01 	tst.w	r3, #1
10005848:	d012      	beq.n	10005870 <process_control_request+0x3fc>
1000584a:	be00      	bkpt	0x0000
1000584c:	2500      	movs	r5, #0
1000584e:	e64f      	b.n	100054f0 <process_control_request+0x7c>
10005850:	2500      	movs	r5, #0
10005852:	e64d      	b.n	100054f0 <process_control_request+0x7c>
10005854:	2500      	movs	r5, #0
10005856:	e64b      	b.n	100054f0 <process_control_request+0x7c>
10005858:	2500      	movs	r5, #0
1000585a:	e649      	b.n	100054f0 <process_control_request+0x7c>
1000585c:	2500      	movs	r5, #0
1000585e:	e647      	b.n	100054f0 <process_control_request+0x7c>
10005860:	2500      	movs	r5, #0
10005862:	e645      	b.n	100054f0 <process_control_request+0x7c>
10005864:	2500      	movs	r5, #0
10005866:	e643      	b.n	100054f0 <process_control_request+0x7c>
10005868:	2500      	movs	r5, #0
1000586a:	e641      	b.n	100054f0 <process_control_request+0x7c>
1000586c:	2501      	movs	r5, #1
1000586e:	e63f      	b.n	100054f0 <process_control_request+0x7c>
10005870:	2500      	movs	r5, #0
10005872:	e63d      	b.n	100054f0 <process_control_request+0x7c>
10005874:	200018f0 	.word	0x200018f0

10005878 <tud_task_ext>:
10005878:	b510      	push	{r4, lr}
1000587a:	b084      	sub	sp, #16
1000587c:	f7ff fc14 	bl	100050a8 <tud_inited>
10005880:	b948      	cbnz	r0, 10005896 <tud_task_ext+0x1e>
10005882:	b004      	add	sp, #16
10005884:	bd10      	pop	{r4, pc}
10005886:	f89d 0004 	ldrb.w	r0, [sp, #4]
1000588a:	f7ff fa7b 	bl	10004d84 <usbd_reset>
1000588e:	f89d 2008 	ldrb.w	r2, [sp, #8]
10005892:	4b85      	ldr	r3, [pc, #532]	@ (10005aa8 <tud_task_ext+0x230>)
10005894:	709a      	strb	r2, [r3, #2]
10005896:	4b85      	ldr	r3, [pc, #532]	@ (10005aac <tud_task_ext+0x234>)
10005898:	681c      	ldr	r4, [r3, #0]
1000589a:	6963      	ldr	r3, [r4, #20]
1000589c:	f3ef 8210 	mrs	r2, PRIMASK
100058a0:	b672      	cpsid	i
100058a2:	e8d3 0fcf 	ldaexb	r0, [r3]
100058a6:	2101      	movs	r1, #1
100058a8:	2800      	cmp	r0, #0
100058aa:	d1fa      	bne.n	100058a2 <tud_task_ext+0x2a>
100058ac:	e8c3 1f40 	strexb	r0, r1, [r3]
100058b0:	2800      	cmp	r0, #0
100058b2:	d1f6      	bne.n	100058a2 <tud_task_ext+0x2a>
100058b4:	f3bf 8f5f 	dmb	sy
100058b8:	61a2      	str	r2, [r4, #24]
100058ba:	a901      	add	r1, sp, #4
100058bc:	4620      	mov	r0, r4
100058be:	f001 fbe7 	bl	10007090 <tu_fifo_read>
100058c2:	6961      	ldr	r1, [r4, #20]
100058c4:	69a3      	ldr	r3, [r4, #24]
100058c6:	2200      	movs	r2, #0
100058c8:	e8c1 2f8f 	stlb	r2, [r1]
100058cc:	f383 8810 	msr	PRIMASK, r3
100058d0:	2800      	cmp	r0, #0
100058d2:	d0d6      	beq.n	10005882 <tud_task_ext+0xa>
100058d4:	f89d 3005 	ldrb.w	r3, [sp, #5]
100058d8:	3b01      	subs	r3, #1
100058da:	2b07      	cmp	r3, #7
100058dc:	f200 80da 	bhi.w	10005a94 <tud_task_ext+0x21c>
100058e0:	a201      	add	r2, pc, #4	@ (adr r2, 100058e8 <tud_task_ext+0x70>)
100058e2:	f852 f023 	ldr.w	pc, [r2, r3, lsl #2]
100058e6:	bf00      	nop
100058e8:	10005887 	.word	0x10005887
100058ec:	10005909 	.word	0x10005909
100058f0:	10005a81 	.word	0x10005a81
100058f4:	10005a47 	.word	0x10005a47
100058f8:	10005a61 	.word	0x10005a61
100058fc:	10005917 	.word	0x10005917
10005900:	100059ad 	.word	0x100059ad
10005904:	10005a73 	.word	0x10005a73
10005908:	f89d 0004 	ldrb.w	r0, [sp, #4]
1000590c:	f7ff fa3a 	bl	10004d84 <usbd_reset>
10005910:	f7ff fbb5 	bl	1000507e <tud_umount_cb>
10005914:	e7bf      	b.n	10005896 <tud_task_ext+0x1e>
10005916:	4b66      	ldr	r3, [pc, #408]	@ (10005ab0 <tud_task_ext+0x238>)
10005918:	781b      	ldrb	r3, [r3, #0]
1000591a:	2b00      	cmp	r3, #0
1000591c:	d036      	beq.n	1000598c <tud_task_ext+0x114>
1000591e:	4a64      	ldr	r2, [pc, #400]	@ (10005ab0 <tud_task_ext+0x238>)
10005920:	7813      	ldrb	r3, [r2, #0]
10005922:	3b01      	subs	r3, #1
10005924:	b2db      	uxtb	r3, r3
10005926:	7013      	strb	r3, [r2, #0]
10005928:	7813      	ldrb	r3, [r2, #0]
1000592a:	2b00      	cmp	r3, #0
1000592c:	d1b3      	bne.n	10005896 <tud_task_ext+0x1e>
1000592e:	4b5e      	ldr	r3, [pc, #376]	@ (10005aa8 <tud_task_ext+0x230>)
10005930:	781a      	ldrb	r2, [r3, #0]
10005932:	f042 0201 	orr.w	r2, r2, #1
10005936:	701a      	strb	r2, [r3, #0]
10005938:	f893 2034 	ldrb.w	r2, [r3, #52]	@ 0x34
1000593c:	f022 0201 	bic.w	r2, r2, #1
10005940:	f883 2034 	strb.w	r2, [r3, #52]	@ 0x34
10005944:	f893 2034 	ldrb.w	r2, [r3, #52]	@ 0x34
10005948:	f022 0204 	bic.w	r2, r2, #4
1000594c:	f883 2034 	strb.w	r2, [r3, #52]	@ 0x34
10005950:	f893 2035 	ldrb.w	r2, [r3, #53]	@ 0x35
10005954:	f022 0201 	bic.w	r2, r2, #1
10005958:	f883 2035 	strb.w	r2, [r3, #53]	@ 0x35
1000595c:	f893 2035 	ldrb.w	r2, [r3, #53]	@ 0x35
10005960:	f022 0204 	bic.w	r2, r2, #4
10005964:	f883 2035 	strb.w	r2, [r3, #53]	@ 0x35
10005968:	a902      	add	r1, sp, #8
1000596a:	f89d 0004 	ldrb.w	r0, [sp, #4]
1000596e:	f7ff fd81 	bl	10005474 <process_control_request>
10005972:	2800      	cmp	r0, #0
10005974:	d18f      	bne.n	10005896 <tud_task_ext+0x1e>
10005976:	2100      	movs	r1, #0
10005978:	f89d 0004 	ldrb.w	r0, [sp, #4]
1000597c:	f7ff f934 	bl	10004be8 <dcd_edpt_stall>
10005980:	2180      	movs	r1, #128	@ 0x80
10005982:	f89d 0004 	ldrb.w	r0, [sp, #4]
10005986:	f7ff f92f 	bl	10004be8 <dcd_edpt_stall>
1000598a:	e784      	b.n	10005896 <tud_task_ext+0x1e>
1000598c:	f240 2265 	movw	r2, #613	@ 0x265
10005990:	4948      	ldr	r1, [pc, #288]	@ (10005ab4 <tud_task_ext+0x23c>)
10005992:	4849      	ldr	r0, [pc, #292]	@ (10005ab8 <tud_task_ext+0x240>)
10005994:	f7fe fc88 	bl	100042a8 <__wrap_printf>
10005998:	f04f 23e0 	mov.w	r3, #3758153728	@ 0xe000e000
1000599c:	f8d3 3df0 	ldr.w	r3, [r3, #3568]	@ 0xdf0
100059a0:	f013 0f01 	tst.w	r3, #1
100059a4:	f43f af6d 	beq.w	10005882 <tud_task_ext+0xa>
100059a8:	be00      	bkpt	0x0000
100059aa:	e76a      	b.n	10005882 <tud_task_ext+0xa>
100059ac:	f89d 1008 	ldrb.w	r1, [sp, #8]
100059b0:	f001 007f 	and.w	r0, r1, #127	@ 0x7f
100059b4:	09cc      	lsrs	r4, r1, #7
100059b6:	4b3c      	ldr	r3, [pc, #240]	@ (10005aa8 <tud_task_ext+0x230>)
100059b8:	eb03 0340 	add.w	r3, r3, r0, lsl #1
100059bc:	eb03 13d1 	add.w	r3, r3, r1, lsr #7
100059c0:	f893 2034 	ldrb.w	r2, [r3, #52]	@ 0x34
100059c4:	f022 0201 	bic.w	r2, r2, #1
100059c8:	f883 2034 	strb.w	r2, [r3, #52]	@ 0x34
100059cc:	f893 2034 	ldrb.w	r2, [r3, #52]	@ 0x34
100059d0:	f022 0204 	bic.w	r2, r2, #4
100059d4:	f883 2034 	strb.w	r2, [r3, #52]	@ 0x34
100059d8:	b1a8      	cbz	r0, 10005a06 <tud_task_ext+0x18e>
100059da:	4b33      	ldr	r3, [pc, #204]	@ (10005aa8 <tud_task_ext+0x230>)
100059dc:	eb03 0340 	add.w	r3, r3, r0, lsl #1
100059e0:	4423      	add	r3, r4
100059e2:	7d1b      	ldrb	r3, [r3, #20]
100059e4:	4a35      	ldr	r2, [pc, #212]	@ (10005abc <tud_task_ext+0x244>)
100059e6:	7812      	ldrb	r2, [r2, #0]
100059e8:	4293      	cmp	r3, r2
100059ea:	d214      	bcs.n	10005a16 <tud_task_ext+0x19e>
100059ec:	4a34      	ldr	r2, [pc, #208]	@ (10005ac0 <tud_task_ext+0x248>)
100059ee:	6812      	ldr	r2, [r2, #0]
100059f0:	eb12 1343 	adds.w	r3, r2, r3, lsl #5
100059f4:	d017      	beq.n	10005a26 <tud_task_ext+0x1ae>
100059f6:	699c      	ldr	r4, [r3, #24]
100059f8:	9b03      	ldr	r3, [sp, #12]
100059fa:	f89d 2009 	ldrb.w	r2, [sp, #9]
100059fe:	f89d 0004 	ldrb.w	r0, [sp, #4]
10005a02:	47a0      	blx	r4
10005a04:	e747      	b.n	10005896 <tud_task_ext+0x1e>
10005a06:	9b03      	ldr	r3, [sp, #12]
10005a08:	f89d 2009 	ldrb.w	r2, [sp, #9]
10005a0c:	f89d 0004 	ldrb.w	r0, [sp, #4]
10005a10:	f000 f91e 	bl	10005c50 <usbd_control_xfer_cb>
10005a14:	e73f      	b.n	10005896 <tud_task_ext+0x1e>
10005a16:	1c50      	adds	r0, r2, #1
10005a18:	4298      	cmp	r0, r3
10005a1a:	db04      	blt.n	10005a26 <tud_task_ext+0x1ae>
10005a1c:	1a9b      	subs	r3, r3, r2
10005a1e:	4a29      	ldr	r2, [pc, #164]	@ (10005ac4 <tud_task_ext+0x24c>)
10005a20:	eb02 1343 	add.w	r3, r2, r3, lsl #5
10005a24:	e7e7      	b.n	100059f6 <tud_task_ext+0x17e>
10005a26:	f44f 7224 	mov.w	r2, #656	@ 0x290
10005a2a:	4922      	ldr	r1, [pc, #136]	@ (10005ab4 <tud_task_ext+0x23c>)
10005a2c:	4822      	ldr	r0, [pc, #136]	@ (10005ab8 <tud_task_ext+0x240>)
10005a2e:	f7fe fc3b 	bl	100042a8 <__wrap_printf>
10005a32:	f04f 23e0 	mov.w	r3, #3758153728	@ 0xe000e000
10005a36:	f8d3 3df0 	ldr.w	r3, [r3, #3568]	@ 0xdf0
10005a3a:	f013 0f01 	tst.w	r3, #1
10005a3e:	f43f af20 	beq.w	10005882 <tud_task_ext+0xa>
10005a42:	be00      	bkpt	0x0000
10005a44:	e71d      	b.n	10005882 <tud_task_ext+0xa>
10005a46:	4b18      	ldr	r3, [pc, #96]	@ (10005aa8 <tud_task_ext+0x230>)
10005a48:	781b      	ldrb	r3, [r3, #0]
10005a4a:	f013 0f01 	tst.w	r3, #1
10005a4e:	f43f af22 	beq.w	10005896 <tud_task_ext+0x1e>
10005a52:	4b15      	ldr	r3, [pc, #84]	@ (10005aa8 <tud_task_ext+0x230>)
10005a54:	7818      	ldrb	r0, [r3, #0]
10005a56:	f3c0 00c0 	ubfx	r0, r0, #3, #1
10005a5a:	f7ff fb11 	bl	10005080 <tud_suspend_cb>
10005a5e:	e71a      	b.n	10005896 <tud_task_ext+0x1e>
10005a60:	4b11      	ldr	r3, [pc, #68]	@ (10005aa8 <tud_task_ext+0x230>)
10005a62:	781b      	ldrb	r3, [r3, #0]
10005a64:	f013 0f01 	tst.w	r3, #1
10005a68:	f43f af15 	beq.w	10005896 <tud_task_ext+0x1e>
10005a6c:	f7ff fb09 	bl	10005082 <tud_resume_cb>
10005a70:	e711      	b.n	10005896 <tud_task_ext+0x1e>
10005a72:	9b02      	ldr	r3, [sp, #8]
10005a74:	2b00      	cmp	r3, #0
10005a76:	f43f af0e 	beq.w	10005896 <tud_task_ext+0x1e>
10005a7a:	9803      	ldr	r0, [sp, #12]
10005a7c:	4798      	blx	r3
10005a7e:	e70a      	b.n	10005896 <tud_task_ext+0x1e>
10005a80:	4b09      	ldr	r3, [pc, #36]	@ (10005aa8 <tud_task_ext+0x230>)
10005a82:	78db      	ldrb	r3, [r3, #3]
10005a84:	f013 0f01 	tst.w	r3, #1
10005a88:	f43f af05 	beq.w	10005896 <tud_task_ext+0x1e>
10005a8c:	9802      	ldr	r0, [sp, #8]
10005a8e:	f7ff fa74 	bl	10004f7a <tud_sof_cb>
10005a92:	e700      	b.n	10005896 <tud_task_ext+0x1e>
10005a94:	f04f 23e0 	mov.w	r3, #3758153728	@ 0xe000e000
10005a98:	f8d3 3df0 	ldr.w	r3, [r3, #3568]	@ 0xdf0
10005a9c:	f013 0f01 	tst.w	r3, #1
10005aa0:	f43f aef9 	beq.w	10005896 <tud_task_ext+0x1e>
10005aa4:	be00      	bkpt	0x0000
10005aa6:	e6f6      	b.n	10005896 <tud_task_ext+0x1e>
10005aa8:	200018f0 	.word	0x200018f0
10005aac:	20001948 	.word	0x20001948
10005ab0:	200021d3 	.word	0x200021d3
10005ab4:	1000a250 	.word	0x1000a250
10005ab8:	100089d0 	.word	0x100089d0
10005abc:	200021d1 	.word	0x200021d1
10005ac0:	20001720 	.word	0x20001720
10005ac4:	1000a270 	.word	0x1000a270

10005ac8 <status_stage_xact>:
10005ac8:	b508      	push	{r3, lr}
10005aca:	f991 3000 	ldrsb.w	r3, [r1]
10005ace:	2b00      	cmp	r3, #0
10005ad0:	db05      	blt.n	10005ade <status_stage_xact+0x16>
10005ad2:	2180      	movs	r1, #128	@ 0x80
10005ad4:	2300      	movs	r3, #0
10005ad6:	461a      	mov	r2, r3
10005ad8:	f7ff fc3a 	bl	10005350 <usbd_edpt_xfer>
10005adc:	bd08      	pop	{r3, pc}
10005ade:	2100      	movs	r1, #0
10005ae0:	e7f8      	b.n	10005ad4 <status_stage_xact+0xc>
	...

10005ae4 <data_stage_xact>:
10005ae4:	b5f8      	push	{r3, r4, r5, r6, r7, lr}
10005ae6:	4607      	mov	r7, r0
10005ae8:	4b13      	ldr	r3, [pc, #76]	@ (10005b38 <data_stage_xact+0x54>)
10005aea:	899e      	ldrh	r6, [r3, #12]
10005aec:	89dd      	ldrh	r5, [r3, #14]
10005aee:	1b74      	subs	r4, r6, r5
10005af0:	b2a4      	uxth	r4, r4
10005af2:	2c40      	cmp	r4, #64	@ 0x40
10005af4:	bf28      	it	cs
10005af6:	2440      	movcs	r4, #64	@ 0x40
10005af8:	f993 3000 	ldrsb.w	r3, [r3]
10005afc:	2b00      	cmp	r3, #0
10005afe:	db08      	blt.n	10005b12 <data_stage_xact+0x2e>
10005b00:	2100      	movs	r1, #0
10005b02:	42ae      	cmp	r6, r5
10005b04:	d013      	beq.n	10005b2e <data_stage_xact+0x4a>
10005b06:	4a0d      	ldr	r2, [pc, #52]	@ (10005b3c <data_stage_xact+0x58>)
10005b08:	4623      	mov	r3, r4
10005b0a:	4638      	mov	r0, r7
10005b0c:	f7ff fc20 	bl	10005350 <usbd_edpt_xfer>
10005b10:	bdf8      	pop	{r3, r4, r5, r6, r7, pc}
10005b12:	42ae      	cmp	r6, r5
10005b14:	d009      	beq.n	10005b2a <data_stage_xact+0x46>
10005b16:	4b08      	ldr	r3, [pc, #32]	@ (10005b38 <data_stage_xact+0x54>)
10005b18:	6899      	ldr	r1, [r3, #8]
10005b1a:	2c40      	cmp	r4, #64	@ 0x40
10005b1c:	d809      	bhi.n	10005b32 <data_stage_xact+0x4e>
10005b1e:	4622      	mov	r2, r4
10005b20:	4806      	ldr	r0, [pc, #24]	@ (10005b3c <data_stage_xact+0x58>)
10005b22:	f002 f861 	bl	10007be8 <memcpy>
10005b26:	2180      	movs	r1, #128	@ 0x80
10005b28:	e7eb      	b.n	10005b02 <data_stage_xact+0x1e>
10005b2a:	2180      	movs	r1, #128	@ 0x80
10005b2c:	e7e9      	b.n	10005b02 <data_stage_xact+0x1e>
10005b2e:	2200      	movs	r2, #0
10005b30:	e7ea      	b.n	10005b08 <data_stage_xact+0x24>
10005b32:	2000      	movs	r0, #0
10005b34:	e7ec      	b.n	10005b10 <data_stage_xact+0x2c>
10005b36:	bf00      	nop
10005b38:	200018b0 	.word	0x200018b0
10005b3c:	20001870 	.word	0x20001870

10005b40 <tud_control_status>:
10005b40:	b508      	push	{r3, lr}
10005b42:	4686      	mov	lr, r0
10005b44:	460b      	mov	r3, r1
10005b46:	4a07      	ldr	r2, [pc, #28]	@ (10005b64 <tud_control_status+0x24>)
10005b48:	4694      	mov	ip, r2
10005b4a:	6808      	ldr	r0, [r1, #0]
10005b4c:	6849      	ldr	r1, [r1, #4]
10005b4e:	e8ac 0003 	stmia.w	ip!, {r0, r1}
10005b52:	2100      	movs	r1, #0
10005b54:	6091      	str	r1, [r2, #8]
10005b56:	81d1      	strh	r1, [r2, #14]
10005b58:	8191      	strh	r1, [r2, #12]
10005b5a:	4619      	mov	r1, r3
10005b5c:	4670      	mov	r0, lr
10005b5e:	f7ff ffb3 	bl	10005ac8 <status_stage_xact>
10005b62:	bd08      	pop	{r3, pc}
10005b64:	200018b0 	.word	0x200018b0

10005b68 <tud_control_xfer>:
10005b68:	b538      	push	{r3, r4, r5, lr}
10005b6a:	4605      	mov	r5, r0
10005b6c:	468c      	mov	ip, r1
10005b6e:	4c26      	ldr	r4, [pc, #152]	@ (10005c08 <tud_control_xfer+0xa0>)
10005b70:	46a6      	mov	lr, r4
10005b72:	6808      	ldr	r0, [r1, #0]
10005b74:	6849      	ldr	r1, [r1, #4]
10005b76:	e8ae 0003 	stmia.w	lr!, {r0, r1}
10005b7a:	60a2      	str	r2, [r4, #8]
10005b7c:	2100      	movs	r1, #0
10005b7e:	81e1      	strh	r1, [r4, #14]
10005b80:	f8bc 1006 	ldrh.w	r1, [ip, #6]
10005b84:	428b      	cmp	r3, r1
10005b86:	bf28      	it	cs
10005b88:	460b      	movcs	r3, r1
10005b8a:	81a3      	strh	r3, [r4, #12]
10005b8c:	f8bc 1006 	ldrh.w	r1, [ip, #6]
10005b90:	b329      	cbz	r1, 10005bde <tud_control_xfer+0x76>
10005b92:	b103      	cbz	r3, 10005b96 <tud_control_xfer+0x2e>
10005b94:	b132      	cbz	r2, 10005ba4 <tud_control_xfer+0x3c>
10005b96:	4628      	mov	r0, r5
10005b98:	f7ff ffa4 	bl	10005ae4 <data_stage_xact>
10005b9c:	4604      	mov	r4, r0
10005b9e:	b180      	cbz	r0, 10005bc2 <tud_control_xfer+0x5a>
10005ba0:	4620      	mov	r0, r4
10005ba2:	bd38      	pop	{r3, r4, r5, pc}
10005ba4:	2272      	movs	r2, #114	@ 0x72
10005ba6:	4919      	ldr	r1, [pc, #100]	@ (10005c0c <tud_control_xfer+0xa4>)
10005ba8:	4819      	ldr	r0, [pc, #100]	@ (10005c10 <tud_control_xfer+0xa8>)
10005baa:	f7fe fb7d 	bl	100042a8 <__wrap_printf>
10005bae:	f04f 23e0 	mov.w	r3, #3758153728	@ 0xe000e000
10005bb2:	f8d3 3df0 	ldr.w	r3, [r3, #3568]	@ 0xdf0
10005bb6:	f013 0f01 	tst.w	r3, #1
10005bba:	d000      	beq.n	10005bbe <tud_control_xfer+0x56>
10005bbc:	be00      	bkpt	0x0000
10005bbe:	2400      	movs	r4, #0
10005bc0:	e7ee      	b.n	10005ba0 <tud_control_xfer+0x38>
10005bc2:	2274      	movs	r2, #116	@ 0x74
10005bc4:	4911      	ldr	r1, [pc, #68]	@ (10005c0c <tud_control_xfer+0xa4>)
10005bc6:	4812      	ldr	r0, [pc, #72]	@ (10005c10 <tud_control_xfer+0xa8>)
10005bc8:	f7fe fb6e 	bl	100042a8 <__wrap_printf>
10005bcc:	f04f 23e0 	mov.w	r3, #3758153728	@ 0xe000e000
10005bd0:	f8d3 3df0 	ldr.w	r3, [r3, #3568]	@ 0xdf0
10005bd4:	f013 0f01 	tst.w	r3, #1
10005bd8:	d0e2      	beq.n	10005ba0 <tud_control_xfer+0x38>
10005bda:	be00      	bkpt	0x0000
10005bdc:	e7e0      	b.n	10005ba0 <tud_control_xfer+0x38>
10005bde:	4661      	mov	r1, ip
10005be0:	4628      	mov	r0, r5
10005be2:	f7ff ff71 	bl	10005ac8 <status_stage_xact>
10005be6:	4604      	mov	r4, r0
10005be8:	2800      	cmp	r0, #0
10005bea:	d1d9      	bne.n	10005ba0 <tud_control_xfer+0x38>
10005bec:	2276      	movs	r2, #118	@ 0x76
10005bee:	4907      	ldr	r1, [pc, #28]	@ (10005c0c <tud_control_xfer+0xa4>)
10005bf0:	4807      	ldr	r0, [pc, #28]	@ (10005c10 <tud_control_xfer+0xa8>)
10005bf2:	f7fe fb59 	bl	100042a8 <__wrap_printf>
10005bf6:	f04f 23e0 	mov.w	r3, #3758153728	@ 0xe000e000
10005bfa:	f8d3 3df0 	ldr.w	r3, [r3, #3568]	@ 0xdf0
10005bfe:	f013 0f01 	tst.w	r3, #1
10005c02:	d0cd      	beq.n	10005ba0 <tud_control_xfer+0x38>
10005c04:	be00      	bkpt	0x0000
10005c06:	e7cb      	b.n	10005ba0 <tud_control_xfer+0x38>
10005c08:	200018b0 	.word	0x200018b0
10005c0c:	1000a2c8 	.word	0x1000a2c8
10005c10:	100089d0 	.word	0x100089d0

10005c14 <usbd_control_reset>:
10005c14:	4b03      	ldr	r3, [pc, #12]	@ (10005c24 <usbd_control_reset+0x10>)
10005c16:	2200      	movs	r2, #0
10005c18:	601a      	str	r2, [r3, #0]
10005c1a:	605a      	str	r2, [r3, #4]
10005c1c:	609a      	str	r2, [r3, #8]
10005c1e:	60da      	str	r2, [r3, #12]
10005c20:	611a      	str	r2, [r3, #16]
10005c22:	4770      	bx	lr
10005c24:	200018b0 	.word	0x200018b0

10005c28 <usbd_control_set_complete_callback>:
10005c28:	4b01      	ldr	r3, [pc, #4]	@ (10005c30 <usbd_control_set_complete_callback+0x8>)
10005c2a:	6118      	str	r0, [r3, #16]
10005c2c:	4770      	bx	lr
10005c2e:	bf00      	nop
10005c30:	200018b0 	.word	0x200018b0

10005c34 <usbd_control_set_request>:
10005c34:	4601      	mov	r1, r0
10005c36:	4b05      	ldr	r3, [pc, #20]	@ (10005c4c <usbd_control_set_request+0x18>)
10005c38:	461a      	mov	r2, r3
10005c3a:	6800      	ldr	r0, [r0, #0]
10005c3c:	6849      	ldr	r1, [r1, #4]
10005c3e:	c203      	stmia	r2!, {r0, r1}
10005c40:	2200      	movs	r2, #0
10005c42:	609a      	str	r2, [r3, #8]
10005c44:	81da      	strh	r2, [r3, #14]
10005c46:	819a      	strh	r2, [r3, #12]
10005c48:	4770      	bx	lr
10005c4a:	bf00      	nop
10005c4c:	200018b0 	.word	0x200018b0

10005c50 <usbd_control_xfer_cb>:
10005c50:	b538      	push	{r3, r4, r5, lr}
10005c52:	4605      	mov	r5, r0
10005c54:	461c      	mov	r4, r3
10005c56:	4b3d      	ldr	r3, [pc, #244]	@ (10005d4c <usbd_control_xfer_cb+0xfc>)
10005c58:	781b      	ldrb	r3, [r3, #0]
10005c5a:	09db      	lsrs	r3, r3, #7
10005c5c:	ebb3 1fd1 	cmp.w	r3, r1, lsr #7
10005c60:	d01c      	beq.n	10005c9c <usbd_control_xfer_cb+0x4c>
10005c62:	b17c      	cbz	r4, 10005c84 <usbd_control_xfer_cb+0x34>
10005c64:	229d      	movs	r2, #157	@ 0x9d
10005c66:	493a      	ldr	r1, [pc, #232]	@ (10005d50 <usbd_control_xfer_cb+0x100>)
10005c68:	483a      	ldr	r0, [pc, #232]	@ (10005d54 <usbd_control_xfer_cb+0x104>)
10005c6a:	f7fe fb1d 	bl	100042a8 <__wrap_printf>
10005c6e:	f04f 23e0 	mov.w	r3, #3758153728	@ 0xe000e000
10005c72:	f8d3 3df0 	ldr.w	r3, [r3, #3568]	@ 0xdf0
10005c76:	f013 0f01 	tst.w	r3, #1
10005c7a:	d000      	beq.n	10005c7e <usbd_control_xfer_cb+0x2e>
10005c7c:	be00      	bkpt	0x0000
10005c7e:	2400      	movs	r4, #0
10005c80:	4620      	mov	r0, r4
10005c82:	bd38      	pop	{r3, r4, r5, pc}
10005c84:	4c31      	ldr	r4, [pc, #196]	@ (10005d4c <usbd_control_xfer_cb+0xfc>)
10005c86:	4621      	mov	r1, r4
10005c88:	f7fe ff72 	bl	10004b70 <dcd_edpt0_status_complete>
10005c8c:	6923      	ldr	r3, [r4, #16]
10005c8e:	b11b      	cbz	r3, 10005c98 <usbd_control_xfer_cb+0x48>
10005c90:	4622      	mov	r2, r4
10005c92:	2103      	movs	r1, #3
10005c94:	4628      	mov	r0, r5
10005c96:	4798      	blx	r3
10005c98:	2401      	movs	r4, #1
10005c9a:	e7f1      	b.n	10005c80 <usbd_control_xfer_cb+0x30>
10005c9c:	4b2b      	ldr	r3, [pc, #172]	@ (10005d4c <usbd_control_xfer_cb+0xfc>)
10005c9e:	f993 3000 	ldrsb.w	r3, [r3]
10005ca2:	2b00      	cmp	r3, #0
10005ca4:	db07      	blt.n	10005cb6 <usbd_control_xfer_cb+0x66>
10005ca6:	4b29      	ldr	r3, [pc, #164]	@ (10005d4c <usbd_control_xfer_cb+0xfc>)
10005ca8:	6898      	ldr	r0, [r3, #8]
10005caa:	2800      	cmp	r0, #0
10005cac:	d04c      	beq.n	10005d48 <usbd_control_xfer_cb+0xf8>
10005cae:	4622      	mov	r2, r4
10005cb0:	4929      	ldr	r1, [pc, #164]	@ (10005d58 <usbd_control_xfer_cb+0x108>)
10005cb2:	f001 ff99 	bl	10007be8 <memcpy>
10005cb6:	4a25      	ldr	r2, [pc, #148]	@ (10005d4c <usbd_control_xfer_cb+0xfc>)
10005cb8:	89d3      	ldrh	r3, [r2, #14]
10005cba:	fa13 f384 	uxtah	r3, r3, r4
10005cbe:	b29b      	uxth	r3, r3
10005cc0:	81d3      	strh	r3, [r2, #14]
10005cc2:	6891      	ldr	r1, [r2, #8]
10005cc4:	4421      	add	r1, r4
10005cc6:	6091      	str	r1, [r2, #8]
10005cc8:	88d2      	ldrh	r2, [r2, #6]
10005cca:	4293      	cmp	r3, r2
10005ccc:	d001      	beq.n	10005cd2 <usbd_control_xfer_cb+0x82>
10005cce:	2c3f      	cmp	r4, #63	@ 0x3f
10005cd0:	d826      	bhi.n	10005d20 <usbd_control_xfer_cb+0xd0>
10005cd2:	4b1e      	ldr	r3, [pc, #120]	@ (10005d4c <usbd_control_xfer_cb+0xfc>)
10005cd4:	691b      	ldr	r3, [r3, #16]
10005cd6:	b123      	cbz	r3, 10005ce2 <usbd_control_xfer_cb+0x92>
10005cd8:	4a1c      	ldr	r2, [pc, #112]	@ (10005d4c <usbd_control_xfer_cb+0xfc>)
10005cda:	2102      	movs	r1, #2
10005cdc:	4628      	mov	r0, r5
10005cde:	4798      	blx	r3
10005ce0:	b1a0      	cbz	r0, 10005d0c <usbd_control_xfer_cb+0xbc>
10005ce2:	491a      	ldr	r1, [pc, #104]	@ (10005d4c <usbd_control_xfer_cb+0xfc>)
10005ce4:	4628      	mov	r0, r5
10005ce6:	f7ff feef 	bl	10005ac8 <status_stage_xact>
10005cea:	4604      	mov	r4, r0
10005cec:	2800      	cmp	r0, #0
10005cee:	d1c7      	bne.n	10005c80 <usbd_control_xfer_cb+0x30>
10005cf0:	22c5      	movs	r2, #197	@ 0xc5
10005cf2:	4917      	ldr	r1, [pc, #92]	@ (10005d50 <usbd_control_xfer_cb+0x100>)
10005cf4:	4817      	ldr	r0, [pc, #92]	@ (10005d54 <usbd_control_xfer_cb+0x104>)
10005cf6:	f7fe fad7 	bl	100042a8 <__wrap_printf>
10005cfa:	f04f 23e0 	mov.w	r3, #3758153728	@ 0xe000e000
10005cfe:	f8d3 3df0 	ldr.w	r3, [r3, #3568]	@ 0xdf0
10005d02:	f013 0f01 	tst.w	r3, #1
10005d06:	d0bb      	beq.n	10005c80 <usbd_control_xfer_cb+0x30>
10005d08:	be00      	bkpt	0x0000
10005d0a:	e7b9      	b.n	10005c80 <usbd_control_xfer_cb+0x30>
10005d0c:	2100      	movs	r1, #0
10005d0e:	4628      	mov	r0, r5
10005d10:	f7fe ff6a 	bl	10004be8 <dcd_edpt_stall>
10005d14:	2180      	movs	r1, #128	@ 0x80
10005d16:	4628      	mov	r0, r5
10005d18:	f7fe ff66 	bl	10004be8 <dcd_edpt_stall>
10005d1c:	2401      	movs	r4, #1
10005d1e:	e7af      	b.n	10005c80 <usbd_control_xfer_cb+0x30>
10005d20:	4628      	mov	r0, r5
10005d22:	f7ff fedf 	bl	10005ae4 <data_stage_xact>
10005d26:	4604      	mov	r4, r0
10005d28:	2800      	cmp	r0, #0
10005d2a:	d1a9      	bne.n	10005c80 <usbd_control_xfer_cb+0x30>
10005d2c:	22cd      	movs	r2, #205	@ 0xcd
10005d2e:	4908      	ldr	r1, [pc, #32]	@ (10005d50 <usbd_control_xfer_cb+0x100>)
10005d30:	4808      	ldr	r0, [pc, #32]	@ (10005d54 <usbd_control_xfer_cb+0x104>)
10005d32:	f7fe fab9 	bl	100042a8 <__wrap_printf>
10005d36:	f04f 23e0 	mov.w	r3, #3758153728	@ 0xe000e000
10005d3a:	f8d3 3df0 	ldr.w	r3, [r3, #3568]	@ 0xdf0
10005d3e:	f013 0f01 	tst.w	r3, #1
10005d42:	d09d      	beq.n	10005c80 <usbd_control_xfer_cb+0x30>
10005d44:	be00      	bkpt	0x0000
10005d46:	e79b      	b.n	10005c80 <usbd_control_xfer_cb+0x30>
10005d48:	2400      	movs	r4, #0
10005d4a:	e799      	b.n	10005c80 <usbd_control_xfer_cb+0x30>
10005d4c:	200018b0 	.word	0x200018b0
10005d50:	1000a2b0 	.word	0x1000a2b0
10005d54:	100089d0 	.word	0x100089d0
10005d58:	20001870 	.word	0x20001870

10005d5c <_prep_out_transaction>:
10005d5c:	b570      	push	{r4, r5, r6, lr}
10005d5e:	4605      	mov	r5, r0
10005d60:	f7ff f990 	bl	10005084 <tud_mounted>
10005d64:	b910      	cbnz	r0, 10005d6c <_prep_out_transaction+0x10>
10005d66:	2400      	movs	r4, #0
10005d68:	4620      	mov	r0, r4
10005d6a:	bd70      	pop	{r4, r5, r6, pc}
10005d6c:	f7ff f994 	bl	10005098 <tud_suspended>
10005d70:	4604      	mov	r4, r0
10005d72:	2800      	cmp	r0, #0
10005d74:	d1f7      	bne.n	10005d66 <_prep_out_transaction+0xa>
10005d76:	4b1c      	ldr	r3, [pc, #112]	@ (10005de8 <_prep_out_transaction+0x8c>)
10005d78:	22c8      	movs	r2, #200	@ 0xc8
10005d7a:	fb02 3305 	mla	r3, r2, r5, r3
10005d7e:	78db      	ldrb	r3, [r3, #3]
10005d80:	2b00      	cmp	r3, #0
10005d82:	d0f0      	beq.n	10005d66 <_prep_out_transaction+0xa>
10005d84:	26c8      	movs	r6, #200	@ 0xc8
10005d86:	fb05 f606 	mul.w	r6, r5, r6
10005d8a:	3610      	adds	r6, #16
10005d8c:	4b16      	ldr	r3, [pc, #88]	@ (10005de8 <_prep_out_transaction+0x8c>)
10005d8e:	441e      	add	r6, r3
10005d90:	4630      	mov	r0, r6
10005d92:	f001 f967 	bl	10007064 <tu_fifo_remaining>
10005d96:	283f      	cmp	r0, #63	@ 0x3f
10005d98:	d9e6      	bls.n	10005d68 <_prep_out_transaction+0xc>
10005d9a:	4b13      	ldr	r3, [pc, #76]	@ (10005de8 <_prep_out_transaction+0x8c>)
10005d9c:	22c8      	movs	r2, #200	@ 0xc8
10005d9e:	fb02 3305 	mla	r3, r2, r5, r3
10005da2:	78d9      	ldrb	r1, [r3, #3]
10005da4:	2000      	movs	r0, #0
10005da6:	f7ff faab 	bl	10005300 <usbd_edpt_claim>
10005daa:	b908      	cbnz	r0, 10005db0 <_prep_out_transaction+0x54>
10005dac:	4604      	mov	r4, r0
10005dae:	e7db      	b.n	10005d68 <_prep_out_transaction+0xc>
10005db0:	4630      	mov	r0, r6
10005db2:	f001 f957 	bl	10007064 <tu_fifo_remaining>
10005db6:	283f      	cmp	r0, #63	@ 0x3f
10005db8:	d90d      	bls.n	10005dd6 <_prep_out_transaction+0x7a>
10005dba:	490b      	ldr	r1, [pc, #44]	@ (10005de8 <_prep_out_transaction+0x8c>)
10005dbc:	23c8      	movs	r3, #200	@ 0xc8
10005dbe:	fb03 1105 	mla	r1, r3, r5, r1
10005dc2:	2340      	movs	r3, #64	@ 0x40
10005dc4:	4a09      	ldr	r2, [pc, #36]	@ (10005dec <_prep_out_transaction+0x90>)
10005dc6:	eb02 12c5 	add.w	r2, r2, r5, lsl #7
10005dca:	78c9      	ldrb	r1, [r1, #3]
10005dcc:	2000      	movs	r0, #0
10005dce:	f7ff fabf 	bl	10005350 <usbd_edpt_xfer>
10005dd2:	4604      	mov	r4, r0
10005dd4:	e7c8      	b.n	10005d68 <_prep_out_transaction+0xc>
10005dd6:	4b04      	ldr	r3, [pc, #16]	@ (10005de8 <_prep_out_transaction+0x8c>)
10005dd8:	22c8      	movs	r2, #200	@ 0xc8
10005dda:	fb02 3305 	mla	r3, r2, r5, r3
10005dde:	78d9      	ldrb	r1, [r3, #3]
10005de0:	2000      	movs	r0, #0
10005de2:	f7ff faa1 	bl	10005328 <usbd_edpt_release>
10005de6:	e7bf      	b.n	10005d68 <_prep_out_transaction+0xc>
10005de8:	200017a8 	.word	0x200017a8
10005dec:	20001724 	.word	0x20001724

10005df0 <tud_cdc_n_connected>:
10005df0:	b510      	push	{r4, lr}
10005df2:	4604      	mov	r4, r0
10005df4:	f7ff f946 	bl	10005084 <tud_mounted>
10005df8:	b908      	cbnz	r0, 10005dfe <tud_cdc_n_connected+0xe>
10005dfa:	2000      	movs	r0, #0
10005dfc:	bd10      	pop	{r4, pc}
10005dfe:	f7ff f94b 	bl	10005098 <tud_suspended>
10005e02:	b948      	cbnz	r0, 10005e18 <tud_cdc_n_connected+0x28>
10005e04:	4b06      	ldr	r3, [pc, #24]	@ (10005e20 <tud_cdc_n_connected+0x30>)
10005e06:	22c8      	movs	r2, #200	@ 0xc8
10005e08:	fb02 3304 	mla	r3, r2, r4, r3
10005e0c:	791b      	ldrb	r3, [r3, #4]
10005e0e:	f013 0f01 	tst.w	r3, #1
10005e12:	d003      	beq.n	10005e1c <tud_cdc_n_connected+0x2c>
10005e14:	2001      	movs	r0, #1
10005e16:	e7f1      	b.n	10005dfc <tud_cdc_n_connected+0xc>
10005e18:	2000      	movs	r0, #0
10005e1a:	e7ef      	b.n	10005dfc <tud_cdc_n_connected+0xc>
10005e1c:	2000      	movs	r0, #0
10005e1e:	e7ed      	b.n	10005dfc <tud_cdc_n_connected+0xc>
10005e20:	200017a8 	.word	0x200017a8

10005e24 <tud_cdc_n_available>:
10005e24:	b508      	push	{r3, lr}
10005e26:	23c8      	movs	r3, #200	@ 0xc8
10005e28:	fb03 f000 	mul.w	r0, r3, r0
10005e2c:	3010      	adds	r0, #16
10005e2e:	4b02      	ldr	r3, [pc, #8]	@ (10005e38 <tud_cdc_n_available+0x14>)
10005e30:	4418      	add	r0, r3
10005e32:	f001 f8e6 	bl	10007002 <tu_fifo_count>
10005e36:	bd08      	pop	{r3, pc}
10005e38:	200017a8 	.word	0x200017a8

10005e3c <tud_cdc_n_read>:
10005e3c:	b538      	push	{r3, r4, r5, lr}
10005e3e:	4604      	mov	r4, r0
10005e40:	23c8      	movs	r3, #200	@ 0xc8
10005e42:	fb00 f303 	mul.w	r3, r0, r3
10005e46:	3310      	adds	r3, #16
10005e48:	4808      	ldr	r0, [pc, #32]	@ (10005e6c <tud_cdc_n_read+0x30>)
10005e4a:	4418      	add	r0, r3
10005e4c:	f64f 73fe 	movw	r3, #65534	@ 0xfffe
10005e50:	429a      	cmp	r2, r3
10005e52:	d808      	bhi.n	10005e66 <tud_cdc_n_read+0x2a>
10005e54:	b292      	uxth	r2, r2
10005e56:	f001 f93a 	bl	100070ce <tu_fifo_read_n>
10005e5a:	4605      	mov	r5, r0
10005e5c:	4620      	mov	r0, r4
10005e5e:	f7ff ff7d 	bl	10005d5c <_prep_out_transaction>
10005e62:	4628      	mov	r0, r5
10005e64:	bd38      	pop	{r3, r4, r5, pc}
10005e66:	f64f 72ff 	movw	r2, #65535	@ 0xffff
10005e6a:	e7f4      	b.n	10005e56 <tud_cdc_n_read+0x1a>
10005e6c:	200017a8 	.word	0x200017a8

10005e70 <tud_cdc_n_write_flush>:
10005e70:	b570      	push	{r4, r5, r6, lr}
10005e72:	4605      	mov	r5, r0
10005e74:	f7ff f906 	bl	10005084 <tud_mounted>
10005e78:	b908      	cbnz	r0, 10005e7e <tud_cdc_n_write_flush+0xe>
10005e7a:	2000      	movs	r0, #0
10005e7c:	bd70      	pop	{r4, r5, r6, pc}
10005e7e:	f7ff f90b 	bl	10005098 <tud_suspended>
10005e82:	2800      	cmp	r0, #0
10005e84:	d1f9      	bne.n	10005e7a <tud_cdc_n_write_flush+0xa>
10005e86:	24c8      	movs	r4, #200	@ 0xc8
10005e88:	fb05 f404 	mul.w	r4, r5, r4
10005e8c:	3420      	adds	r4, #32
10005e8e:	4b22      	ldr	r3, [pc, #136]	@ (10005f18 <tud_cdc_n_write_flush+0xa8>)
10005e90:	441c      	add	r4, r3
10005e92:	3404      	adds	r4, #4
10005e94:	4620      	mov	r0, r4
10005e96:	f001 f8b4 	bl	10007002 <tu_fifo_count>
10005e9a:	b908      	cbnz	r0, 10005ea0 <tud_cdc_n_write_flush+0x30>
10005e9c:	2000      	movs	r0, #0
10005e9e:	e7ed      	b.n	10005e7c <tud_cdc_n_write_flush+0xc>
10005ea0:	4b1d      	ldr	r3, [pc, #116]	@ (10005f18 <tud_cdc_n_write_flush+0xa8>)
10005ea2:	22c8      	movs	r2, #200	@ 0xc8
10005ea4:	fb02 3305 	mla	r3, r2, r5, r3
10005ea8:	7899      	ldrb	r1, [r3, #2]
10005eaa:	2000      	movs	r0, #0
10005eac:	f7ff fa28 	bl	10005300 <usbd_edpt_claim>
10005eb0:	b908      	cbnz	r0, 10005eb6 <tud_cdc_n_write_flush+0x46>
10005eb2:	2000      	movs	r0, #0
10005eb4:	e7e2      	b.n	10005e7c <tud_cdc_n_write_flush+0xc>
10005eb6:	01ee      	lsls	r6, r5, #7
10005eb8:	3640      	adds	r6, #64	@ 0x40
10005eba:	4b18      	ldr	r3, [pc, #96]	@ (10005f1c <tud_cdc_n_write_flush+0xac>)
10005ebc:	441e      	add	r6, r3
10005ebe:	2240      	movs	r2, #64	@ 0x40
10005ec0:	4631      	mov	r1, r6
10005ec2:	4620      	mov	r0, r4
10005ec4:	f001 f903 	bl	100070ce <tu_fifo_read_n>
10005ec8:	4604      	mov	r4, r0
10005eca:	b1d8      	cbz	r0, 10005f04 <tud_cdc_n_write_flush+0x94>
10005ecc:	4912      	ldr	r1, [pc, #72]	@ (10005f18 <tud_cdc_n_write_flush+0xa8>)
10005ece:	23c8      	movs	r3, #200	@ 0xc8
10005ed0:	fb03 1105 	mla	r1, r3, r5, r1
10005ed4:	4603      	mov	r3, r0
10005ed6:	4632      	mov	r2, r6
10005ed8:	7889      	ldrb	r1, [r1, #2]
10005eda:	2000      	movs	r0, #0
10005edc:	f7ff fa38 	bl	10005350 <usbd_edpt_xfer>
10005ee0:	b108      	cbz	r0, 10005ee6 <tud_cdc_n_write_flush+0x76>
10005ee2:	4620      	mov	r0, r4
10005ee4:	e7ca      	b.n	10005e7c <tud_cdc_n_write_flush+0xc>
10005ee6:	22d5      	movs	r2, #213	@ 0xd5
10005ee8:	490d      	ldr	r1, [pc, #52]	@ (10005f20 <tud_cdc_n_write_flush+0xb0>)
10005eea:	480e      	ldr	r0, [pc, #56]	@ (10005f24 <tud_cdc_n_write_flush+0xb4>)
10005eec:	f7fe f9dc 	bl	100042a8 <__wrap_printf>
10005ef0:	f04f 23e0 	mov.w	r3, #3758153728	@ 0xe000e000
10005ef4:	f8d3 3df0 	ldr.w	r3, [r3, #3568]	@ 0xdf0
10005ef8:	f013 0f01 	tst.w	r3, #1
10005efc:	d000      	beq.n	10005f00 <tud_cdc_n_write_flush+0x90>
10005efe:	be00      	bkpt	0x0000
10005f00:	2000      	movs	r0, #0
10005f02:	e7bb      	b.n	10005e7c <tud_cdc_n_write_flush+0xc>
10005f04:	4b04      	ldr	r3, [pc, #16]	@ (10005f18 <tud_cdc_n_write_flush+0xa8>)
10005f06:	22c8      	movs	r2, #200	@ 0xc8
10005f08:	fb02 3305 	mla	r3, r2, r5, r3
10005f0c:	7899      	ldrb	r1, [r3, #2]
10005f0e:	2000      	movs	r0, #0
10005f10:	f7ff fa0a 	bl	10005328 <usbd_edpt_release>
10005f14:	2000      	movs	r0, #0
10005f16:	e7b1      	b.n	10005e7c <tud_cdc_n_write_flush+0xc>
10005f18:	200017a8 	.word	0x200017a8
10005f1c:	20001724 	.word	0x20001724
10005f20:	1000a2f8 	.word	0x1000a2f8
10005f24:	100089d0 	.word	0x100089d0

10005f28 <tud_cdc_n_write>:
10005f28:	b570      	push	{r4, r5, r6, lr}
10005f2a:	4605      	mov	r5, r0
10005f2c:	24c8      	movs	r4, #200	@ 0xc8
10005f2e:	fb00 f404 	mul.w	r4, r0, r4
10005f32:	3420      	adds	r4, #32
10005f34:	4b0c      	ldr	r3, [pc, #48]	@ (10005f68 <tud_cdc_n_write+0x40>)
10005f36:	441c      	add	r4, r3
10005f38:	3404      	adds	r4, #4
10005f3a:	f64f 73fe 	movw	r3, #65534	@ 0xfffe
10005f3e:	429a      	cmp	r2, r3
10005f40:	d80b      	bhi.n	10005f5a <tud_cdc_n_write+0x32>
10005f42:	b292      	uxth	r2, r2
10005f44:	4620      	mov	r0, r4
10005f46:	f001 f8f6 	bl	10007136 <tu_fifo_write_n>
10005f4a:	4606      	mov	r6, r0
10005f4c:	4620      	mov	r0, r4
10005f4e:	f001 f858 	bl	10007002 <tu_fifo_count>
10005f52:	283f      	cmp	r0, #63	@ 0x3f
10005f54:	d804      	bhi.n	10005f60 <tud_cdc_n_write+0x38>
10005f56:	4630      	mov	r0, r6
10005f58:	bd70      	pop	{r4, r5, r6, pc}
10005f5a:	f64f 72ff 	movw	r2, #65535	@ 0xffff
10005f5e:	e7f1      	b.n	10005f44 <tud_cdc_n_write+0x1c>
10005f60:	4628      	mov	r0, r5
10005f62:	f7ff ff85 	bl	10005e70 <tud_cdc_n_write_flush>
10005f66:	e7f6      	b.n	10005f56 <tud_cdc_n_write+0x2e>
10005f68:	200017a8 	.word	0x200017a8

10005f6c <tud_cdc_n_write_available>:
10005f6c:	b508      	push	{r3, lr}
10005f6e:	23c8      	movs	r3, #200	@ 0xc8
10005f70:	fb03 f000 	mul.w	r0, r3, r0
10005f74:	3020      	adds	r0, #32
10005f76:	4b03      	ldr	r3, [pc, #12]	@ (10005f84 <tud_cdc_n_write_available+0x18>)
10005f78:	4418      	add	r0, r3
10005f7a:	3004      	adds	r0, #4
10005f7c:	f001 f872 	bl	10007064 <tu_fifo_remaining>
10005f80:	bd08      	pop	{r3, pc}
10005f82:	bf00      	nop
10005f84:	200017a8 	.word	0x200017a8

10005f88 <cdcd_init>:
10005f88:	e92d 43f0 	stmdb	sp!, {r4, r5, r6, r7, r8, r9, lr}
10005f8c:	b083      	sub	sp, #12
10005f8e:	22c8      	movs	r2, #200	@ 0xc8
10005f90:	2100      	movs	r1, #0
10005f92:	4824      	ldr	r0, [pc, #144]	@ (10006024 <cdcd_init+0x9c>)
10005f94:	f001 fdb0 	bl	10007af8 <memset>
10005f98:	2500      	movs	r5, #0
10005f9a:	4b23      	ldr	r3, [pc, #140]	@ (10006028 <cdcd_init+0xa0>)
10005f9c:	701d      	strb	r5, [r3, #0]
10005f9e:	b115      	cbz	r5, 10005fa6 <cdcd_init+0x1e>
10005fa0:	b003      	add	sp, #12
10005fa2:	e8bd 83f0 	ldmia.w	sp!, {r4, r5, r6, r7, r8, r9, pc}
10005fa6:	4f1f      	ldr	r7, [pc, #124]	@ (10006024 <cdcd_init+0x9c>)
10005fa8:	24c8      	movs	r4, #200	@ 0xc8
10005faa:	fb05 f404 	mul.w	r4, r5, r4
10005fae:	193e      	adds	r6, r7, r4
10005fb0:	23ff      	movs	r3, #255	@ 0xff
10005fb2:	7173      	strb	r3, [r6, #5]
10005fb4:	f44f 33e1 	mov.w	r3, #115200	@ 0x1c200
10005fb8:	60b3      	str	r3, [r6, #8]
10005fba:	f04f 0800 	mov.w	r8, #0
10005fbe:	f886 800c 	strb.w	r8, [r6, #12]
10005fc2:	f886 800d 	strb.w	r8, [r6, #13]
10005fc6:	2308      	movs	r3, #8
10005fc8:	73b3      	strb	r3, [r6, #14]
10005fca:	f104 0138 	add.w	r1, r4, #56	@ 0x38
10005fce:	f104 0010 	add.w	r0, r4, #16
10005fd2:	f8cd 8000 	str.w	r8, [sp]
10005fd6:	2301      	movs	r3, #1
10005fd8:	2240      	movs	r2, #64	@ 0x40
10005fda:	4439      	add	r1, r7
10005fdc:	4438      	add	r0, r7
10005fde:	f000 ffdf 	bl	10006fa0 <tu_fifo_config>
10005fe2:	f104 0178 	add.w	r1, r4, #120	@ 0x78
10005fe6:	f104 0020 	add.w	r0, r4, #32
10005fea:	4438      	add	r0, r7
10005fec:	2301      	movs	r3, #1
10005fee:	9300      	str	r3, [sp, #0]
10005ff0:	2240      	movs	r2, #64	@ 0x40
10005ff2:	4439      	add	r1, r7
10005ff4:	3004      	adds	r0, #4
10005ff6:	f000 ffd3 	bl	10006fa0 <tu_fifo_config>
10005ffa:	f104 09b8 	add.w	r9, r4, #184	@ 0xb8
10005ffe:	44b9      	add	r9, r7
10006000:	4648      	mov	r0, r9
10006002:	f7fb fdb5 	bl	10001b70 <mutex_init>
10006006:	34c0      	adds	r4, #192	@ 0xc0
10006008:	443c      	add	r4, r7
1000600a:	4620      	mov	r0, r4
1000600c:	f7fb fdb0 	bl	10001b70 <mutex_init>
10006010:	f8c6 801c 	str.w	r8, [r6, #28]
10006014:	f8c6 9020 	str.w	r9, [r6, #32]
10006018:	6334      	str	r4, [r6, #48]	@ 0x30
1000601a:	f8c6 8034 	str.w	r8, [r6, #52]	@ 0x34
1000601e:	3501      	adds	r5, #1
10006020:	b2ed      	uxtb	r5, r5
10006022:	e7bc      	b.n	10005f9e <cdcd_init+0x16>
10006024:	200017a8 	.word	0x200017a8
10006028:	200017a4 	.word	0x200017a4

1000602c <cdcd_deinit>:
1000602c:	2300      	movs	r3, #0
1000602e:	b10b      	cbz	r3, 10006034 <cdcd_deinit+0x8>
10006030:	2001      	movs	r0, #1
10006032:	4770      	bx	lr
10006034:	469c      	mov	ip, r3
10006036:	4a0c      	ldr	r2, [pc, #48]	@ (10006068 <cdcd_deinit+0x3c>)
10006038:	21c8      	movs	r1, #200	@ 0xc8
1000603a:	fb01 2203 	mla	r2, r1, r3, r2
1000603e:	6a11      	ldr	r1, [r2, #32]
10006040:	6b10      	ldr	r0, [r2, #48]	@ 0x30
10006042:	b131      	cbz	r1, 10006052 <cdcd_deinit+0x26>
10006044:	4a08      	ldr	r2, [pc, #32]	@ (10006068 <cdcd_deinit+0x3c>)
10006046:	21c8      	movs	r1, #200	@ 0xc8
10006048:	fb01 2203 	mla	r2, r1, r3, r2
1000604c:	2100      	movs	r1, #0
1000604e:	61d1      	str	r1, [r2, #28]
10006050:	6211      	str	r1, [r2, #32]
10006052:	b130      	cbz	r0, 10006062 <cdcd_deinit+0x36>
10006054:	4a04      	ldr	r2, [pc, #16]	@ (10006068 <cdcd_deinit+0x3c>)
10006056:	21c8      	movs	r1, #200	@ 0xc8
10006058:	fb01 220c 	mla	r2, r1, ip, r2
1000605c:	2100      	movs	r1, #0
1000605e:	6311      	str	r1, [r2, #48]	@ 0x30
10006060:	6351      	str	r1, [r2, #52]	@ 0x34
10006062:	3301      	adds	r3, #1
10006064:	b2db      	uxtb	r3, r3
10006066:	e7e2      	b.n	1000602e <cdcd_deinit+0x2>
10006068:	200017a8 	.word	0x200017a8

1000606c <cdcd_reset>:
1000606c:	b538      	push	{r3, r4, r5, lr}
1000606e:	2400      	movs	r4, #0
10006070:	b104      	cbz	r4, 10006074 <cdcd_reset+0x8>
10006072:	bd38      	pop	{r3, r4, r5, pc}
10006074:	4625      	mov	r5, r4
10006076:	23c8      	movs	r3, #200	@ 0xc8
10006078:	fb04 f303 	mul.w	r3, r4, r3
1000607c:	4917      	ldr	r1, [pc, #92]	@ (100060dc <cdcd_reset+0x70>)
1000607e:	1858      	adds	r0, r3, r1
10006080:	2200      	movs	r2, #0
10006082:	50ca      	str	r2, [r1, r3]
10006084:	7102      	strb	r2, [r0, #4]
10006086:	4b16      	ldr	r3, [pc, #88]	@ (100060e0 <cdcd_reset+0x74>)
10006088:	781b      	ldrb	r3, [r3, #0]
1000608a:	f013 0f01 	tst.w	r3, #1
1000608e:	d011      	beq.n	100060b4 <cdcd_reset+0x48>
10006090:	4b13      	ldr	r3, [pc, #76]	@ (100060e0 <cdcd_reset+0x74>)
10006092:	781b      	ldrb	r3, [r3, #0]
10006094:	f013 0f02 	tst.w	r3, #2
10006098:	d015      	beq.n	100060c6 <cdcd_reset+0x5a>
1000609a:	23c8      	movs	r3, #200	@ 0xc8
1000609c:	fb03 f005 	mul.w	r0, r3, r5
100060a0:	3020      	adds	r0, #32
100060a2:	4b0e      	ldr	r3, [pc, #56]	@ (100060dc <cdcd_reset+0x70>)
100060a4:	4418      	add	r0, r3
100060a6:	2101      	movs	r1, #1
100060a8:	3004      	adds	r0, #4
100060aa:	f001 f864 	bl	10007176 <tu_fifo_set_overwritable>
100060ae:	3401      	adds	r4, #1
100060b0:	b2e4      	uxtb	r4, r4
100060b2:	e7dd      	b.n	10006070 <cdcd_reset+0x4>
100060b4:	23c8      	movs	r3, #200	@ 0xc8
100060b6:	fb04 f303 	mul.w	r3, r4, r3
100060ba:	3310      	adds	r3, #16
100060bc:	4608      	mov	r0, r1
100060be:	4418      	add	r0, r3
100060c0:	f001 f83e 	bl	10007140 <tu_fifo_clear>
100060c4:	e7e4      	b.n	10006090 <cdcd_reset+0x24>
100060c6:	20c8      	movs	r0, #200	@ 0xc8
100060c8:	fb05 f000 	mul.w	r0, r5, r0
100060cc:	3020      	adds	r0, #32
100060ce:	4b03      	ldr	r3, [pc, #12]	@ (100060dc <cdcd_reset+0x70>)
100060d0:	4418      	add	r0, r3
100060d2:	3004      	adds	r0, #4
100060d4:	f001 f834 	bl	10007140 <tu_fifo_clear>
100060d8:	e7df      	b.n	1000609a <cdcd_reset+0x2e>
100060da:	bf00      	nop
100060dc:	200017a8 	.word	0x200017a8
100060e0:	200017a4 	.word	0x200017a4

100060e4 <cdcd_open>:
100060e4:	e92d 41f0 	stmdb	sp!, {r4, r5, r6, r7, r8, lr}
100060e8:	b082      	sub	sp, #8
100060ea:	794b      	ldrb	r3, [r1, #5]
100060ec:	2b02      	cmp	r3, #2
100060ee:	d17d      	bne.n	100061ec <cdcd_open+0x108>
100060f0:	4606      	mov	r6, r0
100060f2:	798b      	ldrb	r3, [r1, #6]
100060f4:	2b02      	cmp	r3, #2
100060f6:	d17e      	bne.n	100061f6 <cdcd_open+0x112>
100060f8:	2700      	movs	r7, #0
100060fa:	b13f      	cbz	r7, 1000610c <cdcd_open+0x28>
100060fc:	b98f      	cbnz	r7, 10006122 <cdcd_open+0x3e>
100060fe:	788b      	ldrb	r3, [r1, #2]
10006100:	f888 3000 	strb.w	r3, [r8]
10006104:	780b      	ldrb	r3, [r1, #0]
10006106:	18cc      	adds	r4, r1, r3
10006108:	2509      	movs	r5, #9
1000610a:	e01e      	b.n	1000614a <cdcd_open+0x66>
1000610c:	20c8      	movs	r0, #200	@ 0xc8
1000610e:	4b3b      	ldr	r3, [pc, #236]	@ (100061fc <cdcd_open+0x118>)
10006110:	fb00 3807 	mla	r8, r0, r7, r3
10006114:	f898 3002 	ldrb.w	r3, [r8, #2]
10006118:	2b00      	cmp	r3, #0
1000611a:	d0ef      	beq.n	100060fc <cdcd_open+0x18>
1000611c:	3701      	adds	r7, #1
1000611e:	b2ff      	uxtb	r7, r7
10006120:	e7eb      	b.n	100060fa <cdcd_open+0x16>
10006122:	f240 1241 	movw	r2, #321	@ 0x141
10006126:	4936      	ldr	r1, [pc, #216]	@ (10006200 <cdcd_open+0x11c>)
10006128:	4836      	ldr	r0, [pc, #216]	@ (10006204 <cdcd_open+0x120>)
1000612a:	f7fe f8bd 	bl	100042a8 <__wrap_printf>
1000612e:	f04f 23e0 	mov.w	r3, #3758153728	@ 0xe000e000
10006132:	f8d3 3df0 	ldr.w	r3, [r3, #3568]	@ 0xdf0
10006136:	f013 0f01 	tst.w	r3, #1
1000613a:	d000      	beq.n	1000613e <cdcd_open+0x5a>
1000613c:	be00      	bkpt	0x0000
1000613e:	2500      	movs	r5, #0
10006140:	e055      	b.n	100061ee <cdcd_open+0x10a>
10006142:	7823      	ldrb	r3, [r4, #0]
10006144:	441d      	add	r5, r3
10006146:	b2ad      	uxth	r5, r5
10006148:	441c      	add	r4, r3
1000614a:	7863      	ldrb	r3, [r4, #1]
1000614c:	2b24      	cmp	r3, #36	@ 0x24
1000614e:	d101      	bne.n	10006154 <cdcd_open+0x70>
10006150:	4295      	cmp	r5, r2
10006152:	d9f6      	bls.n	10006142 <cdcd_open+0x5e>
10006154:	2b05      	cmp	r3, #5
10006156:	d009      	beq.n	1000616c <cdcd_open+0x88>
10006158:	7863      	ldrb	r3, [r4, #1]
1000615a:	2b04      	cmp	r3, #4
1000615c:	d102      	bne.n	10006164 <cdcd_open+0x80>
1000615e:	7963      	ldrb	r3, [r4, #5]
10006160:	2b0a      	cmp	r3, #10
10006162:	d020      	beq.n	100061a6 <cdcd_open+0xc2>
10006164:	4638      	mov	r0, r7
10006166:	f7ff fdf9 	bl	10005d5c <_prep_out_transaction>
1000616a:	e040      	b.n	100061ee <cdcd_open+0x10a>
1000616c:	4621      	mov	r1, r4
1000616e:	4630      	mov	r0, r6
10006170:	f7ff f836 	bl	100051e0 <usbd_edpt_open>
10006174:	b138      	cbz	r0, 10006186 <cdcd_open+0xa2>
10006176:	78a3      	ldrb	r3, [r4, #2]
10006178:	f888 3001 	strb.w	r3, [r8, #1]
1000617c:	7823      	ldrb	r3, [r4, #0]
1000617e:	441d      	add	r5, r3
10006180:	b2ad      	uxth	r5, r5
10006182:	441c      	add	r4, r3
10006184:	e7e8      	b.n	10006158 <cdcd_open+0x74>
10006186:	f240 1253 	movw	r2, #339	@ 0x153
1000618a:	491d      	ldr	r1, [pc, #116]	@ (10006200 <cdcd_open+0x11c>)
1000618c:	481d      	ldr	r0, [pc, #116]	@ (10006204 <cdcd_open+0x120>)
1000618e:	f7fe f88b 	bl	100042a8 <__wrap_printf>
10006192:	f04f 23e0 	mov.w	r3, #3758153728	@ 0xe000e000
10006196:	f8d3 3df0 	ldr.w	r3, [r3, #3568]	@ 0xdf0
1000619a:	f013 0f01 	tst.w	r3, #1
1000619e:	d000      	beq.n	100061a2 <cdcd_open+0xbe>
100061a0:	be00      	bkpt	0x0000
100061a2:	2500      	movs	r5, #0
100061a4:	e023      	b.n	100061ee <cdcd_open+0x10a>
100061a6:	7821      	ldrb	r1, [r4, #0]
100061a8:	440d      	add	r5, r1
100061aa:	b2ad      	uxth	r5, r5
100061ac:	f108 0302 	add.w	r3, r8, #2
100061b0:	9301      	str	r3, [sp, #4]
100061b2:	f108 0303 	add.w	r3, r8, #3
100061b6:	9300      	str	r3, [sp, #0]
100061b8:	2302      	movs	r3, #2
100061ba:	461a      	mov	r2, r3
100061bc:	4421      	add	r1, r4
100061be:	4630      	mov	r0, r6
100061c0:	f7ff f84c 	bl	1000525c <usbd_open_edpt_pair>
100061c4:	b110      	cbz	r0, 100061cc <cdcd_open+0xe8>
100061c6:	350e      	adds	r5, #14
100061c8:	b2ad      	uxth	r5, r5
100061ca:	e7cb      	b.n	10006164 <cdcd_open+0x80>
100061cc:	f44f 72b1 	mov.w	r2, #354	@ 0x162
100061d0:	490b      	ldr	r1, [pc, #44]	@ (10006200 <cdcd_open+0x11c>)
100061d2:	480c      	ldr	r0, [pc, #48]	@ (10006204 <cdcd_open+0x120>)
100061d4:	f7fe f868 	bl	100042a8 <__wrap_printf>
100061d8:	f04f 23e0 	mov.w	r3, #3758153728	@ 0xe000e000
100061dc:	f8d3 3df0 	ldr.w	r3, [r3, #3568]	@ 0xdf0
100061e0:	f013 0f01 	tst.w	r3, #1
100061e4:	d000      	beq.n	100061e8 <cdcd_open+0x104>
100061e6:	be00      	bkpt	0x0000
100061e8:	2500      	movs	r5, #0
100061ea:	e000      	b.n	100061ee <cdcd_open+0x10a>
100061ec:	2500      	movs	r5, #0
100061ee:	4628      	mov	r0, r5
100061f0:	b002      	add	sp, #8
100061f2:	e8bd 81f0 	ldmia.w	sp!, {r4, r5, r6, r7, r8, pc}
100061f6:	2500      	movs	r5, #0
100061f8:	e7f9      	b.n	100061ee <cdcd_open+0x10a>
100061fa:	bf00      	nop
100061fc:	200017a8 	.word	0x200017a8
10006200:	1000a2ec 	.word	0x1000a2ec
10006204:	100089d0 	.word	0x100089d0

10006208 <cdcd_control_xfer_cb>:
10006208:	7813      	ldrb	r3, [r2, #0]
1000620a:	f003 0360 	and.w	r3, r3, #96	@ 0x60
1000620e:	2b20      	cmp	r3, #32
10006210:	d176      	bne.n	10006300 <cdcd_control_xfer_cb+0xf8>
10006212:	b570      	push	{r4, r5, r6, lr}
10006214:	4694      	mov	ip, r2
10006216:	2400      	movs	r4, #0
10006218:	b154      	cbz	r4, 10006230 <cdcd_control_xfer_cb+0x28>
1000621a:	2c00      	cmp	r4, #0
1000621c:	d172      	bne.n	10006304 <cdcd_control_xfer_cb+0xfc>
1000621e:	f89c 3001 	ldrb.w	r3, [ip, #1]
10006222:	3b20      	subs	r3, #32
10006224:	2b03      	cmp	r3, #3
10006226:	d86f      	bhi.n	10006308 <cdcd_control_xfer_cb+0x100>
10006228:	e8df f003 	tbb	[pc, r3]
1000622c:	56342810 	.word	0x56342810
10006230:	23c8      	movs	r3, #200	@ 0xc8
10006232:	fb04 f303 	mul.w	r3, r4, r3
10006236:	4a38      	ldr	r2, [pc, #224]	@ (10006318 <cdcd_control_xfer_cb+0x110>)
10006238:	eb03 0e02 	add.w	lr, r3, r2
1000623c:	5cd2      	ldrb	r2, [r2, r3]
1000623e:	f8bc 3004 	ldrh.w	r3, [ip, #4]
10006242:	429a      	cmp	r2, r3
10006244:	d0e9      	beq.n	1000621a <cdcd_control_xfer_cb+0x12>
10006246:	3401      	adds	r4, #1
10006248:	b2e4      	uxtb	r4, r4
1000624a:	e7e5      	b.n	10006218 <cdcd_control_xfer_cb+0x10>
1000624c:	2901      	cmp	r1, #1
1000624e:	d003      	beq.n	10006258 <cdcd_control_xfer_cb+0x50>
10006250:	2903      	cmp	r1, #3
10006252:	d009      	beq.n	10006268 <cdcd_control_xfer_cb+0x60>
10006254:	2001      	movs	r0, #1
10006256:	e056      	b.n	10006306 <cdcd_control_xfer_cb+0xfe>
10006258:	2307      	movs	r3, #7
1000625a:	f10e 0208 	add.w	r2, lr, #8
1000625e:	4661      	mov	r1, ip
10006260:	f7ff fc82 	bl	10005b68 <tud_control_xfer>
10006264:	2001      	movs	r0, #1
10006266:	e04e      	b.n	10006306 <cdcd_control_xfer_cb+0xfe>
10006268:	4b2c      	ldr	r3, [pc, #176]	@ (1000631c <cdcd_control_xfer_cb+0x114>)
1000626a:	2b00      	cmp	r3, #0
1000626c:	d04e      	beq.n	1000630c <cdcd_control_xfer_cb+0x104>
1000626e:	f10e 0108 	add.w	r1, lr, #8
10006272:	4620      	mov	r0, r4
10006274:	f7fe f896 	bl	100043a4 <tud_cdc_line_coding_cb>
10006278:	2001      	movs	r0, #1
1000627a:	e044      	b.n	10006306 <cdcd_control_xfer_cb+0xfe>
1000627c:	2901      	cmp	r1, #1
1000627e:	d001      	beq.n	10006284 <cdcd_control_xfer_cb+0x7c>
10006280:	2001      	movs	r0, #1
10006282:	e040      	b.n	10006306 <cdcd_control_xfer_cb+0xfe>
10006284:	2307      	movs	r3, #7
10006286:	f10e 0208 	add.w	r2, lr, #8
1000628a:	4661      	mov	r1, ip
1000628c:	f7ff fc6c 	bl	10005b68 <tud_control_xfer>
10006290:	2001      	movs	r0, #1
10006292:	e038      	b.n	10006306 <cdcd_control_xfer_cb+0xfe>
10006294:	2901      	cmp	r1, #1
10006296:	d003      	beq.n	100062a0 <cdcd_control_xfer_cb+0x98>
10006298:	2903      	cmp	r1, #3
1000629a:	d006      	beq.n	100062aa <cdcd_control_xfer_cb+0xa2>
1000629c:	2001      	movs	r0, #1
1000629e:	e032      	b.n	10006306 <cdcd_control_xfer_cb+0xfe>
100062a0:	4661      	mov	r1, ip
100062a2:	f7ff fc4d 	bl	10005b40 <tud_control_status>
100062a6:	2001      	movs	r0, #1
100062a8:	e02d      	b.n	10006306 <cdcd_control_xfer_cb+0xfe>
100062aa:	f8bc 3002 	ldrh.w	r3, [ip, #2]
100062ae:	f003 0501 	and.w	r5, r3, #1
100062b2:	f3c3 0640 	ubfx	r6, r3, #1, #1
100062b6:	f88e 3004 	strb.w	r3, [lr, #4]
100062ba:	f085 0101 	eor.w	r1, r5, #1
100062be:	f10e 0024 	add.w	r0, lr, #36	@ 0x24
100062c2:	f000 ff58 	bl	10007176 <tu_fifo_set_overwritable>
100062c6:	4b16      	ldr	r3, [pc, #88]	@ (10006320 <cdcd_control_xfer_cb+0x118>)
100062c8:	b313      	cbz	r3, 10006310 <cdcd_control_xfer_cb+0x108>
100062ca:	4632      	mov	r2, r6
100062cc:	4629      	mov	r1, r5
100062ce:	4620      	mov	r0, r4
100062d0:	f3af 8000 	nop.w
100062d4:	2001      	movs	r0, #1
100062d6:	e016      	b.n	10006306 <cdcd_control_xfer_cb+0xfe>
100062d8:	2901      	cmp	r1, #1
100062da:	d003      	beq.n	100062e4 <cdcd_control_xfer_cb+0xdc>
100062dc:	2903      	cmp	r1, #3
100062de:	d006      	beq.n	100062ee <cdcd_control_xfer_cb+0xe6>
100062e0:	2001      	movs	r0, #1
100062e2:	e010      	b.n	10006306 <cdcd_control_xfer_cb+0xfe>
100062e4:	4661      	mov	r1, ip
100062e6:	f7ff fc2b 	bl	10005b40 <tud_control_status>
100062ea:	2001      	movs	r0, #1
100062ec:	e00b      	b.n	10006306 <cdcd_control_xfer_cb+0xfe>
100062ee:	4b0d      	ldr	r3, [pc, #52]	@ (10006324 <cdcd_control_xfer_cb+0x11c>)
100062f0:	b183      	cbz	r3, 10006314 <cdcd_control_xfer_cb+0x10c>
100062f2:	f8bc 1002 	ldrh.w	r1, [ip, #2]
100062f6:	4620      	mov	r0, r4
100062f8:	f3af 8000 	nop.w
100062fc:	2001      	movs	r0, #1
100062fe:	e002      	b.n	10006306 <cdcd_control_xfer_cb+0xfe>
10006300:	2000      	movs	r0, #0
10006302:	4770      	bx	lr
10006304:	2000      	movs	r0, #0
10006306:	bd70      	pop	{r4, r5, r6, pc}
10006308:	2000      	movs	r0, #0
1000630a:	e7fc      	b.n	10006306 <cdcd_control_xfer_cb+0xfe>
1000630c:	2001      	movs	r0, #1
1000630e:	e7fa      	b.n	10006306 <cdcd_control_xfer_cb+0xfe>
10006310:	2001      	movs	r0, #1
10006312:	e7f8      	b.n	10006306 <cdcd_control_xfer_cb+0xfe>
10006314:	2001      	movs	r0, #1
10006316:	e7f6      	b.n	10006306 <cdcd_control_xfer_cb+0xfe>
10006318:	200017a8 	.word	0x200017a8
1000631c:	100043a5 	.word	0x100043a5
	...

10006328 <cdcd_xfer_cb>:
10006328:	e92d 4ff8 	stmdb	sp!, {r3, r4, r5, r6, r7, r8, r9, sl, fp, lr}
1000632c:	4680      	mov	r8, r0
1000632e:	460d      	mov	r5, r1
10006330:	461f      	mov	r7, r3
10006332:	2400      	movs	r4, #0
10006334:	b15c      	cbz	r4, 1000634e <cdcd_xfer_cb+0x26>
10006336:	b9bc      	cbnz	r4, 10006368 <cdcd_xfer_cb+0x40>
10006338:	46a2      	mov	sl, r4
1000633a:	78f3      	ldrb	r3, [r6, #3]
1000633c:	42ab      	cmp	r3, r5
1000633e:	d023      	beq.n	10006388 <cdcd_xfer_cb+0x60>
10006340:	78b3      	ldrb	r3, [r6, #2]
10006342:	42ab      	cmp	r3, r5
10006344:	d055      	beq.n	100063f2 <cdcd_xfer_cb+0xca>
10006346:	2401      	movs	r4, #1
10006348:	4620      	mov	r0, r4
1000634a:	e8bd 8ff8 	ldmia.w	sp!, {r3, r4, r5, r6, r7, r8, r9, sl, fp, pc}
1000634e:	23c8      	movs	r3, #200	@ 0xc8
10006350:	4e3c      	ldr	r6, [pc, #240]	@ (10006444 <cdcd_xfer_cb+0x11c>)
10006352:	fb03 6604 	mla	r6, r3, r4, r6
10006356:	78f3      	ldrb	r3, [r6, #3]
10006358:	42ab      	cmp	r3, r5
1000635a:	d0ec      	beq.n	10006336 <cdcd_xfer_cb+0xe>
1000635c:	78b3      	ldrb	r3, [r6, #2]
1000635e:	42ab      	cmp	r3, r5
10006360:	d0e9      	beq.n	10006336 <cdcd_xfer_cb+0xe>
10006362:	3401      	adds	r4, #1
10006364:	b2e4      	uxtb	r4, r4
10006366:	e7e5      	b.n	10006334 <cdcd_xfer_cb+0xc>
10006368:	f44f 72e6 	mov.w	r2, #460	@ 0x1cc
1000636c:	4936      	ldr	r1, [pc, #216]	@ (10006448 <cdcd_xfer_cb+0x120>)
1000636e:	4837      	ldr	r0, [pc, #220]	@ (1000644c <cdcd_xfer_cb+0x124>)
10006370:	f7fd ff9a 	bl	100042a8 <__wrap_printf>
10006374:	f04f 23e0 	mov.w	r3, #3758153728	@ 0xe000e000
10006378:	f8d3 3df0 	ldr.w	r3, [r3, #3568]	@ 0xdf0
1000637c:	f013 0f01 	tst.w	r3, #1
10006380:	d000      	beq.n	10006384 <cdcd_xfer_cb+0x5c>
10006382:	be00      	bkpt	0x0000
10006384:	2400      	movs	r4, #0
10006386:	e7df      	b.n	10006348 <cdcd_xfer_cb+0x20>
10006388:	f106 0b10 	add.w	fp, r6, #16
1000638c:	b2ba      	uxth	r2, r7
1000638e:	4930      	ldr	r1, [pc, #192]	@ (10006450 <cdcd_xfer_cb+0x128>)
10006390:	eb01 11c4 	add.w	r1, r1, r4, lsl #7
10006394:	4658      	mov	r0, fp
10006396:	f000 fece 	bl	10007136 <tu_fifo_write_n>
1000639a:	4b2e      	ldr	r3, [pc, #184]	@ (10006454 <cdcd_xfer_cb+0x12c>)
1000639c:	b1db      	cbz	r3, 100063d6 <cdcd_xfer_cb+0xae>
1000639e:	7973      	ldrb	r3, [r6, #5]
100063a0:	2bff      	cmp	r3, #255	@ 0xff
100063a2:	d018      	beq.n	100063d6 <cdcd_xfer_cb+0xae>
100063a4:	f04f 0900 	mov.w	r9, #0
100063a8:	e001      	b.n	100063ae <cdcd_xfer_cb+0x86>
100063aa:	f109 0901 	add.w	r9, r9, #1
100063ae:	45b9      	cmp	r9, r7
100063b0:	d211      	bcs.n	100063d6 <cdcd_xfer_cb+0xae>
100063b2:	7972      	ldrb	r2, [r6, #5]
100063b4:	4b26      	ldr	r3, [pc, #152]	@ (10006450 <cdcd_xfer_cb+0x128>)
100063b6:	eb03 13ca 	add.w	r3, r3, sl, lsl #7
100063ba:	f813 3009 	ldrb.w	r3, [r3, r9]
100063be:	429a      	cmp	r2, r3
100063c0:	d1f3      	bne.n	100063aa <cdcd_xfer_cb+0x82>
100063c2:	4658      	mov	r0, fp
100063c4:	f000 fe31 	bl	1000702a <tu_fifo_empty>
100063c8:	2800      	cmp	r0, #0
100063ca:	d1ee      	bne.n	100063aa <cdcd_xfer_cb+0x82>
100063cc:	7971      	ldrb	r1, [r6, #5]
100063ce:	4620      	mov	r0, r4
100063d0:	f3af 8000 	nop.w
100063d4:	e7e9      	b.n	100063aa <cdcd_xfer_cb+0x82>
100063d6:	4b20      	ldr	r3, [pc, #128]	@ (10006458 <cdcd_xfer_cb+0x130>)
100063d8:	b11b      	cbz	r3, 100063e2 <cdcd_xfer_cb+0xba>
100063da:	4658      	mov	r0, fp
100063dc:	f000 fe25 	bl	1000702a <tu_fifo_empty>
100063e0:	b118      	cbz	r0, 100063ea <cdcd_xfer_cb+0xc2>
100063e2:	4620      	mov	r0, r4
100063e4:	f7ff fcba 	bl	10005d5c <_prep_out_transaction>
100063e8:	e7aa      	b.n	10006340 <cdcd_xfer_cb+0x18>
100063ea:	4620      	mov	r0, r4
100063ec:	f3af 8000 	nop.w
100063f0:	e7f7      	b.n	100063e2 <cdcd_xfer_cb+0xba>
100063f2:	4b1a      	ldr	r3, [pc, #104]	@ (1000645c <cdcd_xfer_cb+0x134>)
100063f4:	b113      	cbz	r3, 100063fc <cdcd_xfer_cb+0xd4>
100063f6:	4620      	mov	r0, r4
100063f8:	f3af 8000 	nop.w
100063fc:	4620      	mov	r0, r4
100063fe:	f7ff fd37 	bl	10005e70 <tud_cdc_n_write_flush>
10006402:	b108      	cbz	r0, 10006408 <cdcd_xfer_cb+0xe0>
10006404:	2401      	movs	r4, #1
10006406:	e79f      	b.n	10006348 <cdcd_xfer_cb+0x20>
10006408:	f106 0024 	add.w	r0, r6, #36	@ 0x24
1000640c:	f000 fdf9 	bl	10007002 <tu_fifo_count>
10006410:	b9a0      	cbnz	r0, 1000643c <cdcd_xfer_cb+0x114>
10006412:	b1af      	cbz	r7, 10006440 <cdcd_xfer_cb+0x118>
10006414:	f017 0f3f 	tst.w	r7, #63	@ 0x3f
10006418:	d001      	beq.n	1000641e <cdcd_xfer_cb+0xf6>
1000641a:	2401      	movs	r4, #1
1000641c:	e794      	b.n	10006348 <cdcd_xfer_cb+0x20>
1000641e:	78b1      	ldrb	r1, [r6, #2]
10006420:	4640      	mov	r0, r8
10006422:	f7fe ff6d 	bl	10005300 <usbd_edpt_claim>
10006426:	4604      	mov	r4, r0
10006428:	b908      	cbnz	r0, 1000642e <cdcd_xfer_cb+0x106>
1000642a:	2401      	movs	r4, #1
1000642c:	e78c      	b.n	10006348 <cdcd_xfer_cb+0x20>
1000642e:	2300      	movs	r3, #0
10006430:	461a      	mov	r2, r3
10006432:	78b1      	ldrb	r1, [r6, #2]
10006434:	4640      	mov	r0, r8
10006436:	f7fe ff8b 	bl	10005350 <usbd_edpt_xfer>
1000643a:	e785      	b.n	10006348 <cdcd_xfer_cb+0x20>
1000643c:	2401      	movs	r4, #1
1000643e:	e783      	b.n	10006348 <cdcd_xfer_cb+0x20>
10006440:	2401      	movs	r4, #1
10006442:	e781      	b.n	10006348 <cdcd_xfer_cb+0x20>
10006444:	200017a8 	.word	0x200017a8
10006448:	1000a2dc 	.word	0x1000a2dc
1000644c:	100089d0 	.word	0x100089d0
10006450:	20001724 	.word	0x20001724
	...

10006460 <tud_vendor_n_mounted>:
10006460:	b990      	cbnz	r0, 10006488 <tud_vendor_n_mounted+0x28>
10006462:	4b0a      	ldr	r3, [pc, #40]	@ (1000648c <tud_vendor_n_mounted+0x2c>)
10006464:	f44f 7113 	mov.w	r1, #588	@ 0x24c
10006468:	fb01 3300 	mla	r3, r1, r0, r3
1000646c:	f893 3129 	ldrb.w	r3, [r3, #297]	@ 0x129
10006470:	b933      	cbnz	r3, 10006480 <tud_vendor_n_mounted+0x20>
10006472:	4b06      	ldr	r3, [pc, #24]	@ (1000648c <tud_vendor_n_mounted+0x2c>)
10006474:	fb01 3300 	mla	r3, r1, r0, r3
10006478:	795b      	ldrb	r3, [r3, #5]
1000647a:	b11b      	cbz	r3, 10006484 <tud_vendor_n_mounted+0x24>
1000647c:	2001      	movs	r0, #1
1000647e:	4770      	bx	lr
10006480:	2001      	movs	r0, #1
10006482:	4770      	bx	lr
10006484:	2000      	movs	r0, #0
10006486:	4770      	bx	lr
10006488:	2000      	movs	r0, #0
1000648a:	4770      	bx	lr
1000648c:	20001a8c 	.word	0x20001a8c

10006490 <tud_vendor_n_write_flush>:
10006490:	b108      	cbz	r0, 10006496 <tud_vendor_n_write_flush+0x6>
10006492:	2000      	movs	r0, #0
10006494:	4770      	bx	lr
10006496:	b508      	push	{r3, lr}
10006498:	f44f 7213 	mov.w	r2, #588	@ 0x24c
1000649c:	4903      	ldr	r1, [pc, #12]	@ (100064ac <tud_vendor_n_write_flush+0x1c>)
1000649e:	fb02 1100 	mla	r1, r2, r0, r1
100064a2:	3104      	adds	r1, #4
100064a4:	f000 fb2c 	bl	10006b00 <tu_edpt_stream_write_xfer>
100064a8:	bd08      	pop	{r3, pc}
100064aa:	bf00      	nop
100064ac:	20001a8c 	.word	0x20001a8c

100064b0 <vendord_init>:
100064b0:	e92d 47f0 	stmdb	sp!, {r4, r5, r6, r7, r8, r9, sl, lr}
100064b4:	b084      	sub	sp, #16
100064b6:	f44f 7213 	mov.w	r2, #588	@ 0x24c
100064ba:	2100      	movs	r1, #0
100064bc:	481e      	ldr	r0, [pc, #120]	@ (10006538 <vendord_init+0x88>)
100064be:	f001 fb1b 	bl	10007af8 <memset>
100064c2:	2400      	movs	r4, #0
100064c4:	b114      	cbz	r4, 100064cc <vendord_init+0x1c>
100064c6:	b004      	add	sp, #16
100064c8:	e8bd 87f0 	ldmia.w	sp!, {r4, r5, r6, r7, r8, r9, sl, pc}
100064cc:	f44f 7513 	mov.w	r5, #588	@ 0x24c
100064d0:	fb04 f505 	mul.w	r5, r4, r5
100064d4:	f505 73a4 	add.w	r3, r5, #328	@ 0x148
100064d8:	4f17      	ldr	r7, [pc, #92]	@ (10006538 <vendord_init+0x88>)
100064da:	443b      	add	r3, r7
100064dc:	3304      	adds	r3, #4
100064de:	01e6      	lsls	r6, r4, #7
100064e0:	f8df a058 	ldr.w	sl, [pc, #88]	@ 1000653c <vendord_init+0x8c>
100064e4:	eb0a 12c4 	add.w	r2, sl, r4, lsl #7
100064e8:	f505 7094 	add.w	r0, r5, #296	@ 0x128
100064ec:	f04f 0940 	mov.w	r9, #64	@ 0x40
100064f0:	f8cd 900c 	str.w	r9, [sp, #12]
100064f4:	9202      	str	r2, [sp, #8]
100064f6:	f44f 7880 	mov.w	r8, #256	@ 0x100
100064fa:	f8cd 8004 	str.w	r8, [sp, #4]
100064fe:	9300      	str	r3, [sp, #0]
10006500:	2300      	movs	r3, #0
10006502:	461a      	mov	r2, r3
10006504:	4619      	mov	r1, r3
10006506:	4438      	add	r0, r7
10006508:	f000 fa85 	bl	10006a16 <tu_edpt_stream_init>
1000650c:	f105 0320 	add.w	r3, r5, #32
10006510:	443b      	add	r3, r7
10006512:	3308      	adds	r3, #8
10006514:	444e      	add	r6, r9
10006516:	4456      	add	r6, sl
10006518:	19e8      	adds	r0, r5, r7
1000651a:	f8cd 900c 	str.w	r9, [sp, #12]
1000651e:	9602      	str	r6, [sp, #8]
10006520:	f8cd 8004 	str.w	r8, [sp, #4]
10006524:	9300      	str	r3, [sp, #0]
10006526:	2300      	movs	r3, #0
10006528:	2201      	movs	r2, #1
1000652a:	4619      	mov	r1, r3
1000652c:	3004      	adds	r0, #4
1000652e:	f000 fa72 	bl	10006a16 <tu_edpt_stream_init>
10006532:	3401      	adds	r4, #1
10006534:	b2e4      	uxtb	r4, r4
10006536:	e7c5      	b.n	100064c4 <vendord_init+0x14>
10006538:	20001a8c 	.word	0x20001a8c
1000653c:	20001a0c 	.word	0x20001a0c

10006540 <vendord_deinit>:
10006540:	b570      	push	{r4, r5, r6, lr}
10006542:	2400      	movs	r4, #0
10006544:	b10c      	cbz	r4, 1000654a <vendord_deinit+0xa>
10006546:	2001      	movs	r0, #1
10006548:	bd70      	pop	{r4, r5, r6, pc}
1000654a:	f44f 7513 	mov.w	r5, #588	@ 0x24c
1000654e:	fb04 f505 	mul.w	r5, r4, r5
10006552:	f505 7094 	add.w	r0, r5, #296	@ 0x128
10006556:	4e05      	ldr	r6, [pc, #20]	@ (1000656c <vendord_deinit+0x2c>)
10006558:	4430      	add	r0, r6
1000655a:	f000 fa86 	bl	10006a6a <tu_edpt_stream_deinit>
1000655e:	19a8      	adds	r0, r5, r6
10006560:	3004      	adds	r0, #4
10006562:	f000 fa82 	bl	10006a6a <tu_edpt_stream_deinit>
10006566:	3401      	adds	r4, #1
10006568:	b2e4      	uxtb	r4, r4
1000656a:	e7eb      	b.n	10006544 <vendord_deinit+0x4>
1000656c:	20001a8c 	.word	0x20001a8c

10006570 <vendord_reset>:
10006570:	e92d 41f0 	stmdb	sp!, {r4, r5, r6, r7, r8, lr}
10006574:	2500      	movs	r5, #0
10006576:	b10d      	cbz	r5, 1000657c <vendord_reset+0xc>
10006578:	e8bd 81f0 	ldmia.w	sp!, {r4, r5, r6, r7, r8, pc}
1000657c:	f44f 7413 	mov.w	r4, #588	@ 0x24c
10006580:	fb05 f404 	mul.w	r4, r5, r4
10006584:	4e0b      	ldr	r6, [pc, #44]	@ (100065b4 <vendord_reset+0x44>)
10006586:	eb04 0806 	add.w	r8, r4, r6
1000658a:	2700      	movs	r7, #0
1000658c:	5537      	strb	r7, [r6, r4]
1000658e:	f504 7098 	add.w	r0, r4, #304	@ 0x130
10006592:	4430      	add	r0, r6
10006594:	f000 fdd4 	bl	10007140 <tu_fifo_clear>
10006598:	f104 0008 	add.w	r0, r4, #8
1000659c:	4430      	add	r0, r6
1000659e:	3004      	adds	r0, #4
100065a0:	f000 fdce 	bl	10007140 <tu_fifo_clear>
100065a4:	f888 7129 	strb.w	r7, [r8, #297]	@ 0x129
100065a8:	f888 7005 	strb.w	r7, [r8, #5]
100065ac:	3501      	adds	r5, #1
100065ae:	b2ed      	uxtb	r5, r5
100065b0:	e7e1      	b.n	10006576 <vendord_reset+0x6>
100065b2:	bf00      	nop
100065b4:	20001a8c 	.word	0x20001a8c

100065b8 <vendord_open>:
100065b8:	794b      	ldrb	r3, [r1, #5]
100065ba:	2bff      	cmp	r3, #255	@ 0xff
100065bc:	f040 8094 	bne.w	100066e8 <vendord_open+0x130>
100065c0:	e92d 47f0 	stmdb	sp!, {r4, r5, r6, r7, r8, r9, sl, lr}
100065c4:	4680      	mov	r8, r0
100065c6:	460f      	mov	r7, r1
100065c8:	780c      	ldrb	r4, [r1, #0]
100065ca:	440c      	add	r4, r1
100065cc:	18a5      	adds	r5, r4, r2
100065ce:	2600      	movs	r6, #0
100065d0:	b116      	cbz	r6, 100065d8 <vendord_open+0x20>
100065d2:	2000      	movs	r0, #0
100065d4:	e8bd 87f0 	ldmia.w	sp!, {r4, r5, r6, r7, r8, r9, sl, pc}
100065d8:	4630      	mov	r0, r6
100065da:	f7ff ff41 	bl	10006460 <tud_vendor_n_mounted>
100065de:	b110      	cbz	r0, 100065e6 <vendord_open+0x2e>
100065e0:	3601      	adds	r6, #1
100065e2:	b2f6      	uxtb	r6, r6
100065e4:	e7f4      	b.n	100065d0 <vendord_open+0x18>
100065e6:	f44f 7313 	mov.w	r3, #588	@ 0x24c
100065ea:	fb06 f303 	mul.w	r3, r6, r3
100065ee:	4a3f      	ldr	r2, [pc, #252]	@ (100066ec <vendord_open+0x134>)
100065f0:	eb03 0902 	add.w	r9, r3, r2
100065f4:	78b9      	ldrb	r1, [r7, #2]
100065f6:	54d1      	strb	r1, [r2, r3]
100065f8:	e02a      	b.n	10006650 <vendord_open+0x98>
100065fa:	42ac      	cmp	r4, r5
100065fc:	d271      	bcs.n	100066e2 <vendord_open+0x12a>
100065fe:	4621      	mov	r1, r4
10006600:	4640      	mov	r0, r8
10006602:	f7fe fded 	bl	100051e0 <usbd_edpt_open>
10006606:	b370      	cbz	r0, 10006666 <vendord_open+0xae>
10006608:	3601      	adds	r6, #1
1000660a:	b2f6      	uxtb	r6, r6
1000660c:	78a3      	ldrb	r3, [r4, #2]
1000660e:	09db      	lsrs	r3, r3, #7
10006610:	d138      	bne.n	10006684 <vendord_open+0xcc>
10006612:	f509 7a94 	add.w	sl, r9, #296	@ 0x128
10006616:	f509 7098 	add.w	r0, r9, #304	@ 0x130
1000661a:	f000 fd91 	bl	10007140 <tu_fifo_clear>
1000661e:	78a3      	ldrb	r3, [r4, #2]
10006620:	f889 3129 	strb.w	r3, [r9, #297]	@ 0x129
10006624:	88a3      	ldrh	r3, [r4, #4]
10006626:	f3c3 030a 	ubfx	r3, r3, #0, #11
1000662a:	f5b3 7f00 	cmp.w	r3, #512	@ 0x200
1000662e:	bf14      	ite	ne
10006630:	2300      	movne	r3, #0
10006632:	2301      	moveq	r3, #1
10006634:	f899 2128 	ldrb.w	r2, [r9, #296]	@ 0x128
10006638:	f363 0241 	bfi	r2, r3, #1, #1
1000663c:	f889 2128 	strb.w	r2, [r9, #296]	@ 0x128
10006640:	4651      	mov	r1, sl
10006642:	4640      	mov	r0, r8
10006644:	f000 faa8 	bl	10006b98 <tu_edpt_stream_read_xfer>
10006648:	2800      	cmp	r0, #0
1000664a:	d03b      	beq.n	100066c4 <vendord_open+0x10c>
1000664c:	7823      	ldrb	r3, [r4, #0]
1000664e:	441c      	add	r4, r3
10006650:	793b      	ldrb	r3, [r7, #4]
10006652:	42b3      	cmp	r3, r6
10006654:	d945      	bls.n	100066e2 <vendord_open+0x12a>
10006656:	7863      	ldrb	r3, [r4, #1]
10006658:	2b05      	cmp	r3, #5
1000665a:	d0ce      	beq.n	100065fa <vendord_open+0x42>
1000665c:	42ac      	cmp	r4, r5
1000665e:	d2cc      	bcs.n	100065fa <vendord_open+0x42>
10006660:	7823      	ldrb	r3, [r4, #0]
10006662:	441c      	add	r4, r3
10006664:	e7f7      	b.n	10006656 <vendord_open+0x9e>
10006666:	22e0      	movs	r2, #224	@ 0xe0
10006668:	4921      	ldr	r1, [pc, #132]	@ (100066f0 <vendord_open+0x138>)
1000666a:	4822      	ldr	r0, [pc, #136]	@ (100066f4 <vendord_open+0x13c>)
1000666c:	f7fd fe1c 	bl	100042a8 <__wrap_printf>
10006670:	f04f 23e0 	mov.w	r3, #3758153728	@ 0xe000e000
10006674:	f8d3 3df0 	ldr.w	r3, [r3, #3568]	@ 0xdf0
10006678:	f013 0f01 	tst.w	r3, #1
1000667c:	d000      	beq.n	10006680 <vendord_open+0xc8>
1000667e:	be00      	bkpt	0x0000
10006680:	2000      	movs	r0, #0
10006682:	e7a7      	b.n	100065d4 <vendord_open+0x1c>
10006684:	f109 000c 	add.w	r0, r9, #12
10006688:	f000 fd5a 	bl	10007140 <tu_fifo_clear>
1000668c:	78a3      	ldrb	r3, [r4, #2]
1000668e:	f889 3005 	strb.w	r3, [r9, #5]
10006692:	88a3      	ldrh	r3, [r4, #4]
10006694:	f3c3 030a 	ubfx	r3, r3, #0, #11
10006698:	f5b3 7f00 	cmp.w	r3, #512	@ 0x200
1000669c:	bf14      	ite	ne
1000669e:	2300      	movne	r3, #0
100066a0:	2301      	moveq	r3, #1
100066a2:	f899 2004 	ldrb.w	r2, [r9, #4]
100066a6:	f363 0241 	bfi	r2, r3, #1, #1
100066aa:	f889 2004 	strb.w	r2, [r9, #4]
100066ae:	480f      	ldr	r0, [pc, #60]	@ (100066ec <vendord_open+0x134>)
100066b0:	eba9 0000 	sub.w	r0, r9, r0
100066b4:	1080      	asrs	r0, r0, #2
100066b6:	4b10      	ldr	r3, [pc, #64]	@ (100066f8 <vendord_open+0x140>)
100066b8:	fb03 f000 	mul.w	r0, r3, r0
100066bc:	b2c0      	uxtb	r0, r0
100066be:	f7ff fee7 	bl	10006490 <tud_vendor_n_write_flush>
100066c2:	e7c3      	b.n	1000664c <vendord_open+0x94>
100066c4:	22e8      	movs	r2, #232	@ 0xe8
100066c6:	490a      	ldr	r1, [pc, #40]	@ (100066f0 <vendord_open+0x138>)
100066c8:	480a      	ldr	r0, [pc, #40]	@ (100066f4 <vendord_open+0x13c>)
100066ca:	f7fd fded 	bl	100042a8 <__wrap_printf>
100066ce:	f04f 23e0 	mov.w	r3, #3758153728	@ 0xe000e000
100066d2:	f8d3 3df0 	ldr.w	r3, [r3, #3568]	@ 0xdf0
100066d6:	f013 0f01 	tst.w	r3, #1
100066da:	d000      	beq.n	100066de <vendord_open+0x126>
100066dc:	be00      	bkpt	0x0000
100066de:	2000      	movs	r0, #0
100066e0:	e778      	b.n	100065d4 <vendord_open+0x1c>
100066e2:	1be1      	subs	r1, r4, r7
100066e4:	b288      	uxth	r0, r1
100066e6:	e775      	b.n	100065d4 <vendord_open+0x1c>
100066e8:	2000      	movs	r0, #0
100066ea:	4770      	bx	lr
100066ec:	20001a8c 	.word	0x20001a8c
100066f0:	1000a310 	.word	0x1000a310
100066f4:	100089d0 	.word	0x100089d0
100066f8:	08b51d9b 	.word	0x08b51d9b

100066fc <vendord_xfer_cb>:
100066fc:	e92d 41f0 	stmdb	sp!, {r4, r5, r6, r7, r8, lr}
10006700:	4605      	mov	r5, r0
10006702:	461f      	mov	r7, r3
10006704:	2400      	movs	r4, #0
10006706:	b15c      	cbz	r4, 10006720 <vendord_xfer_cb+0x24>
10006708:	2c00      	cmp	r4, #0
1000670a:	d148      	bne.n	1000679e <vendord_xfer_cb+0xa2>
1000670c:	46a0      	mov	r8, r4
1000670e:	f896 3129 	ldrb.w	r3, [r6, #297]	@ 0x129
10006712:	428b      	cmp	r3, r1
10006714:	d013      	beq.n	1000673e <vendord_xfer_cb+0x42>
10006716:	7973      	ldrb	r3, [r6, #5]
10006718:	428b      	cmp	r3, r1
1000671a:	d02b      	beq.n	10006774 <vendord_xfer_cb+0x78>
1000671c:	2001      	movs	r0, #1
1000671e:	e03f      	b.n	100067a0 <vendord_xfer_cb+0xa4>
10006720:	f44f 7313 	mov.w	r3, #588	@ 0x24c
10006724:	4e1f      	ldr	r6, [pc, #124]	@ (100067a4 <vendord_xfer_cb+0xa8>)
10006726:	fb03 6604 	mla	r6, r3, r4, r6
1000672a:	f896 3129 	ldrb.w	r3, [r6, #297]	@ 0x129
1000672e:	428b      	cmp	r3, r1
10006730:	d0ea      	beq.n	10006708 <vendord_xfer_cb+0xc>
10006732:	7973      	ldrb	r3, [r6, #5]
10006734:	428b      	cmp	r3, r1
10006736:	d0e7      	beq.n	10006708 <vendord_xfer_cb+0xc>
10006738:	3401      	adds	r4, #1
1000673a:	b2e4      	uxtb	r4, r4
1000673c:	e7e3      	b.n	10006706 <vendord_xfer_cb+0xa>
1000673e:	f8b6 3134 	ldrh.w	r3, [r6, #308]	@ 0x134
10006742:	b97b      	cbnz	r3, 10006764 <vendord_xfer_cb+0x68>
10006744:	4b18      	ldr	r3, [pc, #96]	@ (100067a8 <vendord_xfer_cb+0xac>)
10006746:	b133      	cbz	r3, 10006756 <vendord_xfer_cb+0x5a>
10006748:	b2ba      	uxth	r2, r7
1000674a:	4918      	ldr	r1, [pc, #96]	@ (100067ac <vendord_xfer_cb+0xb0>)
1000674c:	eb01 11c8 	add.w	r1, r1, r8, lsl #7
10006750:	4620      	mov	r0, r4
10006752:	f3af 8000 	nop.w
10006756:	f506 7194 	add.w	r1, r6, #296	@ 0x128
1000675a:	4628      	mov	r0, r5
1000675c:	f000 fa1c 	bl	10006b98 <tu_edpt_stream_read_xfer>
10006760:	2001      	movs	r0, #1
10006762:	e01d      	b.n	100067a0 <vendord_xfer_cb+0xa4>
10006764:	b2ba      	uxth	r2, r7
10006766:	f8d6 112c 	ldr.w	r1, [r6, #300]	@ 0x12c
1000676a:	f506 7098 	add.w	r0, r6, #304	@ 0x130
1000676e:	f000 fce2 	bl	10007136 <tu_fifo_write_n>
10006772:	e7e7      	b.n	10006744 <vendord_xfer_cb+0x48>
10006774:	4b0e      	ldr	r3, [pc, #56]	@ (100067b0 <vendord_xfer_cb+0xb4>)
10006776:	b11b      	cbz	r3, 10006780 <vendord_xfer_cb+0x84>
10006778:	b2b9      	uxth	r1, r7
1000677a:	4620      	mov	r0, r4
1000677c:	f3af 8000 	nop.w
10006780:	3604      	adds	r6, #4
10006782:	4631      	mov	r1, r6
10006784:	4628      	mov	r0, r5
10006786:	f000 f9bb 	bl	10006b00 <tu_edpt_stream_write_xfer>
1000678a:	b108      	cbz	r0, 10006790 <vendord_xfer_cb+0x94>
1000678c:	2001      	movs	r0, #1
1000678e:	e007      	b.n	100067a0 <vendord_xfer_cb+0xa4>
10006790:	463a      	mov	r2, r7
10006792:	4631      	mov	r1, r6
10006794:	4628      	mov	r0, r5
10006796:	f000 f96b 	bl	10006a70 <tu_edpt_stream_write_zlp_if_needed>
1000679a:	2001      	movs	r0, #1
1000679c:	e000      	b.n	100067a0 <vendord_xfer_cb+0xa4>
1000679e:	2000      	movs	r0, #0
100067a0:	e8bd 81f0 	ldmia.w	sp!, {r4, r5, r6, r7, r8, pc}
100067a4:	20001a8c 	.word	0x20001a8c
100067a8:	00000000 	.word	0x00000000
100067ac:	20001a0c 	.word	0x20001a0c
100067b0:	00000000 	.word	0x00000000

100067b4 <tusb_rhport_init>:
100067b4:	b510      	push	{r4, lr}
100067b6:	b082      	sub	sp, #8
100067b8:	b151      	cbz	r1, 100067d0 <tusb_rhport_init+0x1c>
100067ba:	460a      	mov	r2, r1
100067bc:	2801      	cmp	r0, #1
100067be:	d824      	bhi.n	1000680a <tusb_rhport_init+0x56>
100067c0:	780b      	ldrb	r3, [r1, #0]
100067c2:	b313      	cbz	r3, 1000680a <tusb_rhport_init+0x56>
100067c4:	4923      	ldr	r1, [pc, #140]	@ (10006854 <tusb_rhport_init+0xa0>)
100067c6:	540b      	strb	r3, [r1, r0]
100067c8:	2b01      	cmp	r3, #1
100067ca:	d02f      	beq.n	1000682c <tusb_rhport_init+0x78>
100067cc:	2401      	movs	r4, #1
100067ce:	e02a      	b.n	10006826 <tusb_rhport_init+0x72>
100067d0:	2301      	movs	r3, #1
100067d2:	f88d 3004 	strb.w	r3, [sp, #4]
100067d6:	2000      	movs	r0, #0
100067d8:	f88d 0005 	strb.w	r0, [sp, #5]
100067dc:	a901      	add	r1, sp, #4
100067de:	f7fe fc6b 	bl	100050b8 <tud_rhport_init>
100067e2:	4604      	mov	r4, r0
100067e4:	b118      	cbz	r0, 100067ee <tusb_rhport_init+0x3a>
100067e6:	4b1b      	ldr	r3, [pc, #108]	@ (10006854 <tusb_rhport_init+0xa0>)
100067e8:	2201      	movs	r2, #1
100067ea:	701a      	strb	r2, [r3, #0]
100067ec:	e01b      	b.n	10006826 <tusb_rhport_init+0x72>
100067ee:	2247      	movs	r2, #71	@ 0x47
100067f0:	4919      	ldr	r1, [pc, #100]	@ (10006858 <tusb_rhport_init+0xa4>)
100067f2:	481a      	ldr	r0, [pc, #104]	@ (1000685c <tusb_rhport_init+0xa8>)
100067f4:	f7fd fd58 	bl	100042a8 <__wrap_printf>
100067f8:	f04f 23e0 	mov.w	r3, #3758153728	@ 0xe000e000
100067fc:	f8d3 3df0 	ldr.w	r3, [r3, #3568]	@ 0xdf0
10006800:	f013 0f01 	tst.w	r3, #1
10006804:	d00f      	beq.n	10006826 <tusb_rhport_init+0x72>
10006806:	be00      	bkpt	0x0000
10006808:	e00d      	b.n	10006826 <tusb_rhport_init+0x72>
1000680a:	225a      	movs	r2, #90	@ 0x5a
1000680c:	4912      	ldr	r1, [pc, #72]	@ (10006858 <tusb_rhport_init+0xa4>)
1000680e:	4813      	ldr	r0, [pc, #76]	@ (1000685c <tusb_rhport_init+0xa8>)
10006810:	f7fd fd4a 	bl	100042a8 <__wrap_printf>
10006814:	f04f 23e0 	mov.w	r3, #3758153728	@ 0xe000e000
10006818:	f8d3 3df0 	ldr.w	r3, [r3, #3568]	@ 0xdf0
1000681c:	f013 0f01 	tst.w	r3, #1
10006820:	d000      	beq.n	10006824 <tusb_rhport_init+0x70>
10006822:	be00      	bkpt	0x0000
10006824:	2400      	movs	r4, #0
10006826:	4620      	mov	r0, r4
10006828:	b002      	add	sp, #8
1000682a:	bd10      	pop	{r4, pc}
1000682c:	4611      	mov	r1, r2
1000682e:	f7fe fc43 	bl	100050b8 <tud_rhport_init>
10006832:	4604      	mov	r4, r0
10006834:	2800      	cmp	r0, #0
10006836:	d1f6      	bne.n	10006826 <tusb_rhport_init+0x72>
10006838:	225f      	movs	r2, #95	@ 0x5f
1000683a:	4907      	ldr	r1, [pc, #28]	@ (10006858 <tusb_rhport_init+0xa4>)
1000683c:	4807      	ldr	r0, [pc, #28]	@ (1000685c <tusb_rhport_init+0xa8>)
1000683e:	f7fd fd33 	bl	100042a8 <__wrap_printf>
10006842:	f04f 23e0 	mov.w	r3, #3758153728	@ 0xe000e000
10006846:	f8d3 3df0 	ldr.w	r3, [r3, #3568]	@ 0xdf0
1000684a:	f013 0f01 	tst.w	r3, #1
1000684e:	d0ea      	beq.n	10006826 <tusb_rhport_init+0x72>
10006850:	be00      	bkpt	0x0000
10006852:	e7e8      	b.n	10006826 <tusb_rhport_init+0x72>
10006854:	200018e4 	.word	0x200018e4
10006858:	1000a390 	.word	0x1000a390
1000685c:	100089d0 	.word	0x100089d0

10006860 <tu_edpt_claim>:
10006860:	b570      	push	{r4, r5, r6, lr}
10006862:	4604      	mov	r4, r0
10006864:	7803      	ldrb	r3, [r0, #0]
10006866:	f013 0001 	ands.w	r0, r3, #1
1000686a:	d11f      	bne.n	100068ac <tu_edpt_claim+0x4c>
1000686c:	460d      	mov	r5, r1
1000686e:	7823      	ldrb	r3, [r4, #0]
10006870:	f3c3 0680 	ubfx	r6, r3, #2, #1
10006874:	f013 0f04 	tst.w	r3, #4
10006878:	d119      	bne.n	100068ae <tu_edpt_claim+0x4e>
1000687a:	f04f 31ff 	mov.w	r1, #4294967295
1000687e:	4628      	mov	r0, r5
10006880:	f001 fbae 	bl	10007fe0 <__mutex_enter_timeout_ms_veneer>
10006884:	7823      	ldrb	r3, [r4, #0]
10006886:	f013 0301 	ands.w	r3, r3, #1
1000688a:	d108      	bne.n	1000689e <tu_edpt_claim+0x3e>
1000688c:	7822      	ldrb	r2, [r4, #0]
1000688e:	f012 0f04 	tst.w	r2, #4
10006892:	d109      	bne.n	100068a8 <tu_edpt_claim+0x48>
10006894:	7823      	ldrb	r3, [r4, #0]
10006896:	f043 0304 	orr.w	r3, r3, #4
1000689a:	7023      	strb	r3, [r4, #0]
1000689c:	2601      	movs	r6, #1
1000689e:	4628      	mov	r0, r5
100068a0:	f001 fbb6 	bl	10008010 <__mutex_exit_veneer>
100068a4:	4630      	mov	r0, r6
100068a6:	e002      	b.n	100068ae <tu_edpt_claim+0x4e>
100068a8:	461e      	mov	r6, r3
100068aa:	e7f8      	b.n	1000689e <tu_edpt_claim+0x3e>
100068ac:	2000      	movs	r0, #0
100068ae:	bd70      	pop	{r4, r5, r6, pc}

100068b0 <tu_edpt_release>:
100068b0:	b570      	push	{r4, r5, r6, lr}
100068b2:	4605      	mov	r5, r0
100068b4:	460c      	mov	r4, r1
100068b6:	f04f 31ff 	mov.w	r1, #4294967295
100068ba:	4620      	mov	r0, r4
100068bc:	f001 fb90 	bl	10007fe0 <__mutex_enter_timeout_ms_veneer>
100068c0:	782b      	ldrb	r3, [r5, #0]
100068c2:	f3c3 0680 	ubfx	r6, r3, #2, #1
100068c6:	f013 0f04 	tst.w	r3, #4
100068ca:	d104      	bne.n	100068d6 <tu_edpt_release+0x26>
100068cc:	4620      	mov	r0, r4
100068ce:	f001 fb9f 	bl	10008010 <__mutex_exit_veneer>
100068d2:	4630      	mov	r0, r6
100068d4:	bd70      	pop	{r4, r5, r6, pc}
100068d6:	782b      	ldrb	r3, [r5, #0]
100068d8:	f013 0f01 	tst.w	r3, #1
100068dc:	d104      	bne.n	100068e8 <tu_edpt_release+0x38>
100068de:	782b      	ldrb	r3, [r5, #0]
100068e0:	f023 0304 	bic.w	r3, r3, #4
100068e4:	702b      	strb	r3, [r5, #0]
100068e6:	e7f1      	b.n	100068cc <tu_edpt_release+0x1c>
100068e8:	2600      	movs	r6, #0
100068ea:	e7ef      	b.n	100068cc <tu_edpt_release+0x1c>

100068ec <tu_edpt_validate>:
100068ec:	b508      	push	{r3, lr}
100068ee:	8883      	ldrh	r3, [r0, #4]
100068f0:	f3c3 020a 	ubfx	r2, r3, #0, #11
100068f4:	78c3      	ldrb	r3, [r0, #3]
100068f6:	f003 0303 	and.w	r3, r3, #3
100068fa:	2b02      	cmp	r3, #2
100068fc:	d01d      	beq.n	1000693a <tu_edpt_validate+0x4e>
100068fe:	2b03      	cmp	r3, #3
10006900:	d044      	beq.n	1000698c <tu_edpt_validate+0xa0>
10006902:	2b01      	cmp	r3, #1
10006904:	d15b      	bne.n	100069be <tu_edpt_validate+0xd2>
10006906:	2902      	cmp	r1, #2
10006908:	d005      	beq.n	10006916 <tu_edpt_validate+0x2a>
1000690a:	f240 33ff 	movw	r3, #1023	@ 0x3ff
1000690e:	4293      	cmp	r3, r2
10006910:	d304      	bcc.n	1000691c <tu_edpt_validate+0x30>
10006912:	2001      	movs	r0, #1
10006914:	e054      	b.n	100069c0 <tu_edpt_validate+0xd4>
10006916:	f44f 6380 	mov.w	r3, #1024	@ 0x400
1000691a:	e7f8      	b.n	1000690e <tu_edpt_validate+0x22>
1000691c:	22d1      	movs	r2, #209	@ 0xd1
1000691e:	4929      	ldr	r1, [pc, #164]	@ (100069c4 <tu_edpt_validate+0xd8>)
10006920:	4829      	ldr	r0, [pc, #164]	@ (100069c8 <tu_edpt_validate+0xdc>)
10006922:	f7fd fcc1 	bl	100042a8 <__wrap_printf>
10006926:	f04f 23e0 	mov.w	r3, #3758153728	@ 0xe000e000
1000692a:	f8d3 3df0 	ldr.w	r3, [r3, #3568]	@ 0xdf0
1000692e:	f013 0f01 	tst.w	r3, #1
10006932:	d000      	beq.n	10006936 <tu_edpt_validate+0x4a>
10006934:	be00      	bkpt	0x0000
10006936:	2000      	movs	r0, #0
10006938:	e042      	b.n	100069c0 <tu_edpt_validate+0xd4>
1000693a:	2902      	cmp	r1, #2
1000693c:	d003      	beq.n	10006946 <tu_edpt_validate+0x5a>
1000693e:	2a40      	cmp	r2, #64	@ 0x40
10006940:	d815      	bhi.n	1000696e <tu_edpt_validate+0x82>
10006942:	2001      	movs	r0, #1
10006944:	e03c      	b.n	100069c0 <tu_edpt_validate+0xd4>
10006946:	f5b2 7f00 	cmp.w	r2, #512	@ 0x200
1000694a:	d101      	bne.n	10006950 <tu_edpt_validate+0x64>
1000694c:	2001      	movs	r0, #1
1000694e:	e037      	b.n	100069c0 <tu_edpt_validate+0xd4>
10006950:	22d8      	movs	r2, #216	@ 0xd8
10006952:	491c      	ldr	r1, [pc, #112]	@ (100069c4 <tu_edpt_validate+0xd8>)
10006954:	481c      	ldr	r0, [pc, #112]	@ (100069c8 <tu_edpt_validate+0xdc>)
10006956:	f7fd fca7 	bl	100042a8 <__wrap_printf>
1000695a:	f04f 23e0 	mov.w	r3, #3758153728	@ 0xe000e000
1000695e:	f8d3 3df0 	ldr.w	r3, [r3, #3568]	@ 0xdf0
10006962:	f013 0f01 	tst.w	r3, #1
10006966:	d000      	beq.n	1000696a <tu_edpt_validate+0x7e>
10006968:	be00      	bkpt	0x0000
1000696a:	2000      	movs	r0, #0
1000696c:	e028      	b.n	100069c0 <tu_edpt_validate+0xd4>
1000696e:	22db      	movs	r2, #219	@ 0xdb
10006970:	4914      	ldr	r1, [pc, #80]	@ (100069c4 <tu_edpt_validate+0xd8>)
10006972:	4815      	ldr	r0, [pc, #84]	@ (100069c8 <tu_edpt_validate+0xdc>)
10006974:	f7fd fc98 	bl	100042a8 <__wrap_printf>
10006978:	f04f 23e0 	mov.w	r3, #3758153728	@ 0xe000e000
1000697c:	f8d3 3df0 	ldr.w	r3, [r3, #3568]	@ 0xdf0
10006980:	f013 0f01 	tst.w	r3, #1
10006984:	d000      	beq.n	10006988 <tu_edpt_validate+0x9c>
10006986:	be00      	bkpt	0x0000
10006988:	2000      	movs	r0, #0
1000698a:	e019      	b.n	100069c0 <tu_edpt_validate+0xd4>
1000698c:	2902      	cmp	r1, #2
1000698e:	d004      	beq.n	1000699a <tu_edpt_validate+0xae>
10006990:	2340      	movs	r3, #64	@ 0x40
10006992:	4293      	cmp	r3, r2
10006994:	d304      	bcc.n	100069a0 <tu_edpt_validate+0xb4>
10006996:	2001      	movs	r0, #1
10006998:	e012      	b.n	100069c0 <tu_edpt_validate+0xd4>
1000699a:	f44f 6380 	mov.w	r3, #1024	@ 0x400
1000699e:	e7f8      	b.n	10006992 <tu_edpt_validate+0xa6>
100069a0:	22e1      	movs	r2, #225	@ 0xe1
100069a2:	4908      	ldr	r1, [pc, #32]	@ (100069c4 <tu_edpt_validate+0xd8>)
100069a4:	4808      	ldr	r0, [pc, #32]	@ (100069c8 <tu_edpt_validate+0xdc>)
100069a6:	f7fd fc7f 	bl	100042a8 <__wrap_printf>
100069aa:	f04f 23e0 	mov.w	r3, #3758153728	@ 0xe000e000
100069ae:	f8d3 3df0 	ldr.w	r3, [r3, #3568]	@ 0xdf0
100069b2:	f013 0f01 	tst.w	r3, #1
100069b6:	d000      	beq.n	100069ba <tu_edpt_validate+0xce>
100069b8:	be00      	bkpt	0x0000
100069ba:	2000      	movs	r0, #0
100069bc:	e000      	b.n	100069c0 <tu_edpt_validate+0xd4>
100069be:	2000      	movs	r0, #0
100069c0:	bd08      	pop	{r3, pc}
100069c2:	bf00      	nop
100069c4:	1000a37c 	.word	0x1000a37c
100069c8:	100089d0 	.word	0x100089d0

100069cc <tu_edpt_bind_driver>:
100069cc:	440a      	add	r2, r1
100069ce:	e004      	b.n	100069da <tu_edpt_bind_driver+0xe>
100069d0:	f85d fb04 	ldr.w	pc, [sp], #4
100069d4:	f891 c000 	ldrb.w	ip, [r1]
100069d8:	4461      	add	r1, ip
100069da:	4291      	cmp	r1, r2
100069dc:	d21a      	bcs.n	10006a14 <tu_edpt_bind_driver+0x48>
100069de:	f891 c001 	ldrb.w	ip, [r1, #1]
100069e2:	f1bc 0f05 	cmp.w	ip, #5
100069e6:	d1f5      	bne.n	100069d4 <tu_edpt_bind_driver+0x8>
100069e8:	b500      	push	{lr}
100069ea:	f891 c002 	ldrb.w	ip, [r1, #2]
100069ee:	f00c 0e7f 	and.w	lr, ip, #127	@ 0x7f
100069f2:	eb00 0e4e 	add.w	lr, r0, lr, lsl #1
100069f6:	ea4f 1cdc 	mov.w	ip, ip, lsr #7
100069fa:	f80e 300c 	strb.w	r3, [lr, ip]
100069fe:	f891 c000 	ldrb.w	ip, [r1]
10006a02:	4461      	add	r1, ip
10006a04:	4291      	cmp	r1, r2
10006a06:	d2e3      	bcs.n	100069d0 <tu_edpt_bind_driver+0x4>
10006a08:	f891 c001 	ldrb.w	ip, [r1, #1]
10006a0c:	f1bc 0f05 	cmp.w	ip, #5
10006a10:	d1f5      	bne.n	100069fe <tu_edpt_bind_driver+0x32>
10006a12:	e7ea      	b.n	100069ea <tu_edpt_bind_driver+0x1e>
10006a14:	4770      	bx	lr

10006a16 <tu_edpt_stream_init>:
10006a16:	b5f0      	push	{r4, r5, r6, r7, lr}
10006a18:	b083      	sub	sp, #12
10006a1a:	4604      	mov	r4, r0
10006a1c:	4617      	mov	r7, r2
10006a1e:	9d08      	ldr	r5, [sp, #32]
10006a20:	f8bd 6024 	ldrh.w	r6, [sp, #36]	@ 0x24
10006a24:	f890 c000 	ldrb.w	ip, [r0]
10006a28:	f361 0c00 	bfi	ip, r1, #0, #1
10006a2c:	f800 cb08 	strb.w	ip, [r0], #8
10006a30:	9300      	str	r3, [sp, #0]
10006a32:	2301      	movs	r3, #1
10006a34:	4632      	mov	r2, r6
10006a36:	4629      	mov	r1, r5
10006a38:	f000 fab2 	bl	10006fa0 <tu_fifo_config>
10006a3c:	b105      	cbz	r5, 10006a40 <tu_edpt_stream_init+0x2a>
10006a3e:	b93e      	cbnz	r6, 10006a50 <tu_edpt_stream_init+0x3a>
10006a40:	9b0a      	ldr	r3, [sp, #40]	@ 0x28
10006a42:	6063      	str	r3, [r4, #4]
10006a44:	f8bd 302c 	ldrh.w	r3, [sp, #44]	@ 0x2c
10006a48:	8063      	strh	r3, [r4, #2]
10006a4a:	2001      	movs	r0, #1
10006a4c:	b003      	add	sp, #12
10006a4e:	bdf0      	pop	{r4, r5, r6, r7, pc}
10006a50:	f104 051c 	add.w	r5, r4, #28
10006a54:	4628      	mov	r0, r5
10006a56:	f7fb f88b 	bl	10001b70 <mutex_init>
10006a5a:	b127      	cbz	r7, 10006a66 <tu_edpt_stream_init+0x50>
10006a5c:	462b      	mov	r3, r5
10006a5e:	2500      	movs	r5, #0
10006a60:	6163      	str	r3, [r4, #20]
10006a62:	61a5      	str	r5, [r4, #24]
10006a64:	e7ec      	b.n	10006a40 <tu_edpt_stream_init+0x2a>
10006a66:	2300      	movs	r3, #0
10006a68:	e7fa      	b.n	10006a60 <tu_edpt_stream_init+0x4a>

10006a6a <tu_edpt_stream_deinit>:
10006a6a:	2001      	movs	r0, #1
10006a6c:	4770      	bx	lr
	...

10006a70 <tu_edpt_stream_write_zlp_if_needed>:
10006a70:	b5f8      	push	{r3, r4, r5, r6, r7, lr}
10006a72:	4606      	mov	r6, r0
10006a74:	460c      	mov	r4, r1
10006a76:	4615      	mov	r5, r2
10006a78:	780b      	ldrb	r3, [r1, #0]
10006a7a:	f013 0f02 	tst.w	r3, #2
10006a7e:	d010      	beq.n	10006aa2 <tu_edpt_stream_write_zlp_if_needed+0x32>
10006a80:	f44f 7700 	mov.w	r7, #512	@ 0x200
10006a84:	f104 0008 	add.w	r0, r4, #8
10006a88:	f000 fabb 	bl	10007002 <tu_fifo_count>
10006a8c:	bb68      	cbnz	r0, 10006aea <tu_edpt_stream_write_zlp_if_needed+0x7a>
10006a8e:	b375      	cbz	r5, 10006aee <tu_edpt_stream_write_zlp_if_needed+0x7e>
10006a90:	3f01      	subs	r7, #1
10006a92:	422f      	tst	r7, r5
10006a94:	d12d      	bne.n	10006af2 <tu_edpt_stream_write_zlp_if_needed+0x82>
10006a96:	7823      	ldrb	r3, [r4, #0]
10006a98:	f013 0f01 	tst.w	r3, #1
10006a9c:	d003      	beq.n	10006aa6 <tu_edpt_stream_write_zlp_if_needed+0x36>
10006a9e:	2000      	movs	r0, #0
10006aa0:	e024      	b.n	10006aec <tu_edpt_stream_write_zlp_if_needed+0x7c>
10006aa2:	2740      	movs	r7, #64	@ 0x40
10006aa4:	e7ee      	b.n	10006a84 <tu_edpt_stream_write_zlp_if_needed+0x14>
10006aa6:	7861      	ldrb	r1, [r4, #1]
10006aa8:	4630      	mov	r0, r6
10006aaa:	f7fe fc29 	bl	10005300 <usbd_edpt_claim>
10006aae:	2800      	cmp	r0, #0
10006ab0:	d0f5      	beq.n	10006a9e <tu_edpt_stream_write_zlp_if_needed+0x2e>
10006ab2:	7823      	ldrb	r3, [r4, #0]
10006ab4:	f013 0f01 	tst.w	r3, #1
10006ab8:	d00f      	beq.n	10006ada <tu_edpt_stream_write_zlp_if_needed+0x6a>
10006aba:	f44f 72b5 	mov.w	r2, #362	@ 0x16a
10006abe:	490e      	ldr	r1, [pc, #56]	@ (10006af8 <tu_edpt_stream_write_zlp_if_needed+0x88>)
10006ac0:	480e      	ldr	r0, [pc, #56]	@ (10006afc <tu_edpt_stream_write_zlp_if_needed+0x8c>)
10006ac2:	f7fd fbf1 	bl	100042a8 <__wrap_printf>
10006ac6:	f04f 23e0 	mov.w	r3, #3758153728	@ 0xe000e000
10006aca:	f8d3 3df0 	ldr.w	r3, [r3, #3568]	@ 0xdf0
10006ace:	f013 0f01 	tst.w	r3, #1
10006ad2:	d000      	beq.n	10006ad6 <tu_edpt_stream_write_zlp_if_needed+0x66>
10006ad4:	be00      	bkpt	0x0000
10006ad6:	2000      	movs	r0, #0
10006ad8:	e008      	b.n	10006aec <tu_edpt_stream_write_zlp_if_needed+0x7c>
10006ada:	2300      	movs	r3, #0
10006adc:	461a      	mov	r2, r3
10006ade:	7861      	ldrb	r1, [r4, #1]
10006ae0:	4630      	mov	r0, r6
10006ae2:	f7fe fc35 	bl	10005350 <usbd_edpt_xfer>
10006ae6:	b908      	cbnz	r0, 10006aec <tu_edpt_stream_write_zlp_if_needed+0x7c>
10006ae8:	e7e7      	b.n	10006aba <tu_edpt_stream_write_zlp_if_needed+0x4a>
10006aea:	2000      	movs	r0, #0
10006aec:	bdf8      	pop	{r3, r4, r5, r6, r7, pc}
10006aee:	2000      	movs	r0, #0
10006af0:	e7fc      	b.n	10006aec <tu_edpt_stream_write_zlp_if_needed+0x7c>
10006af2:	2000      	movs	r0, #0
10006af4:	e7fa      	b.n	10006aec <tu_edpt_stream_write_zlp_if_needed+0x7c>
10006af6:	bf00      	nop
10006af8:	1000a358 	.word	0x1000a358
10006afc:	100089d0 	.word	0x100089d0

10006b00 <tu_edpt_stream_write_xfer>:
10006b00:	b570      	push	{r4, r5, r6, lr}
10006b02:	4606      	mov	r6, r0
10006b04:	460c      	mov	r4, r1
10006b06:	f101 0508 	add.w	r5, r1, #8
10006b0a:	4628      	mov	r0, r5
10006b0c:	f000 fa79 	bl	10007002 <tu_fifo_count>
10006b10:	2800      	cmp	r0, #0
10006b12:	d03b      	beq.n	10006b8c <tu_edpt_stream_write_xfer+0x8c>
10006b14:	7823      	ldrb	r3, [r4, #0]
10006b16:	f013 0f01 	tst.w	r3, #1
10006b1a:	d001      	beq.n	10006b20 <tu_edpt_stream_write_xfer+0x20>
10006b1c:	2000      	movs	r0, #0
10006b1e:	bd70      	pop	{r4, r5, r6, pc}
10006b20:	7861      	ldrb	r1, [r4, #1]
10006b22:	4630      	mov	r0, r6
10006b24:	f7fe fbec 	bl	10005300 <usbd_edpt_claim>
10006b28:	2800      	cmp	r0, #0
10006b2a:	d0f7      	beq.n	10006b1c <tu_edpt_stream_write_xfer+0x1c>
10006b2c:	8862      	ldrh	r2, [r4, #2]
10006b2e:	6861      	ldr	r1, [r4, #4]
10006b30:	4628      	mov	r0, r5
10006b32:	f000 facc 	bl	100070ce <tu_fifo_read_n>
10006b36:	4605      	mov	r5, r0
10006b38:	b1e8      	cbz	r0, 10006b76 <tu_edpt_stream_write_xfer+0x76>
10006b3a:	7823      	ldrb	r3, [r4, #0]
10006b3c:	f013 0f01 	tst.w	r3, #1
10006b40:	d00f      	beq.n	10006b62 <tu_edpt_stream_write_xfer+0x62>
10006b42:	f44f 72bc 	mov.w	r2, #376	@ 0x178
10006b46:	4912      	ldr	r1, [pc, #72]	@ (10006b90 <tu_edpt_stream_write_xfer+0x90>)
10006b48:	4812      	ldr	r0, [pc, #72]	@ (10006b94 <tu_edpt_stream_write_xfer+0x94>)
10006b4a:	f7fd fbad 	bl	100042a8 <__wrap_printf>
10006b4e:	f04f 23e0 	mov.w	r3, #3758153728	@ 0xe000e000
10006b52:	f8d3 3df0 	ldr.w	r3, [r3, #3568]	@ 0xdf0
10006b56:	f013 0f01 	tst.w	r3, #1
10006b5a:	d000      	beq.n	10006b5e <tu_edpt_stream_write_xfer+0x5e>
10006b5c:	be00      	bkpt	0x0000
10006b5e:	2000      	movs	r0, #0
10006b60:	e7dd      	b.n	10006b1e <tu_edpt_stream_write_xfer+0x1e>
10006b62:	4603      	mov	r3, r0
10006b64:	6862      	ldr	r2, [r4, #4]
10006b66:	7861      	ldrb	r1, [r4, #1]
10006b68:	4630      	mov	r0, r6
10006b6a:	f7fe fbf1 	bl	10005350 <usbd_edpt_xfer>
10006b6e:	2800      	cmp	r0, #0
10006b70:	d0e7      	beq.n	10006b42 <tu_edpt_stream_write_xfer+0x42>
10006b72:	4628      	mov	r0, r5
10006b74:	e7d3      	b.n	10006b1e <tu_edpt_stream_write_xfer+0x1e>
10006b76:	7823      	ldrb	r3, [r4, #0]
10006b78:	f013 0f01 	tst.w	r3, #1
10006b7c:	d001      	beq.n	10006b82 <tu_edpt_stream_write_xfer+0x82>
10006b7e:	2000      	movs	r0, #0
10006b80:	e7cd      	b.n	10006b1e <tu_edpt_stream_write_xfer+0x1e>
10006b82:	7861      	ldrb	r1, [r4, #1]
10006b84:	4630      	mov	r0, r6
10006b86:	f7fe fbcf 	bl	10005328 <usbd_edpt_release>
10006b8a:	e7f8      	b.n	10006b7e <tu_edpt_stream_write_xfer+0x7e>
10006b8c:	2000      	movs	r0, #0
10006b8e:	e7c6      	b.n	10006b1e <tu_edpt_stream_write_xfer+0x1e>
10006b90:	1000a33c 	.word	0x1000a33c
10006b94:	100089d0 	.word	0x100089d0

10006b98 <tu_edpt_stream_read_xfer>:
10006b98:	b5f8      	push	{r3, r4, r5, r6, r7, lr}
10006b9a:	4606      	mov	r6, r0
10006b9c:	460c      	mov	r4, r1
10006b9e:	898b      	ldrh	r3, [r1, #12]
10006ba0:	bb5b      	cbnz	r3, 10006bfa <tu_edpt_stream_read_xfer+0x62>
10006ba2:	780b      	ldrb	r3, [r1, #0]
10006ba4:	f013 0f01 	tst.w	r3, #1
10006ba8:	d001      	beq.n	10006bae <tu_edpt_stream_read_xfer+0x16>
10006baa:	2000      	movs	r0, #0
10006bac:	bdf8      	pop	{r3, r4, r5, r6, r7, pc}
10006bae:	7849      	ldrb	r1, [r1, #1]
10006bb0:	f7fe fba6 	bl	10005300 <usbd_edpt_claim>
10006bb4:	2800      	cmp	r0, #0
10006bb6:	d0f8      	beq.n	10006baa <tu_edpt_stream_read_xfer+0x12>
10006bb8:	8863      	ldrh	r3, [r4, #2]
10006bba:	7822      	ldrb	r2, [r4, #0]
10006bbc:	f012 0f01 	tst.w	r2, #1
10006bc0:	d00f      	beq.n	10006be2 <tu_edpt_stream_read_xfer+0x4a>
10006bc2:	f44f 72d9 	mov.w	r2, #434	@ 0x1b2
10006bc6:	4938      	ldr	r1, [pc, #224]	@ (10006ca8 <tu_edpt_stream_read_xfer+0x110>)
10006bc8:	4838      	ldr	r0, [pc, #224]	@ (10006cac <tu_edpt_stream_read_xfer+0x114>)
10006bca:	f7fd fb6d 	bl	100042a8 <__wrap_printf>
10006bce:	f04f 23e0 	mov.w	r3, #3758153728	@ 0xe000e000
10006bd2:	f8d3 3df0 	ldr.w	r3, [r3, #3568]	@ 0xdf0
10006bd6:	f013 0f01 	tst.w	r3, #1
10006bda:	d000      	beq.n	10006bde <tu_edpt_stream_read_xfer+0x46>
10006bdc:	be00      	bkpt	0x0000
10006bde:	2000      	movs	r0, #0
10006be0:	e7e4      	b.n	10006bac <tu_edpt_stream_read_xfer+0x14>
10006be2:	7861      	ldrb	r1, [r4, #1]
10006be4:	b13b      	cbz	r3, 10006bf6 <tu_edpt_stream_read_xfer+0x5e>
10006be6:	6862      	ldr	r2, [r4, #4]
10006be8:	4630      	mov	r0, r6
10006bea:	f7fe fbb1 	bl	10005350 <usbd_edpt_xfer>
10006bee:	2800      	cmp	r0, #0
10006bf0:	d0e7      	beq.n	10006bc2 <tu_edpt_stream_read_xfer+0x2a>
10006bf2:	8860      	ldrh	r0, [r4, #2]
10006bf4:	e7da      	b.n	10006bac <tu_edpt_stream_read_xfer+0x14>
10006bf6:	2200      	movs	r2, #0
10006bf8:	e7f6      	b.n	10006be8 <tu_edpt_stream_read_xfer+0x50>
10006bfa:	780b      	ldrb	r3, [r1, #0]
10006bfc:	f013 0f02 	tst.w	r3, #2
10006c00:	d00e      	beq.n	10006c20 <tu_edpt_stream_read_xfer+0x88>
10006c02:	f44f 7500 	mov.w	r5, #512	@ 0x200
10006c06:	f104 0708 	add.w	r7, r4, #8
10006c0a:	4638      	mov	r0, r7
10006c0c:	f000 fa2a 	bl	10007064 <tu_fifo_remaining>
10006c10:	4285      	cmp	r5, r0
10006c12:	d847      	bhi.n	10006ca4 <tu_edpt_stream_read_xfer+0x10c>
10006c14:	7823      	ldrb	r3, [r4, #0]
10006c16:	f013 0f01 	tst.w	r3, #1
10006c1a:	d003      	beq.n	10006c24 <tu_edpt_stream_read_xfer+0x8c>
10006c1c:	2000      	movs	r0, #0
10006c1e:	e7c5      	b.n	10006bac <tu_edpt_stream_read_xfer+0x14>
10006c20:	2540      	movs	r5, #64	@ 0x40
10006c22:	e7f0      	b.n	10006c06 <tu_edpt_stream_read_xfer+0x6e>
10006c24:	7861      	ldrb	r1, [r4, #1]
10006c26:	4630      	mov	r0, r6
10006c28:	f7fe fb6a 	bl	10005300 <usbd_edpt_claim>
10006c2c:	2800      	cmp	r0, #0
10006c2e:	d0f5      	beq.n	10006c1c <tu_edpt_stream_read_xfer+0x84>
10006c30:	4638      	mov	r0, r7
10006c32:	f000 fa17 	bl	10007064 <tu_fifo_remaining>
10006c36:	4285      	cmp	r5, r0
10006c38:	d829      	bhi.n	10006c8e <tu_edpt_stream_read_xfer+0xf6>
10006c3a:	426d      	negs	r5, r5
10006c3c:	b2ad      	uxth	r5, r5
10006c3e:	8862      	ldrh	r2, [r4, #2]
10006c40:	ea05 0300 	and.w	r3, r5, r0
10006c44:	4293      	cmp	r3, r2
10006c46:	bf28      	it	cs
10006c48:	4613      	movcs	r3, r2
10006c4a:	461d      	mov	r5, r3
10006c4c:	7823      	ldrb	r3, [r4, #0]
10006c4e:	f013 0f01 	tst.w	r3, #1
10006c52:	d00f      	beq.n	10006c74 <tu_edpt_stream_read_xfer+0xdc>
10006c54:	f240 12c7 	movw	r2, #455	@ 0x1c7
10006c58:	4913      	ldr	r1, [pc, #76]	@ (10006ca8 <tu_edpt_stream_read_xfer+0x110>)
10006c5a:	4814      	ldr	r0, [pc, #80]	@ (10006cac <tu_edpt_stream_read_xfer+0x114>)
10006c5c:	f7fd fb24 	bl	100042a8 <__wrap_printf>
10006c60:	f04f 23e0 	mov.w	r3, #3758153728	@ 0xe000e000
10006c64:	f8d3 3df0 	ldr.w	r3, [r3, #3568]	@ 0xdf0
10006c68:	f013 0f01 	tst.w	r3, #1
10006c6c:	d000      	beq.n	10006c70 <tu_edpt_stream_read_xfer+0xd8>
10006c6e:	be00      	bkpt	0x0000
10006c70:	2000      	movs	r0, #0
10006c72:	e79b      	b.n	10006bac <tu_edpt_stream_read_xfer+0x14>
10006c74:	7861      	ldrb	r1, [r4, #1]
10006c76:	b145      	cbz	r5, 10006c8a <tu_edpt_stream_read_xfer+0xf2>
10006c78:	6862      	ldr	r2, [r4, #4]
10006c7a:	462b      	mov	r3, r5
10006c7c:	4630      	mov	r0, r6
10006c7e:	f7fe fb67 	bl	10005350 <usbd_edpt_xfer>
10006c82:	2800      	cmp	r0, #0
10006c84:	d0e6      	beq.n	10006c54 <tu_edpt_stream_read_xfer+0xbc>
10006c86:	4628      	mov	r0, r5
10006c88:	e790      	b.n	10006bac <tu_edpt_stream_read_xfer+0x14>
10006c8a:	2200      	movs	r2, #0
10006c8c:	e7f5      	b.n	10006c7a <tu_edpt_stream_read_xfer+0xe2>
10006c8e:	7823      	ldrb	r3, [r4, #0]
10006c90:	f013 0f01 	tst.w	r3, #1
10006c94:	d001      	beq.n	10006c9a <tu_edpt_stream_read_xfer+0x102>
10006c96:	2000      	movs	r0, #0
10006c98:	e788      	b.n	10006bac <tu_edpt_stream_read_xfer+0x14>
10006c9a:	7861      	ldrb	r1, [r4, #1]
10006c9c:	4630      	mov	r0, r6
10006c9e:	f7fe fb43 	bl	10005328 <usbd_edpt_release>
10006ca2:	e7f8      	b.n	10006c96 <tu_edpt_stream_read_xfer+0xfe>
10006ca4:	2000      	movs	r0, #0
10006ca6:	e781      	b.n	10006bac <tu_edpt_stream_read_xfer+0x14>
10006ca8:	1000a320 	.word	0x1000a320
10006cac:	100089d0 	.word	0x100089d0

10006cb0 <advance_index>:
10006cb0:	4603      	mov	r3, r0
10006cb2:	440a      	add	r2, r1
10006cb4:	b290      	uxth	r0, r2
10006cb6:	4281      	cmp	r1, r0
10006cb8:	d802      	bhi.n	10006cc0 <advance_index+0x10>
10006cba:	ebb0 0f43 	cmp.w	r0, r3, lsl #1
10006cbe:	db03      	blt.n	10006cc8 <advance_index+0x18>
10006cc0:	005b      	lsls	r3, r3, #1
10006cc2:	b29b      	uxth	r3, r3
10006cc4:	1ac0      	subs	r0, r0, r3
10006cc6:	b280      	uxth	r0, r0
10006cc8:	4770      	bx	lr

10006cca <_tu_fifo_peek>:
10006cca:	b510      	push	{r4, lr}
10006ccc:	4686      	mov	lr, r0
10006cce:	4608      	mov	r0, r1
10006cd0:	f8be c004 	ldrh.w	ip, [lr, #4]
10006cd4:	429a      	cmp	r2, r3
10006cd6:	d30c      	bcc.n	10006cf2 <_tu_fifo_peek+0x28>
10006cd8:	1ad4      	subs	r4, r2, r3
10006cda:	b2a4      	uxth	r4, r4
10006cdc:	b324      	cbz	r4, 10006d28 <_tu_fifo_peek+0x5e>
10006cde:	45a4      	cmp	ip, r4
10006ce0:	d214      	bcs.n	10006d0c <_tu_fifo_peek+0x42>
10006ce2:	4594      	cmp	ip, r2
10006ce4:	d80c      	bhi.n	10006d00 <_tu_fifo_peek+0x36>
10006ce6:	eba2 020c 	sub.w	r2, r2, ip
10006cea:	b293      	uxth	r3, r2
10006cec:	f8ae 300a 	strh.w	r3, [lr, #10]
10006cf0:	e00c      	b.n	10006d0c <_tu_fifo_peek+0x42>
10006cf2:	1ad4      	subs	r4, r2, r3
10006cf4:	ea4f 014c 	mov.w	r1, ip, lsl #1
10006cf8:	fa11 f484 	uxtah	r4, r1, r4
10006cfc:	b2a4      	uxth	r4, r4
10006cfe:	e7ed      	b.n	10006cdc <_tu_fifo_peek+0x12>
10006d00:	4462      	add	r2, ip
10006d02:	b293      	uxth	r3, r2
10006d04:	e7f2      	b.n	10006cec <_tu_fifo_peek+0x22>
10006d06:	eba3 030c 	sub.w	r3, r3, ip
10006d0a:	b29b      	uxth	r3, r3
10006d0c:	459c      	cmp	ip, r3
10006d0e:	d9fa      	bls.n	10006d06 <_tu_fifo_peek+0x3c>
10006d10:	f8de 1000 	ldr.w	r1, [lr]
10006d14:	f8be 2006 	ldrh.w	r2, [lr, #6]
10006d18:	f3c2 020e 	ubfx	r2, r2, #0, #15
10006d1c:	fb02 1103 	mla	r1, r2, r3, r1
10006d20:	f000 ff62 	bl	10007be8 <memcpy>
10006d24:	2001      	movs	r0, #1
10006d26:	bd10      	pop	{r4, pc}
10006d28:	2000      	movs	r0, #0
10006d2a:	e7fc      	b.n	10006d26 <_tu_fifo_peek+0x5c>

10006d2c <_ff_pull_n>:
10006d2c:	e92d 43f8 	stmdb	sp!, {r3, r4, r5, r6, r7, r8, r9, lr}
10006d30:	4604      	mov	r4, r0
10006d32:	460d      	mov	r5, r1
10006d34:	f89d 8020 	ldrb.w	r8, [sp, #32]
10006d38:	f8b0 c004 	ldrh.w	ip, [r0, #4]
10006d3c:	ebac 0003 	sub.w	r0, ip, r3
10006d40:	b280      	uxth	r0, r0
10006d42:	eba3 0c0c 	sub.w	ip, r3, ip
10006d46:	4494      	add	ip, r2
10006d48:	fa1f fc8c 	uxth.w	ip, ip
10006d4c:	88e1      	ldrh	r1, [r4, #6]
10006d4e:	f3c1 0e0e 	ubfx	lr, r1, #0, #15
10006d52:	46f1      	mov	r9, lr
10006d54:	fb1e f700 	smulbb	r7, lr, r0
10006d58:	fb1e fe0c 	smulbb	lr, lr, ip
10006d5c:	6821      	ldr	r1, [r4, #0]
10006d5e:	fb09 1103 	mla	r1, r9, r3, r1
10006d62:	f1b8 0f00 	cmp.w	r8, #0
10006d66:	d109      	bne.n	10006d7c <_ff_pull_n+0x50>
10006d68:	b2bf      	uxth	r7, r7
10006d6a:	fa1f f68e 	uxth.w	r6, lr
10006d6e:	4290      	cmp	r0, r2
10006d70:	d306      	bcc.n	10006d80 <_ff_pull_n+0x54>
10006d72:	fb09 f202 	mul.w	r2, r9, r2
10006d76:	4628      	mov	r0, r5
10006d78:	f000 ff36 	bl	10007be8 <memcpy>
10006d7c:	e8bd 83f8 	ldmia.w	sp!, {r3, r4, r5, r6, r7, r8, r9, pc}
10006d80:	463a      	mov	r2, r7
10006d82:	4628      	mov	r0, r5
10006d84:	f000 ff30 	bl	10007be8 <memcpy>
10006d88:	4632      	mov	r2, r6
10006d8a:	6821      	ldr	r1, [r4, #0]
10006d8c:	19e8      	adds	r0, r5, r7
10006d8e:	f000 ff2b 	bl	10007be8 <memcpy>
10006d92:	e7f3      	b.n	10006d7c <_ff_pull_n+0x50>

10006d94 <_tu_fifo_peek_n>:
10006d94:	b530      	push	{r4, r5, lr}
10006d96:	b083      	sub	sp, #12
10006d98:	469e      	mov	lr, r3
10006d9a:	f8bd 3018 	ldrh.w	r3, [sp, #24]
10006d9e:	f8b0 c004 	ldrh.w	ip, [r0, #4]
10006da2:	459e      	cmp	lr, r3
10006da4:	d311      	bcc.n	10006dca <_tu_fifo_peek_n+0x36>
10006da6:	ebae 0403 	sub.w	r4, lr, r3
10006daa:	b2a4      	uxth	r4, r4
10006dac:	b324      	cbz	r4, 10006df8 <_tu_fifo_peek_n+0x64>
10006dae:	45a4      	cmp	ip, r4
10006db0:	d207      	bcs.n	10006dc2 <_tu_fifo_peek_n+0x2e>
10006db2:	45f4      	cmp	ip, lr
10006db4:	d811      	bhi.n	10006dda <_tu_fifo_peek_n+0x46>
10006db6:	ebae 0e0c 	sub.w	lr, lr, ip
10006dba:	fa1f f38e 	uxth.w	r3, lr
10006dbe:	8143      	strh	r3, [r0, #10]
10006dc0:	4664      	mov	r4, ip
10006dc2:	4294      	cmp	r4, r2
10006dc4:	d310      	bcc.n	10006de8 <_tu_fifo_peek_n+0x54>
10006dc6:	4614      	mov	r4, r2
10006dc8:	e00e      	b.n	10006de8 <_tu_fifo_peek_n+0x54>
10006dca:	ebae 0403 	sub.w	r4, lr, r3
10006dce:	ea4f 054c 	mov.w	r5, ip, lsl #1
10006dd2:	fa15 f484 	uxtah	r4, r5, r4
10006dd6:	b2a4      	uxth	r4, r4
10006dd8:	e7e8      	b.n	10006dac <_tu_fifo_peek_n+0x18>
10006dda:	44e6      	add	lr, ip
10006ddc:	fa1f f38e 	uxth.w	r3, lr
10006de0:	e7ed      	b.n	10006dbe <_tu_fifo_peek_n+0x2a>
10006de2:	eba3 030c 	sub.w	r3, r3, ip
10006de6:	b29b      	uxth	r3, r3
10006de8:	459c      	cmp	ip, r3
10006dea:	d9fa      	bls.n	10006de2 <_tu_fifo_peek_n+0x4e>
10006dec:	f89d 201c 	ldrb.w	r2, [sp, #28]
10006df0:	9200      	str	r2, [sp, #0]
10006df2:	4622      	mov	r2, r4
10006df4:	f7ff ff9a 	bl	10006d2c <_ff_pull_n>
10006df8:	4620      	mov	r0, r4
10006dfa:	b003      	add	sp, #12
10006dfc:	bd30      	pop	{r4, r5, pc}

10006dfe <_tu_fifo_read_n>:
10006dfe:	b5f0      	push	{r4, r5, r6, r7, lr}
10006e00:	b083      	sub	sp, #12
10006e02:	4604      	mov	r4, r0
10006e04:	460d      	mov	r5, r1
10006e06:	4616      	mov	r6, r2
10006e08:	461f      	mov	r7, r3
10006e0a:	6900      	ldr	r0, [r0, #16]
10006e0c:	b118      	cbz	r0, 10006e16 <_tu_fifo_read_n+0x18>
10006e0e:	f04f 31ff 	mov.w	r1, #4294967295
10006e12:	f001 f8e5 	bl	10007fe0 <__mutex_enter_timeout_ms_veneer>
10006e16:	8923      	ldrh	r3, [r4, #8]
10006e18:	8962      	ldrh	r2, [r4, #10]
10006e1a:	b292      	uxth	r2, r2
10006e1c:	9701      	str	r7, [sp, #4]
10006e1e:	9200      	str	r2, [sp, #0]
10006e20:	b29b      	uxth	r3, r3
10006e22:	4632      	mov	r2, r6
10006e24:	4629      	mov	r1, r5
10006e26:	4620      	mov	r0, r4
10006e28:	f7ff ffb4 	bl	10006d94 <_tu_fifo_peek_n>
10006e2c:	4605      	mov	r5, r0
10006e2e:	8961      	ldrh	r1, [r4, #10]
10006e30:	4602      	mov	r2, r0
10006e32:	b289      	uxth	r1, r1
10006e34:	88a0      	ldrh	r0, [r4, #4]
10006e36:	f7ff ff3b 	bl	10006cb0 <advance_index>
10006e3a:	8160      	strh	r0, [r4, #10]
10006e3c:	6920      	ldr	r0, [r4, #16]
10006e3e:	b108      	cbz	r0, 10006e44 <_tu_fifo_read_n+0x46>
10006e40:	f001 f8e6 	bl	10008010 <__mutex_exit_veneer>
10006e44:	4628      	mov	r0, r5
10006e46:	b003      	add	sp, #12
10006e48:	bdf0      	pop	{r4, r5, r6, r7, pc}

10006e4a <_ff_push_n>:
10006e4a:	e92d 41f0 	stmdb	sp!, {r4, r5, r6, r7, r8, lr}
10006e4e:	4604      	mov	r4, r0
10006e50:	460d      	mov	r5, r1
10006e52:	f89d e018 	ldrb.w	lr, [sp, #24]
10006e56:	f8b0 c004 	ldrh.w	ip, [r0, #4]
10006e5a:	ebac 0103 	sub.w	r1, ip, r3
10006e5e:	b289      	uxth	r1, r1
10006e60:	eba3 0c0c 	sub.w	ip, r3, ip
10006e64:	4494      	add	ip, r2
10006e66:	fa1f fc8c 	uxth.w	ip, ip
10006e6a:	88c6      	ldrh	r6, [r0, #6]
10006e6c:	f3c6 000e 	ubfx	r0, r6, #0, #15
10006e70:	4680      	mov	r8, r0
10006e72:	fb10 f701 	smulbb	r7, r0, r1
10006e76:	fb10 f00c 	smulbb	r0, r0, ip
10006e7a:	b286      	uxth	r6, r0
10006e7c:	6820      	ldr	r0, [r4, #0]
10006e7e:	fb08 0003 	mla	r0, r8, r3, r0
10006e82:	f1be 0f00 	cmp.w	lr, #0
10006e86:	d107      	bne.n	10006e98 <_ff_push_n+0x4e>
10006e88:	b2bf      	uxth	r7, r7
10006e8a:	4291      	cmp	r1, r2
10006e8c:	d306      	bcc.n	10006e9c <_ff_push_n+0x52>
10006e8e:	fb08 f202 	mul.w	r2, r8, r2
10006e92:	4629      	mov	r1, r5
10006e94:	f000 fea8 	bl	10007be8 <memcpy>
10006e98:	e8bd 81f0 	ldmia.w	sp!, {r4, r5, r6, r7, r8, pc}
10006e9c:	463a      	mov	r2, r7
10006e9e:	4629      	mov	r1, r5
10006ea0:	f000 fea2 	bl	10007be8 <memcpy>
10006ea4:	4632      	mov	r2, r6
10006ea6:	19e9      	adds	r1, r5, r7
10006ea8:	6820      	ldr	r0, [r4, #0]
10006eaa:	f000 fe9d 	bl	10007be8 <memcpy>
10006eae:	e7f3      	b.n	10006e98 <_ff_push_n+0x4e>

10006eb0 <_tu_fifo_write_n>:
10006eb0:	e92d 43f0 	stmdb	sp!, {r4, r5, r6, r7, r8, r9, lr}
10006eb4:	b083      	sub	sp, #12
10006eb6:	4691      	mov	r9, r2
10006eb8:	2a00      	cmp	r2, #0
10006eba:	d06f      	beq.n	10006f9c <_tu_fifo_write_n+0xec>
10006ebc:	4604      	mov	r4, r0
10006ebe:	4688      	mov	r8, r1
10006ec0:	461f      	mov	r7, r3
10006ec2:	68c0      	ldr	r0, [r0, #12]
10006ec4:	b118      	cbz	r0, 10006ece <_tu_fifo_write_n+0x1e>
10006ec6:	f04f 31ff 	mov.w	r1, #4294967295
10006eca:	f001 f889 	bl	10007fe0 <__mutex_enter_timeout_ms_veneer>
10006ece:	8926      	ldrh	r6, [r4, #8]
10006ed0:	b2b6      	uxth	r6, r6
10006ed2:	f8b4 c00a 	ldrh.w	ip, [r4, #10]
10006ed6:	fa1f f18c 	uxth.w	r1, ip
10006eda:	79e3      	ldrb	r3, [r4, #7]
10006edc:	09db      	lsrs	r3, r3, #7
10006ede:	d11b      	bne.n	10006f18 <_tu_fifo_write_n+0x68>
10006ee0:	88a5      	ldrh	r5, [r4, #4]
10006ee2:	428e      	cmp	r6, r1
10006ee4:	d310      	bcc.n	10006f08 <_tu_fifo_write_n+0x58>
10006ee6:	eba6 0c01 	sub.w	ip, r6, r1
10006eea:	fa1f fc8c 	uxth.w	ip, ip
10006eee:	4565      	cmp	r5, ip
10006ef0:	d952      	bls.n	10006f98 <_tu_fifo_write_n+0xe8>
10006ef2:	eba5 050c 	sub.w	r5, r5, ip
10006ef6:	b2ad      	uxth	r5, r5
10006ef8:	454d      	cmp	r5, r9
10006efa:	bf28      	it	cs
10006efc:	464d      	movcs	r5, r9
10006efe:	2d00      	cmp	r5, #0
10006f00:	d042      	beq.n	10006f88 <_tu_fifo_write_n+0xd8>
10006f02:	88a2      	ldrh	r2, [r4, #4]
10006f04:	4633      	mov	r3, r6
10006f06:	e031      	b.n	10006f6c <_tu_fifo_write_n+0xbc>
10006f08:	eba6 0c01 	sub.w	ip, r6, r1
10006f0c:	006b      	lsls	r3, r5, #1
10006f0e:	fa13 fc8c 	uxtah	ip, r3, ip
10006f12:	fa1f fc8c 	uxth.w	ip, ip
10006f16:	e7ea      	b.n	10006eee <_tu_fifo_write_n+0x3e>
10006f18:	88a5      	ldrh	r5, [r4, #4]
10006f1a:	454d      	cmp	r5, r9
10006f1c:	d809      	bhi.n	10006f32 <_tu_fifo_write_n+0x82>
10006f1e:	b9ff      	cbnz	r7, 10006f60 <_tu_fifo_write_n+0xb0>
10006f20:	eba9 0905 	sub.w	r9, r9, r5
10006f24:	88e3      	ldrh	r3, [r4, #6]
10006f26:	f3c3 030e 	ubfx	r3, r3, #0, #15
10006f2a:	fb03 8809 	mla	r8, r3, r9, r8
10006f2e:	460e      	mov	r6, r1
10006f30:	e7e5      	b.n	10006efe <_tu_fifo_write_n+0x4e>
10006f32:	428e      	cmp	r6, r1
10006f34:	d30e      	bcc.n	10006f54 <_tu_fifo_write_n+0xa4>
10006f36:	1a73      	subs	r3, r6, r1
10006f38:	b29b      	uxth	r3, r3
10006f3a:	444b      	add	r3, r9
10006f3c:	ebb3 0f45 	cmp.w	r3, r5, lsl #1
10006f40:	db10      	blt.n	10006f64 <_tu_fifo_write_n+0xb4>
10006f42:	eba5 0209 	sub.w	r2, r5, r9
10006f46:	b292      	uxth	r2, r2
10006f48:	4628      	mov	r0, r5
10006f4a:	f7ff feb1 	bl	10006cb0 <advance_index>
10006f4e:	4606      	mov	r6, r0
10006f50:	464d      	mov	r5, r9
10006f52:	e7d4      	b.n	10006efe <_tu_fifo_write_n+0x4e>
10006f54:	1a73      	subs	r3, r6, r1
10006f56:	006a      	lsls	r2, r5, #1
10006f58:	fa12 f383 	uxtah	r3, r2, r3
10006f5c:	b29b      	uxth	r3, r3
10006f5e:	e7ec      	b.n	10006f3a <_tu_fifo_write_n+0x8a>
10006f60:	460e      	mov	r6, r1
10006f62:	e7cc      	b.n	10006efe <_tu_fifo_write_n+0x4e>
10006f64:	464d      	mov	r5, r9
10006f66:	e7ca      	b.n	10006efe <_tu_fifo_write_n+0x4e>
10006f68:	1a9b      	subs	r3, r3, r2
10006f6a:	b29b      	uxth	r3, r3
10006f6c:	429a      	cmp	r2, r3
10006f6e:	d9fb      	bls.n	10006f68 <_tu_fifo_write_n+0xb8>
10006f70:	9700      	str	r7, [sp, #0]
10006f72:	462a      	mov	r2, r5
10006f74:	4641      	mov	r1, r8
10006f76:	4620      	mov	r0, r4
10006f78:	f7ff ff67 	bl	10006e4a <_ff_push_n>
10006f7c:	462a      	mov	r2, r5
10006f7e:	4631      	mov	r1, r6
10006f80:	88a0      	ldrh	r0, [r4, #4]
10006f82:	f7ff fe95 	bl	10006cb0 <advance_index>
10006f86:	8120      	strh	r0, [r4, #8]
10006f88:	68e0      	ldr	r0, [r4, #12]
10006f8a:	b108      	cbz	r0, 10006f90 <_tu_fifo_write_n+0xe0>
10006f8c:	f001 f840 	bl	10008010 <__mutex_exit_veneer>
10006f90:	4628      	mov	r0, r5
10006f92:	b003      	add	sp, #12
10006f94:	e8bd 83f0 	ldmia.w	sp!, {r4, r5, r6, r7, r8, r9, pc}
10006f98:	2500      	movs	r5, #0
10006f9a:	e7f5      	b.n	10006f88 <_tu_fifo_write_n+0xd8>
10006f9c:	4615      	mov	r5, r2
10006f9e:	e7f7      	b.n	10006f90 <_tu_fifo_write_n+0xe0>

10006fa0 <tu_fifo_config>:
10006fa0:	f5b2 4f00 	cmp.w	r2, #32768	@ 0x8000
10006fa4:	d829      	bhi.n	10006ffa <tu_fifo_config+0x5a>
10006fa6:	b5f8      	push	{r3, r4, r5, r6, r7, lr}
10006fa8:	4604      	mov	r4, r0
10006faa:	460f      	mov	r7, r1
10006fac:	4615      	mov	r5, r2
10006fae:	461e      	mov	r6, r3
10006fb0:	68c0      	ldr	r0, [r0, #12]
10006fb2:	b118      	cbz	r0, 10006fbc <tu_fifo_config+0x1c>
10006fb4:	f04f 31ff 	mov.w	r1, #4294967295
10006fb8:	f001 f812 	bl	10007fe0 <__mutex_enter_timeout_ms_veneer>
10006fbc:	6920      	ldr	r0, [r4, #16]
10006fbe:	b118      	cbz	r0, 10006fc8 <tu_fifo_config+0x28>
10006fc0:	f04f 31ff 	mov.w	r1, #4294967295
10006fc4:	f001 f80c 	bl	10007fe0 <__mutex_enter_timeout_ms_veneer>
10006fc8:	6027      	str	r7, [r4, #0]
10006fca:	80a5      	strh	r5, [r4, #4]
10006fcc:	88e3      	ldrh	r3, [r4, #6]
10006fce:	f366 030e 	bfi	r3, r6, #0, #15
10006fd2:	80e3      	strh	r3, [r4, #6]
10006fd4:	79e3      	ldrb	r3, [r4, #7]
10006fd6:	f89d 2018 	ldrb.w	r2, [sp, #24]
10006fda:	f362 13c7 	bfi	r3, r2, #7, #1
10006fde:	71e3      	strb	r3, [r4, #7]
10006fe0:	2300      	movs	r3, #0
10006fe2:	8163      	strh	r3, [r4, #10]
10006fe4:	8123      	strh	r3, [r4, #8]
10006fe6:	68e0      	ldr	r0, [r4, #12]
10006fe8:	b108      	cbz	r0, 10006fee <tu_fifo_config+0x4e>
10006fea:	f001 f811 	bl	10008010 <__mutex_exit_veneer>
10006fee:	6920      	ldr	r0, [r4, #16]
10006ff0:	b128      	cbz	r0, 10006ffe <tu_fifo_config+0x5e>
10006ff2:	f001 f80d 	bl	10008010 <__mutex_exit_veneer>
10006ff6:	2001      	movs	r0, #1
10006ff8:	bdf8      	pop	{r3, r4, r5, r6, r7, pc}
10006ffa:	2000      	movs	r0, #0
10006ffc:	4770      	bx	lr
10006ffe:	2001      	movs	r0, #1
10007000:	e7fa      	b.n	10006ff8 <tu_fifo_config+0x58>

10007002 <tu_fifo_count>:
10007002:	4602      	mov	r2, r0
10007004:	8880      	ldrh	r0, [r0, #4]
10007006:	8913      	ldrh	r3, [r2, #8]
10007008:	b29b      	uxth	r3, r3
1000700a:	8952      	ldrh	r2, [r2, #10]
1000700c:	b292      	uxth	r2, r2
1000700e:	4293      	cmp	r3, r2
10007010:	d305      	bcc.n	1000701e <tu_fifo_count+0x1c>
10007012:	1a9b      	subs	r3, r3, r2
10007014:	b29b      	uxth	r3, r3
10007016:	4298      	cmp	r0, r3
10007018:	bf28      	it	cs
1000701a:	4618      	movcs	r0, r3
1000701c:	4770      	bx	lr
1000701e:	1a9b      	subs	r3, r3, r2
10007020:	0042      	lsls	r2, r0, #1
10007022:	fa12 f383 	uxtah	r3, r2, r3
10007026:	b29b      	uxth	r3, r3
10007028:	e7f5      	b.n	10007016 <tu_fifo_count+0x14>

1000702a <tu_fifo_empty>:
1000702a:	8902      	ldrh	r2, [r0, #8]
1000702c:	b292      	uxth	r2, r2
1000702e:	8943      	ldrh	r3, [r0, #10]
10007030:	b29b      	uxth	r3, r3
10007032:	429a      	cmp	r2, r3
10007034:	bf14      	ite	ne
10007036:	2000      	movne	r0, #0
10007038:	2001      	moveq	r0, #1
1000703a:	4770      	bx	lr

1000703c <tu_fifo_full>:
1000703c:	8881      	ldrh	r1, [r0, #4]
1000703e:	8903      	ldrh	r3, [r0, #8]
10007040:	b29b      	uxth	r3, r3
10007042:	8942      	ldrh	r2, [r0, #10]
10007044:	b292      	uxth	r2, r2
10007046:	4293      	cmp	r3, r2
10007048:	d306      	bcc.n	10007058 <tu_fifo_full+0x1c>
1000704a:	1a9b      	subs	r3, r3, r2
1000704c:	b298      	uxth	r0, r3
1000704e:	4281      	cmp	r1, r0
10007050:	bf8c      	ite	hi
10007052:	2000      	movhi	r0, #0
10007054:	2001      	movls	r0, #1
10007056:	4770      	bx	lr
10007058:	1a9b      	subs	r3, r3, r2
1000705a:	004a      	lsls	r2, r1, #1
1000705c:	fa12 f383 	uxtah	r3, r2, r3
10007060:	b298      	uxth	r0, r3
10007062:	e7f4      	b.n	1000704e <tu_fifo_full+0x12>

10007064 <tu_fifo_remaining>:
10007064:	8882      	ldrh	r2, [r0, #4]
10007066:	8903      	ldrh	r3, [r0, #8]
10007068:	b29b      	uxth	r3, r3
1000706a:	8941      	ldrh	r1, [r0, #10]
1000706c:	b289      	uxth	r1, r1
1000706e:	428b      	cmp	r3, r1
10007070:	d306      	bcc.n	10007080 <tu_fifo_remaining+0x1c>
10007072:	1a5b      	subs	r3, r3, r1
10007074:	b29b      	uxth	r3, r3
10007076:	429a      	cmp	r2, r3
10007078:	d908      	bls.n	1000708c <tu_fifo_remaining+0x28>
1000707a:	1ad0      	subs	r0, r2, r3
1000707c:	b280      	uxth	r0, r0
1000707e:	4770      	bx	lr
10007080:	1a5b      	subs	r3, r3, r1
10007082:	0051      	lsls	r1, r2, #1
10007084:	fa11 f383 	uxtah	r3, r1, r3
10007088:	b29b      	uxth	r3, r3
1000708a:	e7f4      	b.n	10007076 <tu_fifo_remaining+0x12>
1000708c:	2000      	movs	r0, #0
1000708e:	4770      	bx	lr

10007090 <tu_fifo_read>:
10007090:	b538      	push	{r3, r4, r5, lr}
10007092:	4604      	mov	r4, r0
10007094:	460d      	mov	r5, r1
10007096:	6900      	ldr	r0, [r0, #16]
10007098:	b118      	cbz	r0, 100070a2 <tu_fifo_read+0x12>
1000709a:	f04f 31ff 	mov.w	r1, #4294967295
1000709e:	f000 ff9f 	bl	10007fe0 <__mutex_enter_timeout_ms_veneer>
100070a2:	8922      	ldrh	r2, [r4, #8]
100070a4:	8963      	ldrh	r3, [r4, #10]
100070a6:	b29b      	uxth	r3, r3
100070a8:	b292      	uxth	r2, r2
100070aa:	4629      	mov	r1, r5
100070ac:	4620      	mov	r0, r4
100070ae:	f7ff fe0c 	bl	10006cca <_tu_fifo_peek>
100070b2:	4605      	mov	r5, r0
100070b4:	8961      	ldrh	r1, [r4, #10]
100070b6:	4602      	mov	r2, r0
100070b8:	b289      	uxth	r1, r1
100070ba:	88a0      	ldrh	r0, [r4, #4]
100070bc:	f7ff fdf8 	bl	10006cb0 <advance_index>
100070c0:	8160      	strh	r0, [r4, #10]
100070c2:	6920      	ldr	r0, [r4, #16]
100070c4:	b108      	cbz	r0, 100070ca <tu_fifo_read+0x3a>
100070c6:	f000 ffa3 	bl	10008010 <__mutex_exit_veneer>
100070ca:	4628      	mov	r0, r5
100070cc:	bd38      	pop	{r3, r4, r5, pc}

100070ce <tu_fifo_read_n>:
100070ce:	b508      	push	{r3, lr}
100070d0:	2300      	movs	r3, #0
100070d2:	f7ff fe94 	bl	10006dfe <_tu_fifo_read_n>
100070d6:	bd08      	pop	{r3, pc}

100070d8 <tu_fifo_write>:
100070d8:	b5f8      	push	{r3, r4, r5, r6, r7, lr}
100070da:	4604      	mov	r4, r0
100070dc:	460e      	mov	r6, r1
100070de:	68c0      	ldr	r0, [r0, #12]
100070e0:	b118      	cbz	r0, 100070ea <tu_fifo_write+0x12>
100070e2:	f04f 31ff 	mov.w	r1, #4294967295
100070e6:	f000 ff7b 	bl	10007fe0 <__mutex_enter_timeout_ms_veneer>
100070ea:	8925      	ldrh	r5, [r4, #8]
100070ec:	b2ad      	uxth	r5, r5
100070ee:	4620      	mov	r0, r4
100070f0:	f7ff ffa4 	bl	1000703c <tu_fifo_full>
100070f4:	b110      	cbz	r0, 100070fc <tu_fifo_write+0x24>
100070f6:	79e7      	ldrb	r7, [r4, #7]
100070f8:	09ff      	lsrs	r7, r7, #7
100070fa:	d016      	beq.n	1000712a <tu_fifo_write+0x52>
100070fc:	88a2      	ldrh	r2, [r4, #4]
100070fe:	462b      	mov	r3, r5
10007100:	e001      	b.n	10007106 <tu_fifo_write+0x2e>
10007102:	1a9b      	subs	r3, r3, r2
10007104:	b29b      	uxth	r3, r3
10007106:	429a      	cmp	r2, r3
10007108:	d9fb      	bls.n	10007102 <tu_fifo_write+0x2a>
1000710a:	6820      	ldr	r0, [r4, #0]
1000710c:	88e2      	ldrh	r2, [r4, #6]
1000710e:	f3c2 020e 	ubfx	r2, r2, #0, #15
10007112:	4631      	mov	r1, r6
10007114:	fb02 0003 	mla	r0, r2, r3, r0
10007118:	f000 fd66 	bl	10007be8 <memcpy>
1000711c:	2201      	movs	r2, #1
1000711e:	4629      	mov	r1, r5
10007120:	88a0      	ldrh	r0, [r4, #4]
10007122:	f7ff fdc5 	bl	10006cb0 <advance_index>
10007126:	8120      	strh	r0, [r4, #8]
10007128:	2701      	movs	r7, #1
1000712a:	68e0      	ldr	r0, [r4, #12]
1000712c:	b108      	cbz	r0, 10007132 <tu_fifo_write+0x5a>
1000712e:	f000 ff6f 	bl	10008010 <__mutex_exit_veneer>
10007132:	4638      	mov	r0, r7
10007134:	bdf8      	pop	{r3, r4, r5, r6, r7, pc}

10007136 <tu_fifo_write_n>:
10007136:	b508      	push	{r3, lr}
10007138:	2300      	movs	r3, #0
1000713a:	f7ff feb9 	bl	10006eb0 <_tu_fifo_write_n>
1000713e:	bd08      	pop	{r3, pc}

10007140 <tu_fifo_clear>:
10007140:	b510      	push	{r4, lr}
10007142:	4604      	mov	r4, r0
10007144:	68c0      	ldr	r0, [r0, #12]
10007146:	b118      	cbz	r0, 10007150 <tu_fifo_clear+0x10>
10007148:	f04f 31ff 	mov.w	r1, #4294967295
1000714c:	f000 ff48 	bl	10007fe0 <__mutex_enter_timeout_ms_veneer>
10007150:	6920      	ldr	r0, [r4, #16]
10007152:	b118      	cbz	r0, 1000715c <tu_fifo_clear+0x1c>
10007154:	f04f 31ff 	mov.w	r1, #4294967295
10007158:	f000 ff42 	bl	10007fe0 <__mutex_enter_timeout_ms_veneer>
1000715c:	2300      	movs	r3, #0
1000715e:	8163      	strh	r3, [r4, #10]
10007160:	8123      	strh	r3, [r4, #8]
10007162:	68e0      	ldr	r0, [r4, #12]
10007164:	b108      	cbz	r0, 1000716a <tu_fifo_clear+0x2a>
10007166:	f000 ff53 	bl	10008010 <__mutex_exit_veneer>
1000716a:	6920      	ldr	r0, [r4, #16]
1000716c:	b108      	cbz	r0, 10007172 <tu_fifo_clear+0x32>
1000716e:	f000 ff4f 	bl	10008010 <__mutex_exit_veneer>
10007172:	2001      	movs	r0, #1
10007174:	bd10      	pop	{r4, pc}

10007176 <tu_fifo_set_overwritable>:
10007176:	b538      	push	{r3, r4, r5, lr}
10007178:	4604      	mov	r4, r0
1000717a:	460d      	mov	r5, r1
1000717c:	68c0      	ldr	r0, [r0, #12]
1000717e:	b118      	cbz	r0, 10007188 <tu_fifo_set_overwritable+0x12>
10007180:	f04f 31ff 	mov.w	r1, #4294967295
10007184:	f000 ff2c 	bl	10007fe0 <__mutex_enter_timeout_ms_veneer>
10007188:	6920      	ldr	r0, [r4, #16]
1000718a:	b118      	cbz	r0, 10007194 <tu_fifo_set_overwritable+0x1e>
1000718c:	f04f 31ff 	mov.w	r1, #4294967295
10007190:	f000 ff26 	bl	10007fe0 <__mutex_enter_timeout_ms_veneer>
10007194:	79e3      	ldrb	r3, [r4, #7]
10007196:	f365 13c7 	bfi	r3, r5, #7, #1
1000719a:	71e3      	strb	r3, [r4, #7]
1000719c:	68e0      	ldr	r0, [r4, #12]
1000719e:	b108      	cbz	r0, 100071a4 <tu_fifo_set_overwritable+0x2e>
100071a0:	f000 ff36 	bl	10008010 <__mutex_exit_veneer>
100071a4:	6920      	ldr	r0, [r4, #16]
100071a6:	b108      	cbz	r0, 100071ac <tu_fifo_set_overwritable+0x36>
100071a8:	f000 ff32 	bl	10008010 <__mutex_exit_veneer>
100071ac:	2001      	movs	r0, #1
100071ae:	bd38      	pop	{r3, r4, r5, pc}

100071b0 <i2c_unreset>:
100071b0:	4b07      	ldr	r3, [pc, #28]	@ (100071d0 <i2c_unreset+0x20>)
100071b2:	4283      	cmp	r3, r0
100071b4:	d00a      	beq.n	100071cc <i2c_unreset+0x1c>
100071b6:	2305      	movs	r3, #5
100071b8:	2201      	movs	r2, #1
100071ba:	409a      	lsls	r2, r3
100071bc:	4b05      	ldr	r3, [pc, #20]	@ (100071d4 <i2c_unreset+0x24>)
100071be:	601a      	str	r2, [r3, #0]
100071c0:	4b05      	ldr	r3, [pc, #20]	@ (100071d8 <i2c_unreset+0x28>)
100071c2:	689b      	ldr	r3, [r3, #8]
100071c4:	ea32 0303 	bics.w	r3, r2, r3
100071c8:	d1fa      	bne.n	100071c0 <i2c_unreset+0x10>
100071ca:	4770      	bx	lr
100071cc:	2304      	movs	r3, #4
100071ce:	e7f3      	b.n	100071b8 <i2c_unreset+0x8>
100071d0:	20000ebc 	.word	0x20000ebc
100071d4:	40023000 	.word	0x40023000
100071d8:	40020000 	.word	0x40020000

100071dc <i2c_write_blocking_internal>:
100071dc:	e92d 4ff0 	stmdb	sp!, {r4, r5, r6, r7, r8, r9, sl, fp, lr}
100071e0:	b085      	sub	sp, #20
100071e2:	4607      	mov	r7, r0
100071e4:	4692      	mov	sl, r2
100071e6:	9301      	str	r3, [sp, #4]
100071e8:	f89d 2038 	ldrb.w	r2, [sp, #56]	@ 0x38
100071ec:	9e0f      	ldr	r6, [sp, #60]	@ 0x3c
100071ee:	f8dd 8040 	ldr.w	r8, [sp, #64]	@ 0x40
100071f2:	6803      	ldr	r3, [r0, #0]
100071f4:	2500      	movs	r5, #0
100071f6:	66dd      	str	r5, [r3, #108]	@ 0x6c
100071f8:	6803      	ldr	r3, [r0, #0]
100071fa:	6059      	str	r1, [r3, #4]
100071fc:	6803      	ldr	r3, [r0, #0]
100071fe:	2101      	movs	r1, #1
10007200:	66d9      	str	r1, [r3, #108]	@ 0x6c
10007202:	46a9      	mov	r9, r5
10007204:	9502      	str	r5, [sp, #8]
10007206:	462c      	mov	r4, r5
10007208:	9203      	str	r2, [sp, #12]
1000720a:	e027      	b.n	1000725c <i2c_write_blocking_internal+0x80>
1000720c:	793b      	ldrb	r3, [r7, #4]
1000720e:	2b00      	cmp	r3, #0
10007210:	d032      	beq.n	10007278 <i2c_write_blocking_internal+0x9c>
10007212:	2301      	movs	r3, #1
10007214:	e030      	b.n	10007278 <i2c_write_blocking_internal+0x9c>
10007216:	9a03      	ldr	r2, [sp, #12]
10007218:	b10a      	cbz	r2, 1000721e <i2c_write_blocking_internal+0x42>
1000721a:	2200      	movs	r2, #0
1000721c:	e030      	b.n	10007280 <i2c_write_blocking_internal+0xa4>
1000721e:	2201      	movs	r2, #1
10007220:	e02e      	b.n	10007280 <i2c_write_blocking_internal+0xa4>
10007222:	b960      	cbnz	r0, 1000723e <i2c_write_blocking_internal+0x62>
10007224:	683b      	ldr	r3, [r7, #0]
10007226:	6b5b      	ldr	r3, [r3, #52]	@ 0x34
10007228:	f013 0f10 	tst.w	r3, #16
1000722c:	d107      	bne.n	1000723e <i2c_write_blocking_internal+0x62>
1000722e:	2e00      	cmp	r6, #0
10007230:	d0f7      	beq.n	10007222 <i2c_write_blocking_internal+0x46>
10007232:	2100      	movs	r1, #0
10007234:	4640      	mov	r0, r8
10007236:	47b0      	blx	r6
10007238:	4305      	orrs	r5, r0
1000723a:	b2ed      	uxtb	r5, r5
1000723c:	e7f1      	b.n	10007222 <i2c_write_blocking_internal+0x46>
1000723e:	4604      	mov	r4, r0
10007240:	b940      	cbnz	r0, 10007254 <i2c_write_blocking_internal+0x78>
10007242:	683b      	ldr	r3, [r7, #0]
10007244:	f8d3 2080 	ldr.w	r2, [r3, #128]	@ 0x80
10007248:	9202      	str	r2, [sp, #8]
1000724a:	bb12      	cbnz	r2, 10007292 <i2c_write_blocking_internal+0xb6>
1000724c:	2d00      	cmp	r5, #0
1000724e:	d132      	bne.n	100072b6 <i2c_write_blocking_internal+0xda>
10007250:	45cb      	cmp	fp, r9
10007252:	d021      	beq.n	10007298 <i2c_write_blocking_internal+0xbc>
10007254:	2d00      	cmp	r5, #0
10007256:	d137      	bne.n	100072c8 <i2c_write_blocking_internal+0xec>
10007258:	f109 0901 	add.w	r9, r9, #1
1000725c:	9b01      	ldr	r3, [sp, #4]
1000725e:	4599      	cmp	r9, r3
10007260:	da32      	bge.n	100072c8 <i2c_write_blocking_internal+0xec>
10007262:	9b01      	ldr	r3, [sp, #4]
10007264:	f103 3bff 	add.w	fp, r3, #4294967295
10007268:	b116      	cbz	r6, 10007270 <i2c_write_blocking_internal+0x94>
1000726a:	2101      	movs	r1, #1
1000726c:	4640      	mov	r0, r8
1000726e:	47b0      	blx	r6
10007270:	f1b9 0f00 	cmp.w	r9, #0
10007274:	d0ca      	beq.n	1000720c <i2c_write_blocking_internal+0x30>
10007276:	2300      	movs	r3, #0
10007278:	029b      	lsls	r3, r3, #10
1000727a:	45cb      	cmp	fp, r9
1000727c:	d0cb      	beq.n	10007216 <i2c_write_blocking_internal+0x3a>
1000727e:	2200      	movs	r2, #0
10007280:	ea43 2342 	orr.w	r3, r3, r2, lsl #9
10007284:	f81a 1b01 	ldrb.w	r1, [sl], #1
10007288:	683a      	ldr	r2, [r7, #0]
1000728a:	430b      	orrs	r3, r1
1000728c:	6113      	str	r3, [r2, #16]
1000728e:	4620      	mov	r0, r4
10007290:	e7cd      	b.n	1000722e <i2c_write_blocking_internal+0x52>
10007292:	6d5b      	ldr	r3, [r3, #84]	@ 0x54
10007294:	2501      	movs	r5, #1
10007296:	e00e      	b.n	100072b6 <i2c_write_blocking_internal+0xda>
10007298:	9b03      	ldr	r3, [sp, #12]
1000729a:	2b00      	cmp	r3, #0
1000729c:	d1da      	bne.n	10007254 <i2c_write_blocking_internal+0x78>
1000729e:	e00a      	b.n	100072b6 <i2c_write_blocking_internal+0xda>
100072a0:	2100      	movs	r1, #0
100072a2:	4640      	mov	r0, r8
100072a4:	47b0      	blx	r6
100072a6:	4305      	orrs	r5, r0
100072a8:	b2ed      	uxtb	r5, r5
100072aa:	b938      	cbnz	r0, 100072bc <i2c_write_blocking_internal+0xe0>
100072ac:	683b      	ldr	r3, [r7, #0]
100072ae:	6b5b      	ldr	r3, [r3, #52]	@ 0x34
100072b0:	f413 7f00 	tst.w	r3, #512	@ 0x200
100072b4:	d102      	bne.n	100072bc <i2c_write_blocking_internal+0xe0>
100072b6:	2e00      	cmp	r6, #0
100072b8:	d1f2      	bne.n	100072a0 <i2c_write_blocking_internal+0xc4>
100072ba:	e7f6      	b.n	100072aa <i2c_write_blocking_internal+0xce>
100072bc:	4604      	mov	r4, r0
100072be:	2800      	cmp	r0, #0
100072c0:	d1c8      	bne.n	10007254 <i2c_write_blocking_internal+0x78>
100072c2:	683b      	ldr	r3, [r7, #0]
100072c4:	6e1b      	ldr	r3, [r3, #96]	@ 0x60
100072c6:	e7c5      	b.n	10007254 <i2c_write_blocking_internal+0x78>
100072c8:	9a03      	ldr	r2, [sp, #12]
100072ca:	b145      	cbz	r5, 100072de <i2c_write_blocking_internal+0x102>
100072cc:	b964      	cbnz	r4, 100072e8 <i2c_write_blocking_internal+0x10c>
100072ce:	9b02      	ldr	r3, [sp, #8]
100072d0:	b16b      	cbz	r3, 100072ee <i2c_write_blocking_internal+0x112>
100072d2:	f013 0f01 	tst.w	r3, #1
100072d6:	d10d      	bne.n	100072f4 <i2c_write_blocking_internal+0x118>
100072d8:	f013 0f08 	tst.w	r3, #8
100072dc:	d00d      	beq.n	100072fa <i2c_write_blocking_internal+0x11e>
100072de:	713a      	strb	r2, [r7, #4]
100072e0:	4648      	mov	r0, r9
100072e2:	b005      	add	sp, #20
100072e4:	e8bd 8ff0 	ldmia.w	sp!, {r4, r5, r6, r7, r8, r9, sl, fp, pc}
100072e8:	f06f 0901 	mvn.w	r9, #1
100072ec:	e7f7      	b.n	100072de <i2c_write_blocking_internal+0x102>
100072ee:	f04f 39ff 	mov.w	r9, #4294967295
100072f2:	e7f4      	b.n	100072de <i2c_write_blocking_internal+0x102>
100072f4:	f04f 39ff 	mov.w	r9, #4294967295
100072f8:	e7f1      	b.n	100072de <i2c_write_blocking_internal+0x102>
100072fa:	f04f 39ff 	mov.w	r9, #4294967295
100072fe:	e7ee      	b.n	100072de <i2c_write_blocking_internal+0x102>

10007300 <i2c_read_blocking_internal>:
10007300:	e92d 4ff0 	stmdb	sp!, {r4, r5, r6, r7, r8, r9, sl, fp, lr}
10007304:	b083      	sub	sp, #12
10007306:	4605      	mov	r5, r0
10007308:	9200      	str	r2, [sp, #0]
1000730a:	469a      	mov	sl, r3
1000730c:	f89d 3030 	ldrb.w	r3, [sp, #48]	@ 0x30
10007310:	9301      	str	r3, [sp, #4]
10007312:	9f0d      	ldr	r7, [sp, #52]	@ 0x34
10007314:	f8dd 8038 	ldr.w	r8, [sp, #56]	@ 0x38
10007318:	6803      	ldr	r3, [r0, #0]
1000731a:	2400      	movs	r4, #0
1000731c:	66dc      	str	r4, [r3, #108]	@ 0x6c
1000731e:	6803      	ldr	r3, [r0, #0]
10007320:	6059      	str	r1, [r3, #4]
10007322:	6803      	ldr	r3, [r0, #0]
10007324:	2201      	movs	r2, #1
10007326:	66da      	str	r2, [r3, #108]	@ 0x6c
10007328:	46a1      	mov	r9, r4
1000732a:	4626      	mov	r6, r4
1000732c:	45d1      	cmp	r9, sl
1000732e:	da3f      	bge.n	100073b0 <i2c_read_blocking_internal+0xb0>
10007330:	f10a 3bff 	add.w	fp, sl, #4294967295
10007334:	b117      	cbz	r7, 1000733c <i2c_read_blocking_internal+0x3c>
10007336:	2101      	movs	r1, #1
10007338:	4640      	mov	r0, r8
1000733a:	47b8      	blx	r7
1000733c:	682b      	ldr	r3, [r5, #0]
1000733e:	6f5a      	ldr	r2, [r3, #116]	@ 0x74
10007340:	2a10      	cmp	r2, #16
10007342:	d0fb      	beq.n	1000733c <i2c_read_blocking_internal+0x3c>
10007344:	f1b9 0f00 	cmp.w	r9, #0
10007348:	d00a      	beq.n	10007360 <i2c_read_blocking_internal+0x60>
1000734a:	2200      	movs	r2, #0
1000734c:	0292      	lsls	r2, r2, #10
1000734e:	45cb      	cmp	fp, r9
10007350:	d00b      	beq.n	1000736a <i2c_read_blocking_internal+0x6a>
10007352:	2100      	movs	r1, #0
10007354:	ea42 2241 	orr.w	r2, r2, r1, lsl #9
10007358:	f442 7280 	orr.w	r2, r2, #256	@ 0x100
1000735c:	611a      	str	r2, [r3, #16]
1000735e:	e015      	b.n	1000738c <i2c_read_blocking_internal+0x8c>
10007360:	792a      	ldrb	r2, [r5, #4]
10007362:	2a00      	cmp	r2, #0
10007364:	d0f2      	beq.n	1000734c <i2c_read_blocking_internal+0x4c>
10007366:	2201      	movs	r2, #1
10007368:	e7f0      	b.n	1000734c <i2c_read_blocking_internal+0x4c>
1000736a:	9901      	ldr	r1, [sp, #4]
1000736c:	b109      	cbz	r1, 10007372 <i2c_read_blocking_internal+0x72>
1000736e:	2100      	movs	r1, #0
10007370:	e7f0      	b.n	10007354 <i2c_read_blocking_internal+0x54>
10007372:	2101      	movs	r1, #1
10007374:	e7ee      	b.n	10007354 <i2c_read_blocking_internal+0x54>
10007376:	b12f      	cbz	r7, 10007384 <i2c_read_blocking_internal+0x84>
10007378:	2100      	movs	r1, #0
1000737a:	4640      	mov	r0, r8
1000737c:	47b8      	blx	r7
1000737e:	4606      	mov	r6, r0
10007380:	4304      	orrs	r4, r0
10007382:	b2e4      	uxtb	r4, r4
10007384:	b9a4      	cbnz	r4, 100073b0 <i2c_read_blocking_internal+0xb0>
10007386:	682b      	ldr	r3, [r5, #0]
10007388:	6f9a      	ldr	r2, [r3, #120]	@ 0x78
1000738a:	b94a      	cbnz	r2, 100073a0 <i2c_read_blocking_internal+0xa0>
1000738c:	682b      	ldr	r3, [r5, #0]
1000738e:	f8d3 2080 	ldr.w	r2, [r3, #128]	@ 0x80
10007392:	6b5a      	ldr	r2, [r3, #52]	@ 0x34
10007394:	f012 0f40 	tst.w	r2, #64	@ 0x40
10007398:	d0ed      	beq.n	10007376 <i2c_read_blocking_internal+0x76>
1000739a:	6d5b      	ldr	r3, [r3, #84]	@ 0x54
1000739c:	2401      	movs	r4, #1
1000739e:	e7ea      	b.n	10007376 <i2c_read_blocking_internal+0x76>
100073a0:	691a      	ldr	r2, [r3, #16]
100073a2:	9b00      	ldr	r3, [sp, #0]
100073a4:	f803 2b01 	strb.w	r2, [r3], #1
100073a8:	f109 0901 	add.w	r9, r9, #1
100073ac:	9300      	str	r3, [sp, #0]
100073ae:	e7bd      	b.n	1000732c <i2c_read_blocking_internal+0x2c>
100073b0:	b114      	cbz	r4, 100073b8 <i2c_read_blocking_internal+0xb8>
100073b2:	b13e      	cbz	r6, 100073c4 <i2c_read_blocking_internal+0xc4>
100073b4:	f06f 0901 	mvn.w	r9, #1
100073b8:	9b01      	ldr	r3, [sp, #4]
100073ba:	712b      	strb	r3, [r5, #4]
100073bc:	4648      	mov	r0, r9
100073be:	b003      	add	sp, #12
100073c0:	e8bd 8ff0 	ldmia.w	sp!, {r4, r5, r6, r7, r8, r9, sl, fp, pc}
100073c4:	f04f 39ff 	mov.w	r9, #4294967295
100073c8:	e7f6      	b.n	100073b8 <i2c_read_blocking_internal+0xb8>
	...

100073cc <i2c_set_baudrate>:
100073cc:	b5f8      	push	{r3, r4, r5, r6, r7, lr}
100073ce:	4604      	mov	r4, r0
100073d0:	460d      	mov	r5, r1
100073d2:	2005      	movs	r0, #5
100073d4:	f7fb f8da 	bl	1000258c <clock_get_hz>
100073d8:	eb00 0255 	add.w	r2, r0, r5, lsr #1
100073dc:	fbb2 f2f5 	udiv	r2, r2, r5
100073e0:	eb02 0c42 	add.w	ip, r2, r2, lsl #1
100073e4:	4b24      	ldr	r3, [pc, #144]	@ (10007478 <i2c_set_baudrate+0xac>)
100073e6:	fba3 130c 	umull	r1, r3, r3, ip
100073ea:	089f      	lsrs	r7, r3, #2
100073ec:	eba2 0693 	sub.w	r6, r2, r3, lsr #2
100073f0:	4b22      	ldr	r3, [pc, #136]	@ (1000747c <i2c_set_baudrate+0xb0>)
100073f2:	429d      	cmp	r5, r3
100073f4:	d830      	bhi.n	10007458 <i2c_set_baudrate+0x8c>
100073f6:	eb00 0340 	add.w	r3, r0, r0, lsl #1
100073fa:	4921      	ldr	r1, [pc, #132]	@ (10007480 <i2c_set_baudrate+0xb4>)
100073fc:	fba1 1303 	umull	r1, r3, r1, r3
10007400:	0d9b      	lsrs	r3, r3, #22
10007402:	3301      	adds	r3, #1
10007404:	1eb9      	subs	r1, r7, #2
10007406:	4299      	cmp	r1, r3
10007408:	d32e      	bcc.n	10007468 <i2c_set_baudrate+0x9c>
1000740a:	6821      	ldr	r1, [r4, #0]
1000740c:	2500      	movs	r5, #0
1000740e:	66cd      	str	r5, [r1, #108]	@ 0x6c
10007410:	6821      	ldr	r1, [r4, #0]
10007412:	680d      	ldr	r5, [r1, #0]
10007414:	f085 0504 	eor.w	r5, r5, #4
10007418:	f005 0506 	and.w	r5, r5, #6
1000741c:	f501 5180 	add.w	r1, r1, #4096	@ 0x1000
10007420:	600d      	str	r5, [r1, #0]
10007422:	6821      	ldr	r1, [r4, #0]
10007424:	61ce      	str	r6, [r1, #28]
10007426:	6821      	ldr	r1, [r4, #0]
10007428:	620f      	str	r7, [r1, #32]
1000742a:	f1bc 0f4f 	cmp.w	ip, #79	@ 0x4f
1000742e:	d921      	bls.n	10007474 <i2c_set_baudrate+0xa8>
10007430:	4911      	ldr	r1, [pc, #68]	@ (10007478 <i2c_set_baudrate+0xac>)
10007432:	fba1 510c 	umull	r5, r1, r1, ip
10007436:	0989      	lsrs	r1, r1, #6
10007438:	6825      	ldr	r5, [r4, #0]
1000743a:	f8c5 10a0 	str.w	r1, [r5, #160]	@ 0xa0
1000743e:	6821      	ldr	r1, [r4, #0]
10007440:	6fcd      	ldr	r5, [r1, #124]	@ 0x7c
10007442:	406b      	eors	r3, r5
10007444:	b29b      	uxth	r3, r3
10007446:	f501 5183 	add.w	r1, r1, #4192	@ 0x1060
1000744a:	61cb      	str	r3, [r1, #28]
1000744c:	6823      	ldr	r3, [r4, #0]
1000744e:	2101      	movs	r1, #1
10007450:	66d9      	str	r1, [r3, #108]	@ 0x6c
10007452:	fbb0 f0f2 	udiv	r0, r0, r2
10007456:	bdf8      	pop	{r3, r4, r5, r6, r7, pc}
10007458:	eb00 0340 	add.w	r3, r0, r0, lsl #1
1000745c:	4909      	ldr	r1, [pc, #36]	@ (10007484 <i2c_set_baudrate+0xb8>)
1000745e:	fba1 1303 	umull	r1, r3, r1, r3
10007462:	0ddb      	lsrs	r3, r3, #23
10007464:	3301      	adds	r3, #1
10007466:	e7cd      	b.n	10007404 <i2c_set_baudrate+0x38>
10007468:	4b07      	ldr	r3, [pc, #28]	@ (10007488 <i2c_set_baudrate+0xbc>)
1000746a:	4a08      	ldr	r2, [pc, #32]	@ (1000748c <i2c_set_baudrate+0xc0>)
1000746c:	215d      	movs	r1, #93	@ 0x5d
1000746e:	4808      	ldr	r0, [pc, #32]	@ (10007490 <i2c_set_baudrate+0xc4>)
10007470:	f7fc fdb6 	bl	10003fe0 <__assert_func>
10007474:	2101      	movs	r1, #1
10007476:	e7df      	b.n	10007438 <i2c_set_baudrate+0x6c>
10007478:	cccccccd 	.word	0xcccccccd
1000747c:	000f423f 	.word	0x000f423f
10007480:	6b5fca6b 	.word	0x6b5fca6b
10007484:	55e63b89 	.word	0x55e63b89
10007488:	100089e8 	.word	0x100089e8
1000748c:	1000a3a4 	.word	0x1000a3a4
10007490:	10008a08 	.word	0x10008a08

10007494 <i2c_init>:
10007494:	b538      	push	{r3, r4, r5, lr}
10007496:	4604      	mov	r4, r0
10007498:	460d      	mov	r5, r1
1000749a:	4b11      	ldr	r3, [pc, #68]	@ (100074e0 <i2c_init+0x4c>)
1000749c:	4298      	cmp	r0, r3
1000749e:	d01c      	beq.n	100074da <i2c_init+0x46>
100074a0:	2205      	movs	r2, #5
100074a2:	2301      	movs	r3, #1
100074a4:	4093      	lsls	r3, r2
100074a6:	4a0f      	ldr	r2, [pc, #60]	@ (100074e4 <i2c_init+0x50>)
100074a8:	6013      	str	r3, [r2, #0]
100074aa:	4620      	mov	r0, r4
100074ac:	f7ff fe80 	bl	100071b0 <i2c_unreset>
100074b0:	2300      	movs	r3, #0
100074b2:	7123      	strb	r3, [r4, #4]
100074b4:	6822      	ldr	r2, [r4, #0]
100074b6:	66d3      	str	r3, [r2, #108]	@ 0x6c
100074b8:	6822      	ldr	r2, [r4, #0]
100074ba:	f240 1165 	movw	r1, #357	@ 0x165
100074be:	6011      	str	r1, [r2, #0]
100074c0:	6822      	ldr	r2, [r4, #0]
100074c2:	63d3      	str	r3, [r2, #60]	@ 0x3c
100074c4:	6822      	ldr	r2, [r4, #0]
100074c6:	6393      	str	r3, [r2, #56]	@ 0x38
100074c8:	6823      	ldr	r3, [r4, #0]
100074ca:	2203      	movs	r2, #3
100074cc:	f8c3 2088 	str.w	r2, [r3, #136]	@ 0x88
100074d0:	4629      	mov	r1, r5
100074d2:	4620      	mov	r0, r4
100074d4:	f7ff ff7a 	bl	100073cc <i2c_set_baudrate>
100074d8:	bd38      	pop	{r3, r4, r5, pc}
100074da:	2204      	movs	r2, #4
100074dc:	e7e1      	b.n	100074a2 <i2c_init+0xe>
100074de:	bf00      	nop
100074e0:	20000ebc 	.word	0x20000ebc
100074e4:	40022000 	.word	0x40022000

100074e8 <i2c_write_blocking>:
100074e8:	b510      	push	{r4, lr}
100074ea:	b084      	sub	sp, #16
100074ec:	2400      	movs	r4, #0
100074ee:	9402      	str	r4, [sp, #8]
100074f0:	9401      	str	r4, [sp, #4]
100074f2:	f89d 4018 	ldrb.w	r4, [sp, #24]
100074f6:	9400      	str	r4, [sp, #0]
100074f8:	f7ff fe70 	bl	100071dc <i2c_write_blocking_internal>
100074fc:	b004      	add	sp, #16
100074fe:	bd10      	pop	{r4, pc}

10007500 <i2c_read_blocking>:
10007500:	b510      	push	{r4, lr}
10007502:	b084      	sub	sp, #16
10007504:	2400      	movs	r4, #0
10007506:	9402      	str	r4, [sp, #8]
10007508:	9401      	str	r4, [sp, #4]
1000750a:	f89d 4018 	ldrb.w	r4, [sp, #24]
1000750e:	9400      	str	r4, [sp, #0]
10007510:	f7ff fef6 	bl	10007300 <i2c_read_blocking_internal>
10007514:	b004      	add	sp, #16
10007516:	bd10      	pop	{r4, pc}

10007518 <malloc>:
10007518:	4b02      	ldr	r3, [pc, #8]	@ (10007524 <malloc+0xc>)
1000751a:	4601      	mov	r1, r0
1000751c:	6818      	ldr	r0, [r3, #0]
1000751e:	f000 b803 	b.w	10007528 <_malloc_r>
10007522:	bf00      	nop
10007524:	200012d8 	.word	0x200012d8

10007528 <_malloc_r>:
10007528:	f101 030b 	add.w	r3, r1, #11
1000752c:	2b16      	cmp	r3, #22
1000752e:	e92d 4ff0 	stmdb	sp!, {r4, r5, r6, r7, r8, r9, sl, fp, lr}
10007532:	4607      	mov	r7, r0
10007534:	b083      	sub	sp, #12
10007536:	d823      	bhi.n	10007580 <_malloc_r+0x58>
10007538:	2910      	cmp	r1, #16
1000753a:	f200 80af 	bhi.w	1000769c <_malloc_r+0x174>
1000753e:	f000 faaf 	bl	10007aa0 <__malloc_lock>
10007542:	2510      	movs	r5, #16
10007544:	2318      	movs	r3, #24
10007546:	2002      	movs	r0, #2
10007548:	4eba      	ldr	r6, [pc, #744]	@ (10007834 <_malloc_r+0x30c>)
1000754a:	4433      	add	r3, r6
1000754c:	685c      	ldr	r4, [r3, #4]
1000754e:	f1a3 0208 	sub.w	r2, r3, #8
10007552:	4294      	cmp	r4, r2
10007554:	f000 8156 	beq.w	10007804 <_malloc_r+0x2dc>
10007558:	6863      	ldr	r3, [r4, #4]
1000755a:	4638      	mov	r0, r7
1000755c:	f023 0303 	bic.w	r3, r3, #3
10007560:	e9d4 1202 	ldrd	r1, r2, [r4, #8]
10007564:	4423      	add	r3, r4
10007566:	60ca      	str	r2, [r1, #12]
10007568:	6091      	str	r1, [r2, #8]
1000756a:	685a      	ldr	r2, [r3, #4]
1000756c:	3408      	adds	r4, #8
1000756e:	f042 0201 	orr.w	r2, r2, #1
10007572:	605a      	str	r2, [r3, #4]
10007574:	f000 fa9a 	bl	10007aac <__malloc_unlock>
10007578:	4620      	mov	r0, r4
1000757a:	b003      	add	sp, #12
1000757c:	e8bd 8ff0 	ldmia.w	sp!, {r4, r5, r6, r7, r8, r9, sl, fp, pc}
10007580:	2b00      	cmp	r3, #0
10007582:	f023 0507 	bic.w	r5, r3, #7
10007586:	f2c0 8089 	blt.w	1000769c <_malloc_r+0x174>
1000758a:	42a9      	cmp	r1, r5
1000758c:	f200 8086 	bhi.w	1000769c <_malloc_r+0x174>
10007590:	f000 fa86 	bl	10007aa0 <__malloc_lock>
10007594:	f5b5 7ffc 	cmp.w	r5, #504	@ 0x1f8
10007598:	f0c0 827b 	bcc.w	10007a92 <_malloc_r+0x56a>
1000759c:	0a6b      	lsrs	r3, r5, #9
1000759e:	f000 8084 	beq.w	100076aa <_malloc_r+0x182>
100075a2:	2b04      	cmp	r3, #4
100075a4:	f200 8162 	bhi.w	1000786c <_malloc_r+0x344>
100075a8:	09ab      	lsrs	r3, r5, #6
100075aa:	f103 0039 	add.w	r0, r3, #57	@ 0x39
100075ae:	f103 0e38 	add.w	lr, r3, #56	@ 0x38
100075b2:	00c3      	lsls	r3, r0, #3
100075b4:	4e9f      	ldr	r6, [pc, #636]	@ (10007834 <_malloc_r+0x30c>)
100075b6:	4433      	add	r3, r6
100075b8:	f1a3 0c08 	sub.w	ip, r3, #8
100075bc:	685c      	ldr	r4, [r3, #4]
100075be:	45a4      	cmp	ip, r4
100075c0:	d107      	bne.n	100075d2 <_malloc_r+0xaa>
100075c2:	e00d      	b.n	100075e0 <_malloc_r+0xb8>
100075c4:	2a00      	cmp	r2, #0
100075c6:	68e1      	ldr	r1, [r4, #12]
100075c8:	f280 8116 	bge.w	100077f8 <_malloc_r+0x2d0>
100075cc:	458c      	cmp	ip, r1
100075ce:	460c      	mov	r4, r1
100075d0:	d006      	beq.n	100075e0 <_malloc_r+0xb8>
100075d2:	6863      	ldr	r3, [r4, #4]
100075d4:	f023 0303 	bic.w	r3, r3, #3
100075d8:	1b5a      	subs	r2, r3, r5
100075da:	2a0f      	cmp	r2, #15
100075dc:	ddf2      	ble.n	100075c4 <_malloc_r+0x9c>
100075de:	4670      	mov	r0, lr
100075e0:	f8df 8268 	ldr.w	r8, [pc, #616]	@ 1000784c <_malloc_r+0x324>
100075e4:	6934      	ldr	r4, [r6, #16]
100075e6:	4544      	cmp	r4, r8
100075e8:	f000 80f2 	beq.w	100077d0 <_malloc_r+0x2a8>
100075ec:	6863      	ldr	r3, [r4, #4]
100075ee:	f023 0c03 	bic.w	ip, r3, #3
100075f2:	ebac 0305 	sub.w	r3, ip, r5
100075f6:	2b0f      	cmp	r3, #15
100075f8:	f300 8174 	bgt.w	100078e4 <_malloc_r+0x3bc>
100075fc:	2b00      	cmp	r3, #0
100075fe:	e9c6 8804 	strd	r8, r8, [r6, #16]
10007602:	f280 8163 	bge.w	100078cc <_malloc_r+0x3a4>
10007606:	f5bc 7f00 	cmp.w	ip, #512	@ 0x200
1000760a:	f8d6 e004 	ldr.w	lr, [r6, #4]
1000760e:	f080 80ff 	bcs.w	10007810 <_malloc_r+0x2e8>
10007612:	ea4f 03dc 	mov.w	r3, ip, lsr #3
10007616:	2201      	movs	r2, #1
10007618:	ea4f 1c5c 	mov.w	ip, ip, lsr #5
1000761c:	3301      	adds	r3, #1
1000761e:	fa02 f20c 	lsl.w	r2, r2, ip
10007622:	f856 1033 	ldr.w	r1, [r6, r3, lsl #3]
10007626:	ea4e 0e02 	orr.w	lr, lr, r2
1000762a:	eb06 02c3 	add.w	r2, r6, r3, lsl #3
1000762e:	3a08      	subs	r2, #8
10007630:	f8c6 e004 	str.w	lr, [r6, #4]
10007634:	e9c4 1202 	strd	r1, r2, [r4, #8]
10007638:	f846 4033 	str.w	r4, [r6, r3, lsl #3]
1000763c:	60cc      	str	r4, [r1, #12]
1000763e:	1083      	asrs	r3, r0, #2
10007640:	f04f 0c01 	mov.w	ip, #1
10007644:	fa0c fc03 	lsl.w	ip, ip, r3
10007648:	45f4      	cmp	ip, lr
1000764a:	d834      	bhi.n	100076b6 <_malloc_r+0x18e>
1000764c:	ea1c 0f0e 	tst.w	ip, lr
10007650:	d107      	bne.n	10007662 <_malloc_r+0x13a>
10007652:	f020 0003 	bic.w	r0, r0, #3
10007656:	ea4f 0c4c 	mov.w	ip, ip, lsl #1
1000765a:	3004      	adds	r0, #4
1000765c:	ea1c 0f0e 	tst.w	ip, lr
10007660:	d0f9      	beq.n	10007656 <_malloc_r+0x12e>
10007662:	eb06 0ac0 	add.w	sl, r6, r0, lsl #3
10007666:	4681      	mov	r9, r0
10007668:	46d6      	mov	lr, sl
1000766a:	f8de 300c 	ldr.w	r3, [lr, #12]
1000766e:	e00b      	b.n	10007688 <_malloc_r+0x160>
10007670:	685a      	ldr	r2, [r3, #4]
10007672:	461c      	mov	r4, r3
10007674:	68db      	ldr	r3, [r3, #12]
10007676:	f022 0203 	bic.w	r2, r2, #3
1000767a:	1b51      	subs	r1, r2, r5
1000767c:	290f      	cmp	r1, #15
1000767e:	f300 8101 	bgt.w	10007884 <_malloc_r+0x35c>
10007682:	2900      	cmp	r1, #0
10007684:	f280 8115 	bge.w	100078b2 <_malloc_r+0x38a>
10007688:	459e      	cmp	lr, r3
1000768a:	d1f1      	bne.n	10007670 <_malloc_r+0x148>
1000768c:	f109 0901 	add.w	r9, r9, #1
10007690:	f10e 0e08 	add.w	lr, lr, #8
10007694:	f019 0f03 	tst.w	r9, #3
10007698:	d1e7      	bne.n	1000766a <_malloc_r+0x142>
1000769a:	e158      	b.n	1000794e <_malloc_r+0x426>
1000769c:	230c      	movs	r3, #12
1000769e:	603b      	str	r3, [r7, #0]
100076a0:	2400      	movs	r4, #0
100076a2:	4620      	mov	r0, r4
100076a4:	b003      	add	sp, #12
100076a6:	e8bd 8ff0 	ldmia.w	sp!, {r4, r5, r6, r7, r8, r9, sl, fp, pc}
100076aa:	f44f 7300 	mov.w	r3, #512	@ 0x200
100076ae:	2040      	movs	r0, #64	@ 0x40
100076b0:	f04f 0e3f 	mov.w	lr, #63	@ 0x3f
100076b4:	e77e      	b.n	100075b4 <_malloc_r+0x8c>
100076b6:	68b4      	ldr	r4, [r6, #8]
100076b8:	6863      	ldr	r3, [r4, #4]
100076ba:	f023 0903 	bic.w	r9, r3, #3
100076be:	45a9      	cmp	r9, r5
100076c0:	eba9 0305 	sub.w	r3, r9, r5
100076c4:	d302      	bcc.n	100076cc <_malloc_r+0x1a4>
100076c6:	2b0f      	cmp	r3, #15
100076c8:	f300 8085 	bgt.w	100077d6 <_malloc_r+0x2ae>
100076cc:	4b5a      	ldr	r3, [pc, #360]	@ (10007838 <_malloc_r+0x310>)
100076ce:	2008      	movs	r0, #8
100076d0:	681b      	ldr	r3, [r3, #0]
100076d2:	f103 0810 	add.w	r8, r3, #16
100076d6:	eb04 0309 	add.w	r3, r4, r9
100076da:	9300      	str	r3, [sp, #0]
100076dc:	f000 fa76 	bl	10007bcc <sysconf>
100076e0:	4a56      	ldr	r2, [pc, #344]	@ (1000783c <_malloc_r+0x314>)
100076e2:	44a8      	add	r8, r5
100076e4:	4683      	mov	fp, r0
100076e6:	6813      	ldr	r3, [r2, #0]
100076e8:	3301      	adds	r3, #1
100076ea:	d005      	beq.n	100076f8 <_malloc_r+0x1d0>
100076ec:	f108 38ff 	add.w	r8, r8, #4294967295
100076f0:	4243      	negs	r3, r0
100076f2:	4480      	add	r8, r0
100076f4:	ea03 0808 	and.w	r8, r3, r8
100076f8:	4641      	mov	r1, r8
100076fa:	4638      	mov	r0, r7
100076fc:	f000 fa4a 	bl	10007b94 <_sbrk_r>
10007700:	f1b0 3fff 	cmp.w	r0, #4294967295
10007704:	4682      	mov	sl, r0
10007706:	4a4d      	ldr	r2, [pc, #308]	@ (1000783c <_malloc_r+0x314>)
10007708:	f000 8107 	beq.w	1000791a <_malloc_r+0x3f2>
1000770c:	eb04 0309 	add.w	r3, r4, r9
10007710:	4283      	cmp	r3, r0
10007712:	f200 8100 	bhi.w	10007916 <_malloc_r+0x3ee>
10007716:	4b4a      	ldr	r3, [pc, #296]	@ (10007840 <_malloc_r+0x318>)
10007718:	f10b 3cff 	add.w	ip, fp, #4294967295
1000771c:	6818      	ldr	r0, [r3, #0]
1000771e:	4440      	add	r0, r8
10007720:	6018      	str	r0, [r3, #0]
10007722:	f000 8164 	beq.w	100079ee <_malloc_r+0x4c6>
10007726:	6811      	ldr	r1, [r2, #0]
10007728:	3101      	adds	r1, #1
1000772a:	f000 816c 	beq.w	10007a06 <_malloc_r+0x4de>
1000772e:	eb04 0209 	add.w	r2, r4, r9
10007732:	ebaa 0202 	sub.w	r2, sl, r2
10007736:	4402      	add	r2, r0
10007738:	601a      	str	r2, [r3, #0]
1000773a:	f01a 0207 	ands.w	r2, sl, #7
1000773e:	e9cd 2300 	strd	r2, r3, [sp]
10007742:	f000 8127 	beq.w	10007994 <_malloc_r+0x46c>
10007746:	f1c2 0208 	rsb	r2, r2, #8
1000774a:	4638      	mov	r0, r7
1000774c:	4492      	add	sl, r2
1000774e:	445a      	add	r2, fp
10007750:	44d0      	add	r8, sl
10007752:	ea08 010c 	and.w	r1, r8, ip
10007756:	1a52      	subs	r2, r2, r1
10007758:	ea02 0b0c 	and.w	fp, r2, ip
1000775c:	4659      	mov	r1, fp
1000775e:	f000 fa19 	bl	10007b94 <_sbrk_r>
10007762:	1c42      	adds	r2, r0, #1
10007764:	9b01      	ldr	r3, [sp, #4]
10007766:	f000 816a 	beq.w	10007a3e <_malloc_r+0x516>
1000776a:	eba0 000a 	sub.w	r0, r0, sl
1000776e:	eb00 080b 	add.w	r8, r0, fp
10007772:	6818      	ldr	r0, [r3, #0]
10007774:	f048 0201 	orr.w	r2, r8, #1
10007778:	42b4      	cmp	r4, r6
1000777a:	f8c6 a008 	str.w	sl, [r6, #8]
1000777e:	4458      	add	r0, fp
10007780:	f8ca 2004 	str.w	r2, [sl, #4]
10007784:	6018      	str	r0, [r3, #0]
10007786:	d017      	beq.n	100077b8 <_malloc_r+0x290>
10007788:	f1b9 0f0f 	cmp.w	r9, #15
1000778c:	f240 813e 	bls.w	10007a0c <_malloc_r+0x4e4>
10007790:	6861      	ldr	r1, [r4, #4]
10007792:	f1a9 020c 	sub.w	r2, r9, #12
10007796:	f04f 0c05 	mov.w	ip, #5
1000779a:	f022 0207 	bic.w	r2, r2, #7
1000779e:	f001 0101 	and.w	r1, r1, #1
100077a2:	4311      	orrs	r1, r2
100077a4:	2a0f      	cmp	r2, #15
100077a6:	6061      	str	r1, [r4, #4]
100077a8:	eb04 0102 	add.w	r1, r4, r2
100077ac:	e9c1 cc01 	strd	ip, ip, [r1, #4]
100077b0:	f200 814d 	bhi.w	10007a4e <_malloc_r+0x526>
100077b4:	f8da 2004 	ldr.w	r2, [sl, #4]
100077b8:	4b22      	ldr	r3, [pc, #136]	@ (10007844 <_malloc_r+0x31c>)
100077ba:	4654      	mov	r4, sl
100077bc:	6819      	ldr	r1, [r3, #0]
100077be:	4281      	cmp	r1, r0
100077c0:	bf38      	it	cc
100077c2:	6018      	strcc	r0, [r3, #0]
100077c4:	4b20      	ldr	r3, [pc, #128]	@ (10007848 <_malloc_r+0x320>)
100077c6:	6819      	ldr	r1, [r3, #0]
100077c8:	4281      	cmp	r1, r0
100077ca:	bf38      	it	cc
100077cc:	6018      	strcc	r0, [r3, #0]
100077ce:	e0a6      	b.n	1000791e <_malloc_r+0x3f6>
100077d0:	f8d6 e004 	ldr.w	lr, [r6, #4]
100077d4:	e733      	b.n	1000763e <_malloc_r+0x116>
100077d6:	1962      	adds	r2, r4, r5
100077d8:	f045 0501 	orr.w	r5, r5, #1
100077dc:	f043 0301 	orr.w	r3, r3, #1
100077e0:	3408      	adds	r4, #8
100077e2:	f844 5c04 	str.w	r5, [r4, #-4]
100077e6:	4638      	mov	r0, r7
100077e8:	60b2      	str	r2, [r6, #8]
100077ea:	6053      	str	r3, [r2, #4]
100077ec:	f000 f95e 	bl	10007aac <__malloc_unlock>
100077f0:	4620      	mov	r0, r4
100077f2:	b003      	add	sp, #12
100077f4:	e8bd 8ff0 	ldmia.w	sp!, {r4, r5, r6, r7, r8, r9, sl, fp, pc}
100077f8:	68a2      	ldr	r2, [r4, #8]
100077fa:	4423      	add	r3, r4
100077fc:	4638      	mov	r0, r7
100077fe:	60d1      	str	r1, [r2, #12]
10007800:	608a      	str	r2, [r1, #8]
10007802:	e6b2      	b.n	1000756a <_malloc_r+0x42>
10007804:	68dc      	ldr	r4, [r3, #12]
10007806:	42a3      	cmp	r3, r4
10007808:	f47f aea6 	bne.w	10007558 <_malloc_r+0x30>
1000780c:	3002      	adds	r0, #2
1000780e:	e6e7      	b.n	100075e0 <_malloc_r+0xb8>
10007810:	f5bc 6f20 	cmp.w	ip, #2560	@ 0xa00
10007814:	ea4f 225c 	mov.w	r2, ip, lsr #9
10007818:	d376      	bcc.n	10007908 <_malloc_r+0x3e0>
1000781a:	2a14      	cmp	r2, #20
1000781c:	f200 80cd 	bhi.w	100079ba <_malloc_r+0x492>
10007820:	f102 035c 	add.w	r3, r2, #92	@ 0x5c
10007824:	325b      	adds	r2, #91	@ 0x5b
10007826:	00db      	lsls	r3, r3, #3
10007828:	18f1      	adds	r1, r6, r3
1000782a:	58f3      	ldr	r3, [r6, r3]
1000782c:	3908      	subs	r1, #8
1000782e:	4299      	cmp	r1, r3
10007830:	d111      	bne.n	10007856 <_malloc_r+0x32e>
10007832:	e0a5      	b.n	10007980 <_malloc_r+0x458>
10007834:	20000ed0 	.word	0x20000ed0
10007838:	200015e4 	.word	0x200015e4
1000783c:	20000ec4 	.word	0x20000ec4
10007840:	200015b4 	.word	0x200015b4
10007844:	200015dc 	.word	0x200015dc
10007848:	200015e0 	.word	0x200015e0
1000784c:	20000ed8 	.word	0x20000ed8
10007850:	689b      	ldr	r3, [r3, #8]
10007852:	4299      	cmp	r1, r3
10007854:	d004      	beq.n	10007860 <_malloc_r+0x338>
10007856:	685a      	ldr	r2, [r3, #4]
10007858:	f022 0203 	bic.w	r2, r2, #3
1000785c:	4562      	cmp	r2, ip
1000785e:	d8f7      	bhi.n	10007850 <_malloc_r+0x328>
10007860:	68d9      	ldr	r1, [r3, #12]
10007862:	e9c4 3102 	strd	r3, r1, [r4, #8]
10007866:	608c      	str	r4, [r1, #8]
10007868:	60dc      	str	r4, [r3, #12]
1000786a:	e6e8      	b.n	1000763e <_malloc_r+0x116>
1000786c:	2b14      	cmp	r3, #20
1000786e:	d963      	bls.n	10007938 <_malloc_r+0x410>
10007870:	2b54      	cmp	r3, #84	@ 0x54
10007872:	f200 80ab 	bhi.w	100079cc <_malloc_r+0x4a4>
10007876:	0b2b      	lsrs	r3, r5, #12
10007878:	f103 006f 	add.w	r0, r3, #111	@ 0x6f
1000787c:	f103 0e6e 	add.w	lr, r3, #110	@ 0x6e
10007880:	00c3      	lsls	r3, r0, #3
10007882:	e697      	b.n	100075b4 <_malloc_r+0x8c>
10007884:	f8d4 c008 	ldr.w	ip, [r4, #8]
10007888:	4638      	mov	r0, r7
1000788a:	1967      	adds	r7, r4, r5
1000788c:	f045 0501 	orr.w	r5, r5, #1
10007890:	6065      	str	r5, [r4, #4]
10007892:	f8cc 300c 	str.w	r3, [ip, #12]
10007896:	f8c3 c008 	str.w	ip, [r3, #8]
1000789a:	f041 0301 	orr.w	r3, r1, #1
1000789e:	e9c6 7704 	strd	r7, r7, [r6, #16]
100078a2:	e9c7 8802 	strd	r8, r8, [r7, #8]
100078a6:	607b      	str	r3, [r7, #4]
100078a8:	50a1      	str	r1, [r4, r2]
100078aa:	3408      	adds	r4, #8
100078ac:	f000 f8fe 	bl	10007aac <__malloc_unlock>
100078b0:	e6f7      	b.n	100076a2 <_malloc_r+0x17a>
100078b2:	4422      	add	r2, r4
100078b4:	4638      	mov	r0, r7
100078b6:	6851      	ldr	r1, [r2, #4]
100078b8:	f041 0101 	orr.w	r1, r1, #1
100078bc:	6051      	str	r1, [r2, #4]
100078be:	f854 2f08 	ldr.w	r2, [r4, #8]!
100078c2:	60d3      	str	r3, [r2, #12]
100078c4:	609a      	str	r2, [r3, #8]
100078c6:	f000 f8f1 	bl	10007aac <__malloc_unlock>
100078ca:	e6ea      	b.n	100076a2 <_malloc_r+0x17a>
100078cc:	44a4      	add	ip, r4
100078ce:	4638      	mov	r0, r7
100078d0:	3408      	adds	r4, #8
100078d2:	f8dc 3004 	ldr.w	r3, [ip, #4]
100078d6:	f043 0301 	orr.w	r3, r3, #1
100078da:	f8cc 3004 	str.w	r3, [ip, #4]
100078de:	f000 f8e5 	bl	10007aac <__malloc_unlock>
100078e2:	e6de      	b.n	100076a2 <_malloc_r+0x17a>
100078e4:	1962      	adds	r2, r4, r5
100078e6:	f043 0101 	orr.w	r1, r3, #1
100078ea:	f045 0501 	orr.w	r5, r5, #1
100078ee:	4638      	mov	r0, r7
100078f0:	6065      	str	r5, [r4, #4]
100078f2:	e9c6 2204 	strd	r2, r2, [r6, #16]
100078f6:	e9c2 8802 	strd	r8, r8, [r2, #8]
100078fa:	6051      	str	r1, [r2, #4]
100078fc:	f844 300c 	str.w	r3, [r4, ip]
10007900:	3408      	adds	r4, #8
10007902:	f000 f8d3 	bl	10007aac <__malloc_unlock>
10007906:	e6cc      	b.n	100076a2 <_malloc_r+0x17a>
10007908:	ea4f 129c 	mov.w	r2, ip, lsr #6
1000790c:	f102 0339 	add.w	r3, r2, #57	@ 0x39
10007910:	3238      	adds	r2, #56	@ 0x38
10007912:	00db      	lsls	r3, r3, #3
10007914:	e788      	b.n	10007828 <_malloc_r+0x300>
10007916:	42b4      	cmp	r4, r6
10007918:	d062      	beq.n	100079e0 <_malloc_r+0x4b8>
1000791a:	68b4      	ldr	r4, [r6, #8]
1000791c:	6862      	ldr	r2, [r4, #4]
1000791e:	f022 0803 	bic.w	r8, r2, #3
10007922:	45a8      	cmp	r8, r5
10007924:	eba8 0305 	sub.w	r3, r8, r5
10007928:	d302      	bcc.n	10007930 <_malloc_r+0x408>
1000792a:	2b0f      	cmp	r3, #15
1000792c:	f73f af53 	bgt.w	100077d6 <_malloc_r+0x2ae>
10007930:	4638      	mov	r0, r7
10007932:	f000 f8bb 	bl	10007aac <__malloc_unlock>
10007936:	e6b3      	b.n	100076a0 <_malloc_r+0x178>
10007938:	f103 005c 	add.w	r0, r3, #92	@ 0x5c
1000793c:	f103 0e5b 	add.w	lr, r3, #91	@ 0x5b
10007940:	00c3      	lsls	r3, r0, #3
10007942:	e637      	b.n	100075b4 <_malloc_r+0x8c>
10007944:	f85a 3908 	ldr.w	r3, [sl], #-8
10007948:	4553      	cmp	r3, sl
1000794a:	f040 80a0 	bne.w	10007a8e <_malloc_r+0x566>
1000794e:	f010 0f03 	tst.w	r0, #3
10007952:	f100 30ff 	add.w	r0, r0, #4294967295
10007956:	d1f5      	bne.n	10007944 <_malloc_r+0x41c>
10007958:	6873      	ldr	r3, [r6, #4]
1000795a:	ea23 030c 	bic.w	r3, r3, ip
1000795e:	6073      	str	r3, [r6, #4]
10007960:	ea4f 0c4c 	mov.w	ip, ip, lsl #1
10007964:	f10c 32ff 	add.w	r2, ip, #4294967295
10007968:	429a      	cmp	r2, r3
1000796a:	d304      	bcc.n	10007976 <_malloc_r+0x44e>
1000796c:	e6a3      	b.n	100076b6 <_malloc_r+0x18e>
1000796e:	ea4f 0c4c 	mov.w	ip, ip, lsl #1
10007972:	f109 0904 	add.w	r9, r9, #4
10007976:	ea1c 0f03 	tst.w	ip, r3
1000797a:	d0f8      	beq.n	1000796e <_malloc_r+0x446>
1000797c:	4648      	mov	r0, r9
1000797e:	e670      	b.n	10007662 <_malloc_r+0x13a>
10007980:	1092      	asrs	r2, r2, #2
10007982:	f04f 0c01 	mov.w	ip, #1
10007986:	fa0c f202 	lsl.w	r2, ip, r2
1000798a:	ea4e 0e02 	orr.w	lr, lr, r2
1000798e:	f8c6 e004 	str.w	lr, [r6, #4]
10007992:	e766      	b.n	10007862 <_malloc_r+0x33a>
10007994:	eb0a 0208 	add.w	r2, sl, r8
10007998:	4638      	mov	r0, r7
1000799a:	ea02 020c 	and.w	r2, r2, ip
1000799e:	ebab 0b02 	sub.w	fp, fp, r2
100079a2:	ea0b 0b0c 	and.w	fp, fp, ip
100079a6:	4659      	mov	r1, fp
100079a8:	f000 f8f4 	bl	10007b94 <_sbrk_r>
100079ac:	1c43      	adds	r3, r0, #1
100079ae:	9b01      	ldr	r3, [sp, #4]
100079b0:	f47f aedb 	bne.w	1000776a <_malloc_r+0x242>
100079b4:	f8dd b000 	ldr.w	fp, [sp]
100079b8:	e6db      	b.n	10007772 <_malloc_r+0x24a>
100079ba:	2a54      	cmp	r2, #84	@ 0x54
100079bc:	d82a      	bhi.n	10007a14 <_malloc_r+0x4ec>
100079be:	ea4f 321c 	mov.w	r2, ip, lsr #12
100079c2:	f102 036f 	add.w	r3, r2, #111	@ 0x6f
100079c6:	326e      	adds	r2, #110	@ 0x6e
100079c8:	00db      	lsls	r3, r3, #3
100079ca:	e72d      	b.n	10007828 <_malloc_r+0x300>
100079cc:	f5b3 7faa 	cmp.w	r3, #340	@ 0x154
100079d0:	d82a      	bhi.n	10007a28 <_malloc_r+0x500>
100079d2:	0beb      	lsrs	r3, r5, #15
100079d4:	f103 0078 	add.w	r0, r3, #120	@ 0x78
100079d8:	f103 0e77 	add.w	lr, r3, #119	@ 0x77
100079dc:	00c3      	lsls	r3, r0, #3
100079de:	e5e9      	b.n	100075b4 <_malloc_r+0x8c>
100079e0:	4b2e      	ldr	r3, [pc, #184]	@ (10007a9c <_malloc_r+0x574>)
100079e2:	f10b 3cff 	add.w	ip, fp, #4294967295
100079e6:	6818      	ldr	r0, [r3, #0]
100079e8:	4440      	add	r0, r8
100079ea:	6018      	str	r0, [r3, #0]
100079ec:	e69b      	b.n	10007726 <_malloc_r+0x1fe>
100079ee:	ea1a 0f0c 	tst.w	sl, ip
100079f2:	f47f ae98 	bne.w	10007726 <_malloc_r+0x1fe>
100079f6:	44c8      	add	r8, r9
100079f8:	f8d6 a008 	ldr.w	sl, [r6, #8]
100079fc:	f048 0201 	orr.w	r2, r8, #1
10007a00:	f8ca 2004 	str.w	r2, [sl, #4]
10007a04:	e6d8      	b.n	100077b8 <_malloc_r+0x290>
10007a06:	f8c2 a000 	str.w	sl, [r2]
10007a0a:	e696      	b.n	1000773a <_malloc_r+0x212>
10007a0c:	2301      	movs	r3, #1
10007a0e:	f8ca 3004 	str.w	r3, [sl, #4]
10007a12:	e78d      	b.n	10007930 <_malloc_r+0x408>
10007a14:	f5b2 7faa 	cmp.w	r2, #340	@ 0x154
10007a18:	d824      	bhi.n	10007a64 <_malloc_r+0x53c>
10007a1a:	ea4f 32dc 	mov.w	r2, ip, lsr #15
10007a1e:	f102 0378 	add.w	r3, r2, #120	@ 0x78
10007a22:	3277      	adds	r2, #119	@ 0x77
10007a24:	00db      	lsls	r3, r3, #3
10007a26:	e6ff      	b.n	10007828 <_malloc_r+0x300>
10007a28:	f240 5254 	movw	r2, #1364	@ 0x554
10007a2c:	4293      	cmp	r3, r2
10007a2e:	d824      	bhi.n	10007a7a <_malloc_r+0x552>
10007a30:	0cab      	lsrs	r3, r5, #18
10007a32:	f103 007d 	add.w	r0, r3, #125	@ 0x7d
10007a36:	f103 0e7c 	add.w	lr, r3, #124	@ 0x7c
10007a3a:	00c3      	lsls	r3, r0, #3
10007a3c:	e5ba      	b.n	100075b4 <_malloc_r+0x8c>
10007a3e:	9a00      	ldr	r2, [sp, #0]
10007a40:	f04f 0b00 	mov.w	fp, #0
10007a44:	3a08      	subs	r2, #8
10007a46:	4490      	add	r8, r2
10007a48:	eba8 080a 	sub.w	r8, r8, sl
10007a4c:	e691      	b.n	10007772 <_malloc_r+0x24a>
10007a4e:	4638      	mov	r0, r7
10007a50:	f104 0108 	add.w	r1, r4, #8
10007a54:	9300      	str	r3, [sp, #0]
10007a56:	f000 f9c7 	bl	10007de8 <_free_r>
10007a5a:	9b00      	ldr	r3, [sp, #0]
10007a5c:	f8d6 a008 	ldr.w	sl, [r6, #8]
10007a60:	6818      	ldr	r0, [r3, #0]
10007a62:	e6a7      	b.n	100077b4 <_malloc_r+0x28c>
10007a64:	f240 5354 	movw	r3, #1364	@ 0x554
10007a68:	429a      	cmp	r2, r3
10007a6a:	d80c      	bhi.n	10007a86 <_malloc_r+0x55e>
10007a6c:	ea4f 429c 	mov.w	r2, ip, lsr #18
10007a70:	f102 037d 	add.w	r3, r2, #125	@ 0x7d
10007a74:	327c      	adds	r2, #124	@ 0x7c
10007a76:	00db      	lsls	r3, r3, #3
10007a78:	e6d6      	b.n	10007828 <_malloc_r+0x300>
10007a7a:	f44f 737e 	mov.w	r3, #1016	@ 0x3f8
10007a7e:	207f      	movs	r0, #127	@ 0x7f
10007a80:	f04f 0e7e 	mov.w	lr, #126	@ 0x7e
10007a84:	e596      	b.n	100075b4 <_malloc_r+0x8c>
10007a86:	f44f 737e 	mov.w	r3, #1016	@ 0x3f8
10007a8a:	227e      	movs	r2, #126	@ 0x7e
10007a8c:	e6cc      	b.n	10007828 <_malloc_r+0x300>
10007a8e:	6873      	ldr	r3, [r6, #4]
10007a90:	e766      	b.n	10007960 <_malloc_r+0x438>
10007a92:	08e8      	lsrs	r0, r5, #3
10007a94:	f105 0308 	add.w	r3, r5, #8
10007a98:	e556      	b.n	10007548 <_malloc_r+0x20>
10007a9a:	bf00      	nop
10007a9c:	200015b4 	.word	0x200015b4

10007aa0 <__malloc_lock>:
10007aa0:	4801      	ldr	r0, [pc, #4]	@ (10007aa8 <__malloc_lock+0x8>)
10007aa2:	f000 b88f 	b.w	10007bc4 <__retarget_lock_acquire_recursive>
10007aa6:	bf00      	nop
10007aa8:	200015b0 	.word	0x200015b0

10007aac <__malloc_unlock>:
10007aac:	4801      	ldr	r0, [pc, #4]	@ (10007ab4 <__malloc_unlock+0x8>)
10007aae:	f000 b88b 	b.w	10007bc8 <__retarget_lock_release_recursive>
10007ab2:	bf00      	nop
10007ab4:	200015b0 	.word	0x200015b0

10007ab8 <rand>:
10007ab8:	4b0c      	ldr	r3, [pc, #48]	@ (10007aec <rand+0x34>)
10007aba:	480d      	ldr	r0, [pc, #52]	@ (10007af0 <rand+0x38>)
10007abc:	6819      	ldr	r1, [r3, #0]
10007abe:	4a0d      	ldr	r2, [pc, #52]	@ (10007af4 <rand+0x3c>)
10007ac0:	f8d1 3098 	ldr.w	r3, [r1, #152]	@ 0x98
10007ac4:	b410      	push	{r4}
10007ac6:	fb03 f000 	mul.w	r0, r3, r0
10007aca:	f8d1 409c 	ldr.w	r4, [r1, #156]	@ 0x9c
10007ace:	fb02 0004 	mla	r0, r2, r4, r0
10007ad2:	f85d 4b04 	ldr.w	r4, [sp], #4
10007ad6:	fba3 3202 	umull	r3, r2, r3, r2
10007ada:	3301      	adds	r3, #1
10007adc:	eb40 0002 	adc.w	r0, r0, r2
10007ae0:	e9c1 3026 	strd	r3, r0, [r1, #152]	@ 0x98
10007ae4:	f020 4000 	bic.w	r0, r0, #2147483648	@ 0x80000000
10007ae8:	4770      	bx	lr
10007aea:	bf00      	nop
10007aec:	200012d8 	.word	0x200012d8
10007af0:	5851f42d 	.word	0x5851f42d
10007af4:	4c957f2d 	.word	0x4c957f2d

10007af8 <memset>:
10007af8:	0783      	lsls	r3, r0, #30
10007afa:	b530      	push	{r4, r5, lr}
10007afc:	d046      	beq.n	10007b8c <memset+0x94>
10007afe:	1884      	adds	r4, r0, r2
10007b00:	4684      	mov	ip, r0
10007b02:	e004      	b.n	10007b0e <memset+0x16>
10007b04:	f803 1b01 	strb.w	r1, [r3], #1
10007b08:	079d      	lsls	r5, r3, #30
10007b0a:	d004      	beq.n	10007b16 <memset+0x1e>
10007b0c:	469c      	mov	ip, r3
10007b0e:	45a4      	cmp	ip, r4
10007b10:	4663      	mov	r3, ip
10007b12:	d1f7      	bne.n	10007b04 <memset+0xc>
10007b14:	bd30      	pop	{r4, r5, pc}
10007b16:	3a01      	subs	r2, #1
10007b18:	4402      	add	r2, r0
10007b1a:	eba2 020c 	sub.w	r2, r2, ip
10007b1e:	2a03      	cmp	r2, #3
10007b20:	d929      	bls.n	10007b76 <memset+0x7e>
10007b22:	b2cc      	uxtb	r4, r1
10007b24:	2a0f      	cmp	r2, #15
10007b26:	eb04 2404 	add.w	r4, r4, r4, lsl #8
10007b2a:	eb04 4404 	add.w	r4, r4, r4, lsl #16
10007b2e:	d92f      	bls.n	10007b90 <memset+0x98>
10007b30:	f1a2 0c10 	sub.w	ip, r2, #16
10007b34:	f103 0510 	add.w	r5, r3, #16
10007b38:	f02c 0c0f 	bic.w	ip, ip, #15
10007b3c:	44ac      	add	ip, r5
10007b3e:	e9c3 4400 	strd	r4, r4, [r3]
10007b42:	e9c3 4402 	strd	r4, r4, [r3, #8]
10007b46:	3310      	adds	r3, #16
10007b48:	4563      	cmp	r3, ip
10007b4a:	d1f8      	bne.n	10007b3e <memset+0x46>
10007b4c:	f012 0f0c 	tst.w	r2, #12
10007b50:	f002 0e0f 	and.w	lr, r2, #15
10007b54:	d018      	beq.n	10007b88 <memset+0x90>
10007b56:	f02e 0c03 	bic.w	ip, lr, #3
10007b5a:	f1ae 0504 	sub.w	r5, lr, #4
10007b5e:	461a      	mov	r2, r3
10007b60:	449c      	add	ip, r3
10007b62:	f842 4b04 	str.w	r4, [r2], #4
10007b66:	4562      	cmp	r2, ip
10007b68:	d1fb      	bne.n	10007b62 <memset+0x6a>
10007b6a:	f025 0403 	bic.w	r4, r5, #3
10007b6e:	3304      	adds	r3, #4
10007b70:	f00e 0203 	and.w	r2, lr, #3
10007b74:	4423      	add	r3, r4
10007b76:	2a00      	cmp	r2, #0
10007b78:	d0cc      	beq.n	10007b14 <memset+0x1c>
10007b7a:	b2c9      	uxtb	r1, r1
10007b7c:	441a      	add	r2, r3
10007b7e:	f803 1b01 	strb.w	r1, [r3], #1
10007b82:	4293      	cmp	r3, r2
10007b84:	d1fb      	bne.n	10007b7e <memset+0x86>
10007b86:	bd30      	pop	{r4, r5, pc}
10007b88:	4672      	mov	r2, lr
10007b8a:	e7f4      	b.n	10007b76 <memset+0x7e>
10007b8c:	4603      	mov	r3, r0
10007b8e:	e7c6      	b.n	10007b1e <memset+0x26>
10007b90:	4696      	mov	lr, r2
10007b92:	e7e0      	b.n	10007b56 <memset+0x5e>

10007b94 <_sbrk_r>:
10007b94:	b538      	push	{r3, r4, r5, lr}
10007b96:	2200      	movs	r2, #0
10007b98:	4d06      	ldr	r5, [pc, #24]	@ (10007bb4 <_sbrk_r+0x20>)
10007b9a:	4604      	mov	r4, r0
10007b9c:	4608      	mov	r0, r1
10007b9e:	602a      	str	r2, [r5, #0]
10007ba0:	f7fc fa00 	bl	10003fa4 <_sbrk>
10007ba4:	1c43      	adds	r3, r0, #1
10007ba6:	d000      	beq.n	10007baa <_sbrk_r+0x16>
10007ba8:	bd38      	pop	{r3, r4, r5, pc}
10007baa:	682b      	ldr	r3, [r5, #0]
10007bac:	2b00      	cmp	r3, #0
10007bae:	d0fb      	beq.n	10007ba8 <_sbrk_r+0x14>
10007bb0:	6023      	str	r3, [r4, #0]
10007bb2:	bd38      	pop	{r3, r4, r5, pc}
10007bb4:	20001d58 	.word	0x20001d58

10007bb8 <__errno>:
10007bb8:	4b01      	ldr	r3, [pc, #4]	@ (10007bc0 <__errno+0x8>)
10007bba:	6818      	ldr	r0, [r3, #0]
10007bbc:	4770      	bx	lr
10007bbe:	bf00      	nop
10007bc0:	200012d8 	.word	0x200012d8

10007bc4 <__retarget_lock_acquire_recursive>:
10007bc4:	4770      	bx	lr
10007bc6:	bf00      	nop

10007bc8 <__retarget_lock_release_recursive>:
10007bc8:	4770      	bx	lr
10007bca:	bf00      	nop

10007bcc <sysconf>:
10007bcc:	2808      	cmp	r0, #8
10007bce:	d102      	bne.n	10007bd6 <sysconf+0xa>
10007bd0:	f44f 5080 	mov.w	r0, #4096	@ 0x1000
10007bd4:	4770      	bx	lr
10007bd6:	b508      	push	{r3, lr}
10007bd8:	f7ff ffee 	bl	10007bb8 <__errno>
10007bdc:	2216      	movs	r2, #22
10007bde:	4603      	mov	r3, r0
10007be0:	f04f 30ff 	mov.w	r0, #4294967295
10007be4:	601a      	str	r2, [r3, #0]
10007be6:	bd08      	pop	{r3, pc}

10007be8 <memcpy>:
10007be8:	4684      	mov	ip, r0
10007bea:	ea41 0300 	orr.w	r3, r1, r0
10007bee:	f013 0303 	ands.w	r3, r3, #3
10007bf2:	d149      	bne.n	10007c88 <memcpy+0xa0>
10007bf4:	3a40      	subs	r2, #64	@ 0x40
10007bf6:	d323      	bcc.n	10007c40 <memcpy+0x58>
10007bf8:	680b      	ldr	r3, [r1, #0]
10007bfa:	6003      	str	r3, [r0, #0]
10007bfc:	684b      	ldr	r3, [r1, #4]
10007bfe:	6043      	str	r3, [r0, #4]
10007c00:	688b      	ldr	r3, [r1, #8]
10007c02:	6083      	str	r3, [r0, #8]
10007c04:	68cb      	ldr	r3, [r1, #12]
10007c06:	60c3      	str	r3, [r0, #12]
10007c08:	690b      	ldr	r3, [r1, #16]
10007c0a:	6103      	str	r3, [r0, #16]
10007c0c:	694b      	ldr	r3, [r1, #20]
10007c0e:	6143      	str	r3, [r0, #20]
10007c10:	698b      	ldr	r3, [r1, #24]
10007c12:	6183      	str	r3, [r0, #24]
10007c14:	69cb      	ldr	r3, [r1, #28]
10007c16:	61c3      	str	r3, [r0, #28]
10007c18:	6a0b      	ldr	r3, [r1, #32]
10007c1a:	6203      	str	r3, [r0, #32]
10007c1c:	6a4b      	ldr	r3, [r1, #36]	@ 0x24
10007c1e:	6243      	str	r3, [r0, #36]	@ 0x24
10007c20:	6a8b      	ldr	r3, [r1, #40]	@ 0x28
10007c22:	6283      	str	r3, [r0, #40]	@ 0x28
10007c24:	6acb      	ldr	r3, [r1, #44]	@ 0x2c
10007c26:	62c3      	str	r3, [r0, #44]	@ 0x2c
10007c28:	6b0b      	ldr	r3, [r1, #48]	@ 0x30
10007c2a:	6303      	str	r3, [r0, #48]	@ 0x30
10007c2c:	6b4b      	ldr	r3, [r1, #52]	@ 0x34
10007c2e:	6343      	str	r3, [r0, #52]	@ 0x34
10007c30:	6b8b      	ldr	r3, [r1, #56]	@ 0x38
10007c32:	6383      	str	r3, [r0, #56]	@ 0x38
10007c34:	6bcb      	ldr	r3, [r1, #60]	@ 0x3c
10007c36:	63c3      	str	r3, [r0, #60]	@ 0x3c
10007c38:	3040      	adds	r0, #64	@ 0x40
10007c3a:	3140      	adds	r1, #64	@ 0x40
10007c3c:	3a40      	subs	r2, #64	@ 0x40
10007c3e:	d2db      	bcs.n	10007bf8 <memcpy+0x10>
10007c40:	3230      	adds	r2, #48	@ 0x30
10007c42:	d30b      	bcc.n	10007c5c <memcpy+0x74>
10007c44:	680b      	ldr	r3, [r1, #0]
10007c46:	6003      	str	r3, [r0, #0]
10007c48:	684b      	ldr	r3, [r1, #4]
10007c4a:	6043      	str	r3, [r0, #4]
10007c4c:	688b      	ldr	r3, [r1, #8]
10007c4e:	6083      	str	r3, [r0, #8]
10007c50:	68cb      	ldr	r3, [r1, #12]
10007c52:	60c3      	str	r3, [r0, #12]
10007c54:	3010      	adds	r0, #16
10007c56:	3110      	adds	r1, #16
10007c58:	3a10      	subs	r2, #16
10007c5a:	d2f3      	bcs.n	10007c44 <memcpy+0x5c>
10007c5c:	320c      	adds	r2, #12
10007c5e:	d305      	bcc.n	10007c6c <memcpy+0x84>
10007c60:	f851 3b04 	ldr.w	r3, [r1], #4
10007c64:	f840 3b04 	str.w	r3, [r0], #4
10007c68:	3a04      	subs	r2, #4
10007c6a:	d2f9      	bcs.n	10007c60 <memcpy+0x78>
10007c6c:	3204      	adds	r2, #4
10007c6e:	d008      	beq.n	10007c82 <memcpy+0x9a>
10007c70:	07d2      	lsls	r2, r2, #31
10007c72:	bf1c      	itt	ne
10007c74:	f811 3b01 	ldrbne.w	r3, [r1], #1
10007c78:	f800 3b01 	strbne.w	r3, [r0], #1
10007c7c:	d301      	bcc.n	10007c82 <memcpy+0x9a>
10007c7e:	880b      	ldrh	r3, [r1, #0]
10007c80:	8003      	strh	r3, [r0, #0]
10007c82:	4660      	mov	r0, ip
10007c84:	4770      	bx	lr
10007c86:	bf00      	nop
10007c88:	2a08      	cmp	r2, #8
10007c8a:	d313      	bcc.n	10007cb4 <memcpy+0xcc>
10007c8c:	078b      	lsls	r3, r1, #30
10007c8e:	d0b1      	beq.n	10007bf4 <memcpy+0xc>
10007c90:	f010 0303 	ands.w	r3, r0, #3
10007c94:	d0ae      	beq.n	10007bf4 <memcpy+0xc>
10007c96:	f1c3 0304 	rsb	r3, r3, #4
10007c9a:	1ad2      	subs	r2, r2, r3
10007c9c:	07db      	lsls	r3, r3, #31
10007c9e:	bf1c      	itt	ne
10007ca0:	f811 3b01 	ldrbne.w	r3, [r1], #1
10007ca4:	f800 3b01 	strbne.w	r3, [r0], #1
10007ca8:	d3a4      	bcc.n	10007bf4 <memcpy+0xc>
10007caa:	f831 3b02 	ldrh.w	r3, [r1], #2
10007cae:	f820 3b02 	strh.w	r3, [r0], #2
10007cb2:	e79f      	b.n	10007bf4 <memcpy+0xc>
10007cb4:	3a04      	subs	r2, #4
10007cb6:	d3d9      	bcc.n	10007c6c <memcpy+0x84>
10007cb8:	3a01      	subs	r2, #1
10007cba:	f811 3b01 	ldrb.w	r3, [r1], #1
10007cbe:	f800 3b01 	strb.w	r3, [r0], #1
10007cc2:	d2f9      	bcs.n	10007cb8 <memcpy+0xd0>
10007cc4:	780b      	ldrb	r3, [r1, #0]
10007cc6:	7003      	strb	r3, [r0, #0]
10007cc8:	784b      	ldrb	r3, [r1, #1]
10007cca:	7043      	strb	r3, [r0, #1]
10007ccc:	788b      	ldrb	r3, [r1, #2]
10007cce:	7083      	strb	r3, [r0, #2]
10007cd0:	4660      	mov	r0, ip
10007cd2:	4770      	bx	lr

10007cd4 <strlen>:
10007cd4:	f020 0103 	bic.w	r1, r0, #3
10007cd8:	f010 0003 	ands.w	r0, r0, #3
10007cdc:	f1c0 0000 	rsb	r0, r0, #0
10007ce0:	f851 3b04 	ldr.w	r3, [r1], #4
10007ce4:	f100 0c04 	add.w	ip, r0, #4
10007ce8:	ea4f 0ccc 	mov.w	ip, ip, lsl #3
10007cec:	f06f 0200 	mvn.w	r2, #0
10007cf0:	bf1c      	itt	ne
10007cf2:	fa22 f20c 	lsrne.w	r2, r2, ip
10007cf6:	4313      	orrne	r3, r2
10007cf8:	f04f 0c01 	mov.w	ip, #1
10007cfc:	ea4c 2c0c 	orr.w	ip, ip, ip, lsl #8
10007d00:	ea4c 4c0c 	orr.w	ip, ip, ip, lsl #16
10007d04:	eba3 020c 	sub.w	r2, r3, ip
10007d08:	ea22 0203 	bic.w	r2, r2, r3
10007d0c:	ea12 12cc 	ands.w	r2, r2, ip, lsl #7
10007d10:	bf04      	itt	eq
10007d12:	f851 3b04 	ldreq.w	r3, [r1], #4
10007d16:	3004      	addeq	r0, #4
10007d18:	d0f4      	beq.n	10007d04 <strlen+0x30>
10007d1a:	f1c2 0100 	rsb	r1, r2, #0
10007d1e:	ea02 0201 	and.w	r2, r2, r1
10007d22:	fab2 f282 	clz	r2, r2
10007d26:	f1c2 021f 	rsb	r2, r2, #31
10007d2a:	eb00 00d2 	add.w	r0, r0, r2, lsr #3
10007d2e:	4770      	bx	lr

10007d30 <_malloc_trim_r>:
10007d30:	e92d 43f8 	stmdb	sp!, {r3, r4, r5, r6, r7, r8, r9, lr}
10007d34:	4606      	mov	r6, r0
10007d36:	f8df 80ac 	ldr.w	r8, [pc, #172]	@ 10007de4 <_malloc_trim_r+0xb4>
10007d3a:	2008      	movs	r0, #8
10007d3c:	4689      	mov	r9, r1
10007d3e:	f7ff ff45 	bl	10007bcc <sysconf>
10007d42:	4605      	mov	r5, r0
10007d44:	4630      	mov	r0, r6
10007d46:	f7ff feab 	bl	10007aa0 <__malloc_lock>
10007d4a:	f8d8 3008 	ldr.w	r3, [r8, #8]
10007d4e:	685f      	ldr	r7, [r3, #4]
10007d50:	f027 0703 	bic.w	r7, r7, #3
10007d54:	f1a7 0411 	sub.w	r4, r7, #17
10007d58:	eba4 0409 	sub.w	r4, r4, r9
10007d5c:	442c      	add	r4, r5
10007d5e:	fbb4 f4f5 	udiv	r4, r4, r5
10007d62:	3c01      	subs	r4, #1
10007d64:	fb05 f404 	mul.w	r4, r5, r4
10007d68:	42a5      	cmp	r5, r4
10007d6a:	dc08      	bgt.n	10007d7e <_malloc_trim_r+0x4e>
10007d6c:	2100      	movs	r1, #0
10007d6e:	4630      	mov	r0, r6
10007d70:	f7ff ff10 	bl	10007b94 <_sbrk_r>
10007d74:	f8d8 3008 	ldr.w	r3, [r8, #8]
10007d78:	443b      	add	r3, r7
10007d7a:	4298      	cmp	r0, r3
10007d7c:	d005      	beq.n	10007d8a <_malloc_trim_r+0x5a>
10007d7e:	4630      	mov	r0, r6
10007d80:	f7ff fe94 	bl	10007aac <__malloc_unlock>
10007d84:	2000      	movs	r0, #0
10007d86:	e8bd 83f8 	ldmia.w	sp!, {r3, r4, r5, r6, r7, r8, r9, pc}
10007d8a:	4261      	negs	r1, r4
10007d8c:	4630      	mov	r0, r6
10007d8e:	f7ff ff01 	bl	10007b94 <_sbrk_r>
10007d92:	3001      	adds	r0, #1
10007d94:	d00f      	beq.n	10007db6 <_malloc_trim_r+0x86>
10007d96:	1b3f      	subs	r7, r7, r4
10007d98:	4a10      	ldr	r2, [pc, #64]	@ (10007ddc <_malloc_trim_r+0xac>)
10007d9a:	f8d8 3008 	ldr.w	r3, [r8, #8]
10007d9e:	4630      	mov	r0, r6
10007da0:	f047 0701 	orr.w	r7, r7, #1
10007da4:	605f      	str	r7, [r3, #4]
10007da6:	6813      	ldr	r3, [r2, #0]
10007da8:	1b1b      	subs	r3, r3, r4
10007daa:	6013      	str	r3, [r2, #0]
10007dac:	f7ff fe7e 	bl	10007aac <__malloc_unlock>
10007db0:	2001      	movs	r0, #1
10007db2:	e8bd 83f8 	ldmia.w	sp!, {r3, r4, r5, r6, r7, r8, r9, pc}
10007db6:	2100      	movs	r1, #0
10007db8:	4630      	mov	r0, r6
10007dba:	f7ff feeb 	bl	10007b94 <_sbrk_r>
10007dbe:	f8d8 2008 	ldr.w	r2, [r8, #8]
10007dc2:	1a83      	subs	r3, r0, r2
10007dc4:	2b0f      	cmp	r3, #15
10007dc6:	ddda      	ble.n	10007d7e <_malloc_trim_r+0x4e>
10007dc8:	f043 0301 	orr.w	r3, r3, #1
10007dcc:	4903      	ldr	r1, [pc, #12]	@ (10007ddc <_malloc_trim_r+0xac>)
10007dce:	6053      	str	r3, [r2, #4]
10007dd0:	4b03      	ldr	r3, [pc, #12]	@ (10007de0 <_malloc_trim_r+0xb0>)
10007dd2:	681b      	ldr	r3, [r3, #0]
10007dd4:	1ac0      	subs	r0, r0, r3
10007dd6:	6008      	str	r0, [r1, #0]
10007dd8:	e7d1      	b.n	10007d7e <_malloc_trim_r+0x4e>
10007dda:	bf00      	nop
10007ddc:	200015b4 	.word	0x200015b4
10007de0:	20000ec4 	.word	0x20000ec4
10007de4:	20000ed0 	.word	0x20000ed0

10007de8 <_free_r>:
10007de8:	2900      	cmp	r1, #0
10007dea:	d05a      	beq.n	10007ea2 <_free_r+0xba>
10007dec:	b5f8      	push	{r3, r4, r5, r6, r7, lr}
10007dee:	460c      	mov	r4, r1
10007df0:	4607      	mov	r7, r0
10007df2:	f7ff fe55 	bl	10007aa0 <__malloc_lock>
10007df6:	4d73      	ldr	r5, [pc, #460]	@ (10007fc4 <_free_r+0x1dc>)
10007df8:	f854 cc04 	ldr.w	ip, [r4, #-4]
10007dfc:	f1a4 0208 	sub.w	r2, r4, #8
10007e00:	68a8      	ldr	r0, [r5, #8]
10007e02:	f02c 0301 	bic.w	r3, ip, #1
10007e06:	f00c 0e01 	and.w	lr, ip, #1
10007e0a:	18d1      	adds	r1, r2, r3
10007e0c:	684e      	ldr	r6, [r1, #4]
10007e0e:	4288      	cmp	r0, r1
10007e10:	f026 0603 	bic.w	r6, r6, #3
10007e14:	d07c      	beq.n	10007f10 <_free_r+0x128>
10007e16:	1988      	adds	r0, r1, r6
10007e18:	604e      	str	r6, [r1, #4]
10007e1a:	6840      	ldr	r0, [r0, #4]
10007e1c:	f000 0001 	and.w	r0, r0, #1
10007e20:	f1be 0f00 	cmp.w	lr, #0
10007e24:	d12e      	bne.n	10007e84 <_free_r+0x9c>
10007e26:	f854 4c08 	ldr.w	r4, [r4, #-8]
10007e2a:	f105 0c08 	add.w	ip, r5, #8
10007e2e:	1b12      	subs	r2, r2, r4
10007e30:	4423      	add	r3, r4
10007e32:	6894      	ldr	r4, [r2, #8]
10007e34:	4564      	cmp	r4, ip
10007e36:	d060      	beq.n	10007efa <_free_r+0x112>
10007e38:	f8d2 e00c 	ldr.w	lr, [r2, #12]
10007e3c:	f8c4 e00c 	str.w	lr, [r4, #12]
10007e40:	f8ce 4008 	str.w	r4, [lr, #8]
10007e44:	2800      	cmp	r0, #0
10007e46:	d07d      	beq.n	10007f44 <_free_r+0x15c>
10007e48:	f043 0001 	orr.w	r0, r3, #1
10007e4c:	6050      	str	r0, [r2, #4]
10007e4e:	600b      	str	r3, [r1, #0]
10007e50:	f5b3 7f00 	cmp.w	r3, #512	@ 0x200
10007e54:	d22e      	bcs.n	10007eb4 <_free_r+0xcc>
10007e56:	0958      	lsrs	r0, r3, #5
10007e58:	08d9      	lsrs	r1, r3, #3
10007e5a:	2301      	movs	r3, #1
10007e5c:	4083      	lsls	r3, r0
10007e5e:	6868      	ldr	r0, [r5, #4]
10007e60:	3101      	adds	r1, #1
10007e62:	4303      	orrs	r3, r0
10007e64:	f855 0031 	ldr.w	r0, [r5, r1, lsl #3]
10007e68:	606b      	str	r3, [r5, #4]
10007e6a:	eb05 03c1 	add.w	r3, r5, r1, lsl #3
10007e6e:	3b08      	subs	r3, #8
10007e70:	e9c2 0302 	strd	r0, r3, [r2, #8]
10007e74:	f845 2031 	str.w	r2, [r5, r1, lsl #3]
10007e78:	60c2      	str	r2, [r0, #12]
10007e7a:	4638      	mov	r0, r7
10007e7c:	e8bd 40f8 	ldmia.w	sp!, {r3, r4, r5, r6, r7, lr}
10007e80:	f7ff be14 	b.w	10007aac <__malloc_unlock>
10007e84:	b970      	cbnz	r0, 10007ea4 <_free_r+0xbc>
10007e86:	4433      	add	r3, r6
10007e88:	f105 0c08 	add.w	ip, r5, #8
10007e8c:	6888      	ldr	r0, [r1, #8]
10007e8e:	f043 0401 	orr.w	r4, r3, #1
10007e92:	4560      	cmp	r0, ip
10007e94:	d06e      	beq.n	10007f74 <_free_r+0x18c>
10007e96:	68c9      	ldr	r1, [r1, #12]
10007e98:	60c1      	str	r1, [r0, #12]
10007e9a:	6088      	str	r0, [r1, #8]
10007e9c:	6054      	str	r4, [r2, #4]
10007e9e:	50d3      	str	r3, [r2, r3]
10007ea0:	e7d6      	b.n	10007e50 <_free_r+0x68>
10007ea2:	4770      	bx	lr
10007ea4:	f04c 0101 	orr.w	r1, ip, #1
10007ea8:	f5b3 7f00 	cmp.w	r3, #512	@ 0x200
10007eac:	f844 1c04 	str.w	r1, [r4, #-4]
10007eb0:	50d3      	str	r3, [r2, r3]
10007eb2:	d3d0      	bcc.n	10007e56 <_free_r+0x6e>
10007eb4:	f5b3 6f20 	cmp.w	r3, #2560	@ 0xa00
10007eb8:	ea4f 2153 	mov.w	r1, r3, lsr #9
10007ebc:	d244      	bcs.n	10007f48 <_free_r+0x160>
10007ebe:	0999      	lsrs	r1, r3, #6
10007ec0:	f101 0039 	add.w	r0, r1, #57	@ 0x39
10007ec4:	f101 0438 	add.w	r4, r1, #56	@ 0x38
10007ec8:	00c1      	lsls	r1, r0, #3
10007eca:	1868      	adds	r0, r5, r1
10007ecc:	5869      	ldr	r1, [r5, r1]
10007ece:	3808      	subs	r0, #8
10007ed0:	4288      	cmp	r0, r1
10007ed2:	d103      	bne.n	10007edc <_free_r+0xf4>
10007ed4:	e055      	b.n	10007f82 <_free_r+0x19a>
10007ed6:	6889      	ldr	r1, [r1, #8]
10007ed8:	4288      	cmp	r0, r1
10007eda:	d004      	beq.n	10007ee6 <_free_r+0xfe>
10007edc:	684c      	ldr	r4, [r1, #4]
10007ede:	f024 0403 	bic.w	r4, r4, #3
10007ee2:	429c      	cmp	r4, r3
10007ee4:	d8f7      	bhi.n	10007ed6 <_free_r+0xee>
10007ee6:	68c8      	ldr	r0, [r1, #12]
10007ee8:	e9c2 1002 	strd	r1, r0, [r2, #8]
10007eec:	6082      	str	r2, [r0, #8]
10007eee:	4638      	mov	r0, r7
10007ef0:	60ca      	str	r2, [r1, #12]
10007ef2:	e8bd 40f8 	ldmia.w	sp!, {r3, r4, r5, r6, r7, lr}
10007ef6:	f7ff bdd9 	b.w	10007aac <__malloc_unlock>
10007efa:	bb80      	cbnz	r0, 10007f5e <_free_r+0x176>
10007efc:	441e      	add	r6, r3
10007efe:	e9d1 1302 	ldrd	r1, r3, [r1, #8]
10007f02:	60cb      	str	r3, [r1, #12]
10007f04:	6099      	str	r1, [r3, #8]
10007f06:	f046 0301 	orr.w	r3, r6, #1
10007f0a:	6053      	str	r3, [r2, #4]
10007f0c:	5196      	str	r6, [r2, r6]
10007f0e:	e7b4      	b.n	10007e7a <_free_r+0x92>
10007f10:	441e      	add	r6, r3
10007f12:	f1be 0f00 	cmp.w	lr, #0
10007f16:	d107      	bne.n	10007f28 <_free_r+0x140>
10007f18:	f854 3c08 	ldr.w	r3, [r4, #-8]
10007f1c:	1ad2      	subs	r2, r2, r3
10007f1e:	441e      	add	r6, r3
10007f20:	e9d2 1302 	ldrd	r1, r3, [r2, #8]
10007f24:	60cb      	str	r3, [r1, #12]
10007f26:	6099      	str	r1, [r3, #8]
10007f28:	f046 0301 	orr.w	r3, r6, #1
10007f2c:	6053      	str	r3, [r2, #4]
10007f2e:	4b26      	ldr	r3, [pc, #152]	@ (10007fc8 <_free_r+0x1e0>)
10007f30:	60aa      	str	r2, [r5, #8]
10007f32:	681b      	ldr	r3, [r3, #0]
10007f34:	42b3      	cmp	r3, r6
10007f36:	d8a0      	bhi.n	10007e7a <_free_r+0x92>
10007f38:	4b24      	ldr	r3, [pc, #144]	@ (10007fcc <_free_r+0x1e4>)
10007f3a:	4638      	mov	r0, r7
10007f3c:	6819      	ldr	r1, [r3, #0]
10007f3e:	f7ff fef7 	bl	10007d30 <_malloc_trim_r>
10007f42:	e79a      	b.n	10007e7a <_free_r+0x92>
10007f44:	4433      	add	r3, r6
10007f46:	e7a1      	b.n	10007e8c <_free_r+0xa4>
10007f48:	2914      	cmp	r1, #20
10007f4a:	d90d      	bls.n	10007f68 <_free_r+0x180>
10007f4c:	2954      	cmp	r1, #84	@ 0x54
10007f4e:	d81f      	bhi.n	10007f90 <_free_r+0x1a8>
10007f50:	0b19      	lsrs	r1, r3, #12
10007f52:	f101 006f 	add.w	r0, r1, #111	@ 0x6f
10007f56:	f101 046e 	add.w	r4, r1, #110	@ 0x6e
10007f5a:	00c1      	lsls	r1, r0, #3
10007f5c:	e7b5      	b.n	10007eca <_free_r+0xe2>
10007f5e:	f043 0001 	orr.w	r0, r3, #1
10007f62:	6050      	str	r0, [r2, #4]
10007f64:	600b      	str	r3, [r1, #0]
10007f66:	e788      	b.n	10007e7a <_free_r+0x92>
10007f68:	f101 005c 	add.w	r0, r1, #92	@ 0x5c
10007f6c:	f101 045b 	add.w	r4, r1, #91	@ 0x5b
10007f70:	00c1      	lsls	r1, r0, #3
10007f72:	e7aa      	b.n	10007eca <_free_r+0xe2>
10007f74:	e9c5 2204 	strd	r2, r2, [r5, #16]
10007f78:	e9c2 cc02 	strd	ip, ip, [r2, #8]
10007f7c:	6054      	str	r4, [r2, #4]
10007f7e:	50d3      	str	r3, [r2, r3]
10007f80:	e77b      	b.n	10007e7a <_free_r+0x92>
10007f82:	10a4      	asrs	r4, r4, #2
10007f84:	2301      	movs	r3, #1
10007f86:	40a3      	lsls	r3, r4
10007f88:	686c      	ldr	r4, [r5, #4]
10007f8a:	4323      	orrs	r3, r4
10007f8c:	606b      	str	r3, [r5, #4]
10007f8e:	e7ab      	b.n	10007ee8 <_free_r+0x100>
10007f90:	f5b1 7faa 	cmp.w	r1, #340	@ 0x154
10007f94:	d806      	bhi.n	10007fa4 <_free_r+0x1bc>
10007f96:	0bd9      	lsrs	r1, r3, #15
10007f98:	f101 0078 	add.w	r0, r1, #120	@ 0x78
10007f9c:	f101 0477 	add.w	r4, r1, #119	@ 0x77
10007fa0:	00c1      	lsls	r1, r0, #3
10007fa2:	e792      	b.n	10007eca <_free_r+0xe2>
10007fa4:	f240 5054 	movw	r0, #1364	@ 0x554
10007fa8:	4281      	cmp	r1, r0
10007faa:	d806      	bhi.n	10007fba <_free_r+0x1d2>
10007fac:	0c99      	lsrs	r1, r3, #18
10007fae:	f101 007d 	add.w	r0, r1, #125	@ 0x7d
10007fb2:	f101 047c 	add.w	r4, r1, #124	@ 0x7c
10007fb6:	00c1      	lsls	r1, r0, #3
10007fb8:	e787      	b.n	10007eca <_free_r+0xe2>
10007fba:	f44f 717e 	mov.w	r1, #1016	@ 0x3f8
10007fbe:	247e      	movs	r4, #126	@ 0x7e
10007fc0:	e783      	b.n	10007eca <_free_r+0xe2>
10007fc2:	bf00      	nop
10007fc4:	20000ed0 	.word	0x20000ed0
10007fc8:	20000ec8 	.word	0x20000ec8
10007fcc:	200015e4 	.word	0x200015e4

10007fd0 <_fini>:
10007fd0:	b5f8      	push	{r3, r4, r5, r6, r7, lr}
10007fd2:	bf00      	nop
10007fd4:	0000      	movs	r0, r0
	...

10007fd8 <__hw_endpoint_reset_transfer_veneer>:
10007fd8:	f85f f000 	ldr.w	pc, [pc]	@ 10007fdc <__hw_endpoint_reset_transfer_veneer+0x4>
10007fdc:	200006eb 	.word	0x200006eb

10007fe0 <__mutex_enter_timeout_ms_veneer>:
10007fe0:	f85f f000 	ldr.w	pc, [pc]	@ 10007fe4 <__mutex_enter_timeout_ms_veneer+0x4>
10007fe4:	2000021f 	.word	0x2000021f

10007fe8 <__hw_endpoint_start_next_buffer_veneer>:
10007fe8:	f85f f000 	ldr.w	pc, [pc]	@ 10007fec <__hw_endpoint_start_next_buffer_veneer+0x4>
10007fec:	20000745 	.word	0x20000745

10007ff0 <__reset_non_control_endpoints_veneer>:
10007ff0:	f85f f000 	ldr.w	pc, [pc]	@ 10007ff4 <__reset_non_control_endpoints_veneer+0x4>
10007ff4:	200002c9 	.word	0x200002c9

10007ff8 <__e15_is_critical_frame_period_veneer>:
10007ff8:	f85f f000 	ldr.w	pc, [pc]	@ 10007ffc <__e15_is_critical_frame_period_veneer+0x4>
10007ffc:	2000061d 	.word	0x2000061d

10008000 <__e15_is_bulkin_ep_veneer>:
10008000:	f85f f000 	ldr.w	pc, [pc]	@ 10008004 <__e15_is_bulkin_ep_veneer+0x4>
10008004:	200005f1 	.word	0x200005f1

10008008 <____aeabi_uldivmod_veneer>:
10008008:	f85f f000 	ldr.w	pc, [pc]	@ 1000800c <____aeabi_uldivmod_veneer+0x4>
1000800c:	20000a4d 	.word	0x20000a4d

10008010 <__mutex_exit_veneer>:
10008010:	f85f f000 	ldr.w	pc, [pc]	@ 10008014 <__mutex_exit_veneer+0x4>
10008014:	20000271 	.word	0x20000271

10008018 <___hw_endpoint_buffer_control_update32_veneer>:
10008018:	f85f f000 	ldr.w	pc, [pc]	@ 1000801c <___hw_endpoint_buffer_control_update32_veneer+0x4>
1000801c:	200006f9 	.word	0x200006f9

10008020 <__mutex_try_enter_block_until_veneer>:
10008020:	f85f f000 	ldr.w	pc, [pc]	@ 10008024 <__mutex_try_enter_block_until_veneer+0x4>
10008024:	200001ed 	.word	0x200001ed

10008028 <__mutex_try_enter_veneer>:
10008028:	f85f f000 	ldr.w	pc, [pc]	@ 1000802c <__mutex_try_enter_veneer+0x4>
1000802c:	20000111 	.word	0x20000111

10008030 <__pre_init_runtime_init_bootrom_reset>:
10008030:	10002919                                .)..

10008034 <__pre_init_runtime_init_early_resets>:
10008034:	10002891                                .(..

10008038 <__pre_init_runtime_init_usb_power_down>:
10008038:	100028bd                                .(..

1000803c <__pre_init_runtime_init_clocks>:
1000803c:	100029b5                                .)..

10008040 <__pre_init_runtime_init_post_clock_resets>:
10008040:	100028f9                                .(..

10008044 <__pre_init_runtime_init_boot_locks_reset>:
10008044:	10002835                                5(..

10008048 <__pre_init_runtime_init_spin_locks_reset>:
10008048:	1000293d                                =)..

1000804c <__pre_init_runtime_init_bootrom_locking_enable>:
1000804c:	10002801                                .(..

10008050 <__pre_init_runtime_init_mutex>:
10008050:	10001ba9                                ....

10008054 <__pre_init_runtime_init_install_ram_vector_table>:
10008054:	10002945                                E)..

10008058 <__pre_init_runtime_init_default_alarm_pool>:
10008058:	10002419                                .$..

1000805c <__pre_init_first_per_core_initializer>:
1000805c:	1000287d                                }(..

10008060 <__pre_init_runtime_init_per_core_bootrom_reset>:
10008060:	1000292b                                +)..

10008064 <__pre_init_runtime_init_per_core_enable_coprocessors>:
10008064:	100028dd                                .(..

10008068 <__pre_init_spinlock_set_extexclall>:
10008068:	10001629                                )...

1000806c <__pre_init_runtime_init_per_core_irq_priorities>:
1000806c:	10001681                                ....

10008070 <__init_array_start>:
10008070:	10004855 	.word	0x10004855

10008074 <__frame_dummy_init_array_entry>:
10008074:	10000211                                ....

Disassembly of section .data:

20000110 <mutex_try_enter>:
20000110:	b500      	push	{lr}
20000112:	4603      	mov	r3, r0
20000114:	6800      	ldr	r0, [r0, #0]
20000116:	f3ef 8210 	mrs	r2, PRIMASK
2000011a:	b672      	cpsid	i
2000011c:	e8d0 efcf 	ldaexb	lr, [r0]
20000120:	f05f 0c01 	movs.w	ip, #1
20000124:	f1be 0f00 	cmp.w	lr, #0
20000128:	d1f8      	bne.n	2000011c <mutex_try_enter+0xc>
2000012a:	e8c0 cf4e 	strexb	lr, ip, [r0]
2000012e:	f1be 0f00 	cmp.w	lr, #0
20000132:	d1f3      	bne.n	2000011c <mutex_try_enter+0xc>
20000134:	f3bf 8f5f 	dmb	sy
20000138:	f993 0004 	ldrsb.w	r0, [r3, #4]
2000013c:	2800      	cmp	r0, #0
2000013e:	db0a      	blt.n	20000156 <mutex_try_enter+0x46>
20000140:	b181      	cbz	r1, 20000164 <mutex_try_enter+0x54>
20000142:	6008      	str	r0, [r1, #0]
20000144:	2000      	movs	r0, #0
20000146:	6819      	ldr	r1, [r3, #0]
20000148:	2300      	movs	r3, #0
2000014a:	e8c1 3f8f 	stlb	r3, [r1]
2000014e:	f382 8810 	msr	PRIMASK, r2
20000152:	f85d fb04 	ldr.w	pc, [sp], #4
20000156:	f04f 4150 	mov.w	r1, #3489660928	@ 0xd0000000
2000015a:	f991 1000 	ldrsb.w	r1, [r1]
2000015e:	7119      	strb	r1, [r3, #4]
20000160:	2001      	movs	r0, #1
20000162:	e7f0      	b.n	20000146 <mutex_try_enter+0x36>
20000164:	2000      	movs	r0, #0
20000166:	e7ee      	b.n	20000146 <mutex_try_enter+0x36>

20000168 <mutex_enter_block_until>:
20000168:	b5f8      	push	{r3, r4, r5, r6, r7, lr}
2000016a:	461e      	mov	r6, r3
2000016c:	6803      	ldr	r3, [r0, #0]
2000016e:	2b00      	cmp	r3, #0
20000170:	d027      	beq.n	200001c2 <mutex_enter_block_until+0x5a>
20000172:	4604      	mov	r4, r0
20000174:	4615      	mov	r5, r2
20000176:	f04f 4350 	mov.w	r3, #3489660928	@ 0xd0000000
2000017a:	f993 7000 	ldrsb.w	r7, [r3]
2000017e:	6821      	ldr	r1, [r4, #0]
20000180:	f3ef 8c10 	mrs	ip, PRIMASK
20000184:	b672      	cpsid	i
20000186:	e8d1 2fcf 	ldaexb	r2, [r1]
2000018a:	2301      	movs	r3, #1
2000018c:	2a00      	cmp	r2, #0
2000018e:	d1fa      	bne.n	20000186 <mutex_enter_block_until+0x1e>
20000190:	e8c1 3f42 	strexb	r2, r3, [r1]
20000194:	2a00      	cmp	r2, #0
20000196:	d1f6      	bne.n	20000186 <mutex_enter_block_until+0x1e>
20000198:	f3bf 8f5f 	dmb	sy
2000019c:	f994 e004 	ldrsb.w	lr, [r4, #4]
200001a0:	f1be 0f00 	cmp.w	lr, #0
200001a4:	db13      	blt.n	200001ce <mutex_enter_block_until+0x66>
200001a6:	6822      	ldr	r2, [r4, #0]
200001a8:	2300      	movs	r3, #0
200001aa:	e8c2 3f8f 	stlb	r3, [r2]
200001ae:	f38c 8810 	msr	PRIMASK, ip
200001b2:	4628      	mov	r0, r5
200001b4:	4631      	mov	r1, r6
200001b6:	f000 fe2b 	bl	20000e10 <__best_effort_wfe_or_timeout_veneer>
200001ba:	2800      	cmp	r0, #0
200001bc:	d0df      	beq.n	2000017e <mutex_enter_block_until+0x16>
200001be:	2000      	movs	r0, #0
200001c0:	e00d      	b.n	200001de <mutex_enter_block_until+0x76>
200001c2:	4b07      	ldr	r3, [pc, #28]	@ (200001e0 <mutex_enter_block_until+0x78>)
200001c4:	4a07      	ldr	r2, [pc, #28]	@ (200001e4 <mutex_enter_block_until+0x7c>)
200001c6:	21a6      	movs	r1, #166	@ 0xa6
200001c8:	4807      	ldr	r0, [pc, #28]	@ (200001e8 <mutex_enter_block_until+0x80>)
200001ca:	f000 fe1d 	bl	20000e08 <____assert_func_veneer>
200001ce:	7127      	strb	r7, [r4, #4]
200001d0:	6822      	ldr	r2, [r4, #0]
200001d2:	2300      	movs	r3, #0
200001d4:	e8c2 3f8f 	stlb	r3, [r2]
200001d8:	f38c 8810 	msr	PRIMASK, ip
200001dc:	2001      	movs	r0, #1
200001de:	bdf8      	pop	{r3, r4, r5, r6, r7, pc}
200001e0:	100083dc 	.word	0x100083dc
200001e4:	10009e74 	.word	0x10009e74
200001e8:	10008394 	.word	0x10008394

200001ec <mutex_try_enter_block_until>:
200001ec:	b570      	push	{r4, r5, r6, lr}
200001ee:	b082      	sub	sp, #8
200001f0:	4606      	mov	r6, r0
200001f2:	4615      	mov	r5, r2
200001f4:	461c      	mov	r4, r3
200001f6:	a901      	add	r1, sp, #4
200001f8:	f7ff ff8a 	bl	20000110 <mutex_try_enter>
200001fc:	b938      	cbnz	r0, 2000020e <mutex_try_enter_block_until+0x22>
200001fe:	f99d 2004 	ldrsb.w	r2, [sp, #4]
20000202:	f04f 4350 	mov.w	r3, #3489660928	@ 0xd0000000
20000206:	f993 3000 	ldrsb.w	r3, [r3]
2000020a:	429a      	cmp	r2, r3
2000020c:	d101      	bne.n	20000212 <mutex_try_enter_block_until+0x26>
2000020e:	b002      	add	sp, #8
20000210:	bd70      	pop	{r4, r5, r6, pc}
20000212:	462a      	mov	r2, r5
20000214:	4623      	mov	r3, r4
20000216:	4630      	mov	r0, r6
20000218:	f7ff ffa6 	bl	20000168 <mutex_enter_block_until>
2000021c:	e7f7      	b.n	2000020e <mutex_try_enter_block_until+0x22>

2000021e <mutex_enter_timeout_ms>:
2000021e:	b538      	push	{r3, r4, r5, lr}
20000220:	4604      	mov	r4, r0
20000222:	460d      	mov	r5, r1
20000224:	f000 fdd4 	bl	20000dd0 <__time_us_64_veneer>
20000228:	0eeb      	lsrs	r3, r5, #27
2000022a:	ea4f 1c45 	mov.w	ip, r5, lsl #5
2000022e:	ebbc 0c05 	subs.w	ip, ip, r5
20000232:	f163 0300 	sbc.w	r3, r3, #0
20000236:	009b      	lsls	r3, r3, #2
20000238:	ea43 739c 	orr.w	r3, r3, ip, lsr #30
2000023c:	ea4f 0c8c 	mov.w	ip, ip, lsl #2
20000240:	eb1c 0c05 	adds.w	ip, ip, r5
20000244:	f143 0300 	adc.w	r3, r3, #0
20000248:	00db      	lsls	r3, r3, #3
2000024a:	ea43 735c 	orr.w	r3, r3, ip, lsr #29
2000024e:	ea4f 0ccc 	mov.w	ip, ip, lsl #3
20000252:	eb10 020c 	adds.w	r2, r0, ip
20000256:	eb43 0301 	adc.w	r3, r3, r1
2000025a:	2b00      	cmp	r3, #0
2000025c:	db03      	blt.n	20000266 <mutex_enter_timeout_ms+0x48>
2000025e:	4620      	mov	r0, r4
20000260:	f7ff ff82 	bl	20000168 <mutex_enter_block_until>
20000264:	bd38      	pop	{r3, r4, r5, pc}
20000266:	f04f 32ff 	mov.w	r2, #4294967295
2000026a:	f06f 4300 	mvn.w	r3, #2147483648	@ 0x80000000
2000026e:	e7f6      	b.n	2000025e <mutex_enter_timeout_ms+0x40>

20000270 <mutex_exit>:
20000270:	b508      	push	{r3, lr}
20000272:	6802      	ldr	r2, [r0, #0]
20000274:	f3ef 8310 	mrs	r3, PRIMASK
20000278:	b672      	cpsid	i
2000027a:	e8d2 cfcf 	ldaexb	ip, [r2]
2000027e:	2101      	movs	r1, #1
20000280:	f1bc 0f00 	cmp.w	ip, #0
20000284:	d1f9      	bne.n	2000027a <mutex_exit+0xa>
20000286:	e8c2 1f4c 	strexb	ip, r1, [r2]
2000028a:	f1bc 0f00 	cmp.w	ip, #0
2000028e:	d1f4      	bne.n	2000027a <mutex_exit+0xa>
20000290:	f3bf 8f5f 	dmb	sy
20000294:	f990 2004 	ldrsb.w	r2, [r0, #4]
20000298:	2a00      	cmp	r2, #0
2000029a:	db09      	blt.n	200002b0 <mutex_exit+0x40>
2000029c:	22ff      	movs	r2, #255	@ 0xff
2000029e:	7102      	strb	r2, [r0, #4]
200002a0:	6801      	ldr	r1, [r0, #0]
200002a2:	2200      	movs	r2, #0
200002a4:	e8c1 2f8f 	stlb	r2, [r1]
200002a8:	f383 8810 	msr	PRIMASK, r3
200002ac:	bf40      	sev
200002ae:	bd08      	pop	{r3, pc}
200002b0:	4b02      	ldr	r3, [pc, #8]	@ (200002bc <mutex_exit+0x4c>)
200002b2:	4a03      	ldr	r2, [pc, #12]	@ (200002c0 <mutex_exit+0x50>)
200002b4:	21d5      	movs	r1, #213	@ 0xd5
200002b6:	4803      	ldr	r0, [pc, #12]	@ (200002c4 <mutex_exit+0x54>)
200002b8:	f000 fda6 	bl	20000e08 <____assert_func_veneer>
200002bc:	100083f0 	.word	0x100083f0
200002c0:	10009e68 	.word	0x10009e68
200002c4:	10008394 	.word	0x10008394

200002c8 <reset_non_control_endpoints>:
200002c8:	b508      	push	{r3, lr}
200002ca:	2300      	movs	r3, #0
200002cc:	e008      	b.n	200002e0 <reset_non_control_endpoints+0x18>
200002ce:	4a0a      	ldr	r2, [pc, #40]	@ (200002f8 <reset_non_control_endpoints+0x30>)
200002d0:	3301      	adds	r3, #1
200002d2:	2100      	movs	r1, #0
200002d4:	f842 1033 	str.w	r1, [r2, r3, lsl #3]
200002d8:	eb02 02c3 	add.w	r2, r2, r3, lsl #3
200002dc:	6051      	str	r1, [r2, #4]
200002de:	b2db      	uxtb	r3, r3
200002e0:	2b0e      	cmp	r3, #14
200002e2:	d9f4      	bls.n	200002ce <reset_non_control_endpoints+0x6>
200002e4:	f44f 7270 	mov.w	r2, #960	@ 0x3c0
200002e8:	2100      	movs	r1, #0
200002ea:	4804      	ldr	r0, [pc, #16]	@ (200002fc <reset_non_control_endpoints+0x34>)
200002ec:	f000 fd80 	bl	20000df0 <__memset_veneer>
200002f0:	4b03      	ldr	r3, [pc, #12]	@ (20000300 <reset_non_control_endpoints+0x38>)
200002f2:	4a04      	ldr	r2, [pc, #16]	@ (20000304 <reset_non_control_endpoints+0x3c>)
200002f4:	601a      	str	r2, [r3, #0]
200002f6:	bd08      	pop	{r3, pc}
200002f8:	50100000 	.word	0x50100000
200002fc:	20001da4 	.word	0x20001da4
20000300:	20002168 	.word	0x20002168
20000304:	50100180 	.word	0x50100180

20000308 <hw_handle_buff_status>:
20000308:	e92d 43f0 	stmdb	sp!, {r4, r5, r6, r7, r8, r9, lr}
2000030c:	b085      	sub	sp, #20
2000030e:	4b1f      	ldr	r3, [pc, #124]	@ (2000038c <hw_handle_buff_status+0x84>)
20000310:	6d9e      	ldr	r6, [r3, #88]	@ 0x58
20000312:	2400      	movs	r4, #0
20000314:	2501      	movs	r5, #1
20000316:	e004      	b.n	20000322 <hw_handle_buff_status+0x1a>
20000318:	ea26 0605 	bic.w	r6, r6, r5
2000031c:	006d      	lsls	r5, r5, #1
2000031e:	3401      	adds	r4, #1
20000320:	b2e4      	uxtb	r4, r4
20000322:	b386      	cbz	r6, 20000386 <hw_handle_buff_status+0x7e>
20000324:	2c1f      	cmp	r4, #31
20000326:	d82e      	bhi.n	20000386 <hw_handle_buff_status+0x7e>
20000328:	422e      	tst	r6, r5
2000032a:	d0f7      	beq.n	2000031c <hw_handle_buff_status+0x14>
2000032c:	4b18      	ldr	r3, [pc, #96]	@ (20000390 <hw_handle_buff_status+0x88>)
2000032e:	659d      	str	r5, [r3, #88]	@ 0x58
20000330:	ea4f 0954 	mov.w	r9, r4, lsr #1
20000334:	f004 0701 	and.w	r7, r4, #1
20000338:	f087 0701 	eor.w	r7, r7, #1
2000033c:	f004 03fe 	and.w	r3, r4, #254	@ 0xfe
20000340:	443b      	add	r3, r7
20000342:	4a14      	ldr	r2, [pc, #80]	@ (20000394 <hw_handle_buff_status+0x8c>)
20000344:	eb02 1843 	add.w	r8, r2, r3, lsl #5
20000348:	4640      	mov	r0, r8
2000034a:	f000 fa33 	bl	200007b4 <hw_endpoint_xfer_continue>
2000034e:	2800      	cmp	r0, #0
20000350:	d0e2      	beq.n	20000318 <hw_handle_buff_status+0x10>
20000352:	eb07 0749 	add.w	r7, r7, r9, lsl #1
20000356:	4b0f      	ldr	r3, [pc, #60]	@ (20000394 <hw_handle_buff_status+0x8c>)
20000358:	eb03 1347 	add.w	r3, r3, r7, lsl #5
2000035c:	7899      	ldrb	r1, [r3, #2]
2000035e:	8ada      	ldrh	r2, [r3, #22]
20000360:	2300      	movs	r3, #0
20000362:	f88d 3004 	strb.w	r3, [sp, #4]
20000366:	2007      	movs	r0, #7
20000368:	f88d 0005 	strb.w	r0, [sp, #5]
2000036c:	f88d 1008 	strb.w	r1, [sp, #8]
20000370:	9203      	str	r2, [sp, #12]
20000372:	f88d 3009 	strb.w	r3, [sp, #9]
20000376:	2101      	movs	r1, #1
20000378:	a801      	add	r0, sp, #4
2000037a:	f000 fa39 	bl	200007f0 <dcd_event_handler>
2000037e:	4640      	mov	r0, r8
20000380:	f000 f9b3 	bl	200006ea <hw_endpoint_reset_transfer>
20000384:	e7c8      	b.n	20000318 <hw_handle_buff_status+0x10>
20000386:	b005      	add	sp, #20
20000388:	e8bd 83f0 	ldmia.w	sp!, {r4, r5, r6, r7, r8, r9, pc}
2000038c:	50110000 	.word	0x50110000
20000390:	50113000 	.word	0x50113000
20000394:	20001d64 	.word	0x20001d64

20000398 <dcd_rp2040_irq>:
20000398:	e92d 43f0 	stmdb	sp!, {r4, r5, r6, r7, r8, r9, lr}
2000039c:	b085      	sub	sp, #20
2000039e:	4b74      	ldr	r3, [pc, #464]	@ (20000570 <dcd_rp2040_irq+0x1d8>)
200003a0:	f8d3 5098 	ldr.w	r5, [r3, #152]	@ 0x98
200003a4:	f415 3600 	ands.w	r6, r5, #131072	@ 0x20000
200003a8:	d047      	beq.n	2000043a <dcd_rp2040_irq+0xa2>
200003aa:	4b72      	ldr	r3, [pc, #456]	@ (20000574 <dcd_rp2040_irq+0x1dc>)
200003ac:	6a9a      	ldr	r2, [r3, #40]	@ 0x28
200003ae:	4b72      	ldr	r3, [pc, #456]	@ (20000578 <dcd_rp2040_irq+0x1e0>)
200003b0:	601a      	str	r2, [r3, #0]
200003b2:	2400      	movs	r4, #0
200003b4:	4627      	mov	r7, r4
200003b6:	e00a      	b.n	200003ce <dcd_rp2040_irq+0x36>
200003b8:	4b70      	ldr	r3, [pc, #448]	@ (2000057c <dcd_rp2040_irq+0x1e4>)
200003ba:	eb03 1384 	add.w	r3, r3, r4, lsl #6
200003be:	2200      	movs	r2, #0
200003c0:	f883 203c 	strb.w	r2, [r3, #60]	@ 0x3c
200003c4:	f000 f9be 	bl	20000744 <hw_endpoint_start_next_buffer>
200003c8:	4637      	mov	r7, r6
200003ca:	3401      	adds	r4, #1
200003cc:	b2e4      	uxtb	r4, r4
200003ce:	2c0f      	cmp	r4, #15
200003d0:	d819      	bhi.n	20000406 <dcd_rp2040_irq+0x6e>
200003d2:	01a2      	lsls	r2, r4, #6
200003d4:	f102 0020 	add.w	r0, r2, #32
200003d8:	4b68      	ldr	r3, [pc, #416]	@ (2000057c <dcd_rp2040_irq+0x1e4>)
200003da:	4418      	add	r0, r3
200003dc:	4413      	add	r3, r2
200003de:	f893 303b 	ldrb.w	r3, [r3, #59]	@ 0x3b
200003e2:	2b02      	cmp	r3, #2
200003e4:	d1f1      	bne.n	200003ca <dcd_rp2040_irq+0x32>
200003e6:	4b65      	ldr	r3, [pc, #404]	@ (2000057c <dcd_rp2040_irq+0x1e4>)
200003e8:	eb03 1384 	add.w	r3, r3, r4, lsl #6
200003ec:	f893 603a 	ldrb.w	r6, [r3, #58]	@ 0x3a
200003f0:	2e00      	cmp	r6, #0
200003f2:	d0ea      	beq.n	200003ca <dcd_rp2040_irq+0x32>
200003f4:	4b61      	ldr	r3, [pc, #388]	@ (2000057c <dcd_rp2040_irq+0x1e4>)
200003f6:	eb03 1384 	add.w	r3, r3, r4, lsl #6
200003fa:	f893 303c 	ldrb.w	r3, [r3, #60]	@ 0x3c
200003fe:	2b00      	cmp	r3, #0
20000400:	d1da      	bne.n	200003b8 <dcd_rp2040_irq+0x20>
20000402:	4637      	mov	r7, r6
20000404:	e7e1      	b.n	200003ca <dcd_rp2040_irq+0x32>
20000406:	b93f      	cbnz	r7, 20000418 <dcd_rp2040_irq+0x80>
20000408:	4b5d      	ldr	r3, [pc, #372]	@ (20000580 <dcd_rp2040_irq+0x1e8>)
2000040a:	781b      	ldrb	r3, [r3, #0]
2000040c:	b923      	cbnz	r3, 20000418 <dcd_rp2040_irq+0x80>
2000040e:	4b5d      	ldr	r3, [pc, #372]	@ (20000584 <dcd_rp2040_irq+0x1ec>)
20000410:	f44f 3200 	mov.w	r2, #131072	@ 0x20000
20000414:	f8c3 2090 	str.w	r2, [r3, #144]	@ 0x90
20000418:	4b55      	ldr	r3, [pc, #340]	@ (20000570 <dcd_rp2040_irq+0x1d8>)
2000041a:	6c9b      	ldr	r3, [r3, #72]	@ 0x48
2000041c:	f3c3 030a 	ubfx	r3, r3, #0, #11
20000420:	2200      	movs	r2, #0
20000422:	f88d 2004 	strb.w	r2, [sp, #4]
20000426:	2203      	movs	r2, #3
20000428:	f88d 2005 	strb.w	r2, [sp, #5]
2000042c:	9302      	str	r3, [sp, #8]
2000042e:	2101      	movs	r1, #1
20000430:	a801      	add	r0, sp, #4
20000432:	f000 f9dd 	bl	200007f0 <dcd_event_handler>
20000436:	f44f 3600 	mov.w	r6, #131072	@ 0x20000
2000043a:	f015 0f10 	tst.w	r5, #16
2000043e:	d106      	bne.n	2000044e <dcd_rp2040_irq+0xb6>
20000440:	f415 3f80 	tst.w	r5, #65536	@ 0x10000
20000444:	d049      	beq.n	200004da <dcd_rp2040_irq+0x142>
20000446:	f446 3680 	orr.w	r6, r6, #65536	@ 0x10000
2000044a:	2400      	movs	r4, #0
2000044c:	e023      	b.n	20000496 <dcd_rp2040_irq+0xfe>
2000044e:	f046 0610 	orr.w	r6, r6, #16
20000452:	f7ff ff59 	bl	20000308 <hw_handle_buff_status>
20000456:	e7f3      	b.n	20000440 <dcd_rp2040_irq+0xa8>
20000458:	f04f 0802 	mov.w	r8, #2
2000045c:	4b4a      	ldr	r3, [pc, #296]	@ (20000588 <dcd_rp2040_irq+0x1f0>)
2000045e:	f8c3 8060 	str.w	r8, [r3, #96]	@ 0x60
20000462:	4b43      	ldr	r3, [pc, #268]	@ (20000570 <dcd_rp2040_irq+0x1d8>)
20000464:	6e5b      	ldr	r3, [r3, #100]	@ 0x64
20000466:	ea38 0303 	bics.w	r3, r8, r3
2000046a:	d1fa      	bne.n	20000462 <dcd_rp2040_irq+0xca>
2000046c:	f44f 5240 	mov.w	r2, #12288	@ 0x3000
20000470:	2100      	movs	r1, #0
20000472:	4638      	mov	r0, r7
20000474:	f000 f940 	bl	200006f8 <_hw_endpoint_buffer_control_update32>
20000478:	4638      	mov	r0, r7
2000047a:	f000 f936 	bl	200006ea <hw_endpoint_reset_transfer>
2000047e:	4b41      	ldr	r3, [pc, #260]	@ (20000584 <dcd_rp2040_irq+0x1ec>)
20000480:	f8c3 8064 	str.w	r8, [r3, #100]	@ 0x64
20000484:	f8c3 8060 	str.w	r8, [r3, #96]	@ 0x60
20000488:	4b3c      	ldr	r3, [pc, #240]	@ (2000057c <dcd_rp2040_irq+0x1e4>)
2000048a:	eb03 1349 	add.w	r3, r3, r9, lsl #5
2000048e:	2201      	movs	r2, #1
20000490:	70da      	strb	r2, [r3, #3]
20000492:	4414      	add	r4, r2
20000494:	b2e4      	uxtb	r4, r4
20000496:	2c01      	cmp	r4, #1
20000498:	d80b      	bhi.n	200004b2 <dcd_rp2040_irq+0x11a>
2000049a:	46a1      	mov	r9, r4
2000049c:	4f37      	ldr	r7, [pc, #220]	@ (2000057c <dcd_rp2040_irq+0x1e4>)
2000049e:	eb07 1744 	add.w	r7, r7, r4, lsl #5
200004a2:	7ebb      	ldrb	r3, [r7, #26]
200004a4:	2b00      	cmp	r3, #0
200004a6:	d0ef      	beq.n	20000488 <dcd_rp2040_irq+0xf0>
200004a8:	2c00      	cmp	r4, #0
200004aa:	d0d5      	beq.n	20000458 <dcd_rp2040_irq+0xc0>
200004ac:	f04f 0801 	mov.w	r8, #1
200004b0:	e7d4      	b.n	2000045c <dcd_rp2040_irq+0xc4>
200004b2:	2300      	movs	r3, #0
200004b4:	f88d 3004 	strb.w	r3, [sp, #4]
200004b8:	2306      	movs	r3, #6
200004ba:	f88d 3005 	strb.w	r3, [sp, #5]
200004be:	4b33      	ldr	r3, [pc, #204]	@ (2000058c <dcd_rp2040_irq+0x1f4>)
200004c0:	e893 0003 	ldmia.w	r3, {r0, r1}
200004c4:	ab04      	add	r3, sp, #16
200004c6:	e903 0003 	stmdb	r3, {r0, r1}
200004ca:	2101      	movs	r1, #1
200004cc:	a801      	add	r0, sp, #4
200004ce:	f000 f98f 	bl	200007f0 <dcd_event_handler>
200004d2:	4b2c      	ldr	r3, [pc, #176]	@ (20000584 <dcd_rp2040_irq+0x1ec>)
200004d4:	f44f 3200 	mov.w	r2, #131072	@ 0x20000
200004d8:	651a      	str	r2, [r3, #80]	@ 0x50
200004da:	f415 5f80 	tst.w	r5, #4096	@ 0x1000
200004de:	d10a      	bne.n	200004f6 <dcd_rp2040_irq+0x15e>
200004e0:	f415 4f80 	tst.w	r5, #16384	@ 0x4000
200004e4:	d11d      	bne.n	20000522 <dcd_rp2040_irq+0x18a>
200004e6:	f415 4f00 	tst.w	r5, #32768	@ 0x8000
200004ea:	d12b      	bne.n	20000544 <dcd_rp2040_irq+0x1ac>
200004ec:	42ae      	cmp	r6, r5
200004ee:	d13a      	bne.n	20000566 <dcd_rp2040_irq+0x1ce>
200004f0:	b005      	add	sp, #20
200004f2:	e8bd 83f0 	ldmia.w	sp!, {r4, r5, r6, r7, r8, r9, pc}
200004f6:	f446 5680 	orr.w	r6, r6, #4096	@ 0x1000
200004fa:	2400      	movs	r4, #0
200004fc:	4b1c      	ldr	r3, [pc, #112]	@ (20000570 <dcd_rp2040_irq+0x1d8>)
200004fe:	601c      	str	r4, [r3, #0]
20000500:	f7ff fee2 	bl	200002c8 <reset_non_control_endpoints>
20000504:	f88d 4004 	strb.w	r4, [sp, #4]
20000508:	2101      	movs	r1, #1
2000050a:	f88d 1005 	strb.w	r1, [sp, #5]
2000050e:	f88d 4008 	strb.w	r4, [sp, #8]
20000512:	a801      	add	r0, sp, #4
20000514:	f000 f96c 	bl	200007f0 <dcd_event_handler>
20000518:	4b1a      	ldr	r3, [pc, #104]	@ (20000584 <dcd_rp2040_irq+0x1ec>)
2000051a:	f44f 2200 	mov.w	r2, #524288	@ 0x80000
2000051e:	651a      	str	r2, [r3, #80]	@ 0x50
20000520:	e7de      	b.n	200004e0 <dcd_rp2040_irq+0x148>
20000522:	f446 4680 	orr.w	r6, r6, #16384	@ 0x4000
20000526:	2300      	movs	r3, #0
20000528:	f88d 3004 	strb.w	r3, [sp, #4]
2000052c:	2304      	movs	r3, #4
2000052e:	f88d 3005 	strb.w	r3, [sp, #5]
20000532:	2101      	movs	r1, #1
20000534:	eb0d 0003 	add.w	r0, sp, r3
20000538:	f000 f95a 	bl	200007f0 <dcd_event_handler>
2000053c:	4b11      	ldr	r3, [pc, #68]	@ (20000584 <dcd_rp2040_irq+0x1ec>)
2000053e:	2210      	movs	r2, #16
20000540:	651a      	str	r2, [r3, #80]	@ 0x50
20000542:	e7d0      	b.n	200004e6 <dcd_rp2040_irq+0x14e>
20000544:	f446 4600 	orr.w	r6, r6, #32768	@ 0x8000
20000548:	2300      	movs	r3, #0
2000054a:	f88d 3004 	strb.w	r3, [sp, #4]
2000054e:	2305      	movs	r3, #5
20000550:	f88d 3005 	strb.w	r3, [sp, #5]
20000554:	2101      	movs	r1, #1
20000556:	a801      	add	r0, sp, #4
20000558:	f000 f94a 	bl	200007f0 <dcd_event_handler>
2000055c:	4b09      	ldr	r3, [pc, #36]	@ (20000584 <dcd_rp2040_irq+0x1ec>)
2000055e:	f44f 6200 	mov.w	r2, #2048	@ 0x800
20000562:	651a      	str	r2, [r3, #80]	@ 0x50
20000564:	e7c2      	b.n	200004ec <dcd_rp2040_irq+0x154>
20000566:	ea86 0105 	eor.w	r1, r6, r5
2000056a:	4809      	ldr	r0, [pc, #36]	@ (20000590 <dcd_rp2040_irq+0x1f8>)
2000056c:	f000 fc3c 	bl	20000de8 <__panic_veneer>
20000570:	50110000 	.word	0x50110000
20000574:	400b0000 	.word	0x400b0000
20000578:	20001d54 	.word	0x20001d54
2000057c:	20001d64 	.word	0x20001d64
20000580:	200021d2 	.word	0x200021d2
20000584:	50113000 	.word	0x50113000
20000588:	50112000 	.word	0x50112000
2000058c:	50100000 	.word	0x50100000
20000590:	10008894 	.word	0x10008894

20000594 <prepare_ep_buffer>:
20000594:	b5f8      	push	{r3, r4, r5, r6, r7, lr}
20000596:	4604      	mov	r4, r0
20000598:	460f      	mov	r7, r1
2000059a:	8a83      	ldrh	r3, [r0, #20]
2000059c:	8b06      	ldrh	r6, [r0, #24]
2000059e:	429e      	cmp	r6, r3
200005a0:	bf28      	it	cs
200005a2:	461e      	movcs	r6, r3
200005a4:	1b9b      	subs	r3, r3, r6
200005a6:	8283      	strh	r3, [r0, #20]
200005a8:	f446 6280 	orr.w	r2, r6, #1024	@ 0x400
200005ac:	78c3      	ldrb	r3, [r0, #3]
200005ae:	b17b      	cbz	r3, 200005d0 <prepare_ep_buffer+0x3c>
200005b0:	f44f 5500 	mov.w	r5, #8192	@ 0x2000
200005b4:	4315      	orrs	r5, r2
200005b6:	f083 0301 	eor.w	r3, r3, #1
200005ba:	70e3      	strb	r3, [r4, #3]
200005bc:	7863      	ldrb	r3, [r4, #1]
200005be:	b14b      	cbz	r3, 200005d4 <prepare_ep_buffer+0x40>
200005c0:	8aa3      	ldrh	r3, [r4, #20]
200005c2:	b90b      	cbnz	r3, 200005c8 <prepare_ep_buffer+0x34>
200005c4:	f445 4580 	orr.w	r5, r5, #16384	@ 0x4000
200005c8:	b107      	cbz	r7, 200005cc <prepare_ep_buffer+0x38>
200005ca:	042d      	lsls	r5, r5, #16
200005cc:	4628      	mov	r0, r5
200005ce:	bdf8      	pop	{r3, r4, r5, r6, r7, pc}
200005d0:	2500      	movs	r5, #0
200005d2:	e7ef      	b.n	200005b4 <prepare_ep_buffer+0x20>
200005d4:	68e0      	ldr	r0, [r4, #12]
200005d6:	4632      	mov	r2, r6
200005d8:	6921      	ldr	r1, [r4, #16]
200005da:	eb00 1087 	add.w	r0, r0, r7, lsl #6
200005de:	f000 fbfb 	bl	20000dd8 <__unaligned_memcpy_veneer>
200005e2:	6923      	ldr	r3, [r4, #16]
200005e4:	4433      	add	r3, r6
200005e6:	6123      	str	r3, [r4, #16]
200005e8:	f445 4500 	orr.w	r5, r5, #32768	@ 0x8000
200005ec:	e7e8      	b.n	200005c0 <prepare_ep_buffer+0x2c>
	...

200005f0 <e15_is_bulkin_ep>:
200005f0:	4b09      	ldr	r3, [pc, #36]	@ (20000618 <e15_is_bulkin_ep+0x28>)
200005f2:	6c1b      	ldr	r3, [r3, #64]	@ 0x40
200005f4:	f013 0f02 	tst.w	r3, #2
200005f8:	d10b      	bne.n	20000612 <e15_is_bulkin_ep+0x22>
200005fa:	7883      	ldrb	r3, [r0, #2]
200005fc:	09db      	lsrs	r3, r3, #7
200005fe:	d101      	bne.n	20000604 <e15_is_bulkin_ep+0x14>
20000600:	2000      	movs	r0, #0
20000602:	4770      	bx	lr
20000604:	7ec3      	ldrb	r3, [r0, #27]
20000606:	2b02      	cmp	r3, #2
20000608:	d001      	beq.n	2000060e <e15_is_bulkin_ep+0x1e>
2000060a:	2000      	movs	r0, #0
2000060c:	4770      	bx	lr
2000060e:	2001      	movs	r0, #1
20000610:	4770      	bx	lr
20000612:	2000      	movs	r0, #0
20000614:	4770      	bx	lr
20000616:	bf00      	nop
20000618:	50110000 	.word	0x50110000

2000061c <e15_is_critical_frame_period>:
2000061c:	b508      	push	{r3, lr}
2000061e:	f7ff ffe7 	bl	200005f0 <e15_is_bulkin_ep>
20000622:	b140      	cbz	r0, 20000636 <e15_is_critical_frame_period+0x1a>
20000624:	4b05      	ldr	r3, [pc, #20]	@ (2000063c <e15_is_critical_frame_period+0x20>)
20000626:	6a9b      	ldr	r3, [r3, #40]	@ 0x28
20000628:	4a05      	ldr	r2, [pc, #20]	@ (20000640 <e15_is_critical_frame_period+0x24>)
2000062a:	6812      	ldr	r2, [r2, #0]
2000062c:	1a9b      	subs	r3, r3, r2
2000062e:	f5a3 7348 	sub.w	r3, r3, #800	@ 0x320
20000632:	2bc6      	cmp	r3, #198	@ 0xc6
20000634:	d800      	bhi.n	20000638 <e15_is_critical_frame_period+0x1c>
20000636:	bd08      	pop	{r3, pc}
20000638:	2000      	movs	r0, #0
2000063a:	e7fc      	b.n	20000636 <e15_is_critical_frame_period+0x1a>
2000063c:	400b0000 	.word	0x400b0000
20000640:	20001d54 	.word	0x20001d54

20000644 <sync_ep_buffer>:
20000644:	b538      	push	{r3, r4, r5, lr}
20000646:	4604      	mov	r4, r0
20000648:	6883      	ldr	r3, [r0, #8]
2000064a:	681b      	ldr	r3, [r3, #0]
2000064c:	4608      	mov	r0, r1
2000064e:	b101      	cbz	r1, 20000652 <sync_ep_buffer+0xe>
20000650:	0c1b      	lsrs	r3, r3, #16
20000652:	f3c3 0509 	ubfx	r5, r3, #0, #10
20000656:	7862      	ldrb	r2, [r4, #1]
20000658:	b992      	cbnz	r2, 20000680 <sync_ep_buffer+0x3c>
2000065a:	f413 4f00 	tst.w	r3, #32768	@ 0x8000
2000065e:	d109      	bne.n	20000674 <sync_ep_buffer+0x30>
20000660:	8ae3      	ldrh	r3, [r4, #22]
20000662:	442b      	add	r3, r5
20000664:	82e3      	strh	r3, [r4, #22]
20000666:	8b23      	ldrh	r3, [r4, #24]
20000668:	42ab      	cmp	r3, r5
2000066a:	d901      	bls.n	20000670 <sync_ep_buffer+0x2c>
2000066c:	2300      	movs	r3, #0
2000066e:	82a3      	strh	r3, [r4, #20]
20000670:	4628      	mov	r0, r5
20000672:	bd38      	pop	{r3, r4, r5, pc}
20000674:	4b0e      	ldr	r3, [pc, #56]	@ (200006b0 <sync_ep_buffer+0x6c>)
20000676:	4a0f      	ldr	r2, [pc, #60]	@ (200006b4 <sync_ep_buffer+0x70>)
20000678:	21e8      	movs	r1, #232	@ 0xe8
2000067a:	480f      	ldr	r0, [pc, #60]	@ (200006b8 <sync_ep_buffer+0x74>)
2000067c:	f000 fbc4 	bl	20000e08 <____assert_func_veneer>
20000680:	f413 4f00 	tst.w	r3, #32768	@ 0x8000
20000684:	d00d      	beq.n	200006a2 <sync_ep_buffer+0x5e>
20000686:	68e1      	ldr	r1, [r4, #12]
20000688:	462a      	mov	r2, r5
2000068a:	eb01 1180 	add.w	r1, r1, r0, lsl #6
2000068e:	6920      	ldr	r0, [r4, #16]
20000690:	f000 fba2 	bl	20000dd8 <__unaligned_memcpy_veneer>
20000694:	8ae3      	ldrh	r3, [r4, #22]
20000696:	442b      	add	r3, r5
20000698:	82e3      	strh	r3, [r4, #22]
2000069a:	6923      	ldr	r3, [r4, #16]
2000069c:	442b      	add	r3, r5
2000069e:	6123      	str	r3, [r4, #16]
200006a0:	e7e1      	b.n	20000666 <sync_ep_buffer+0x22>
200006a2:	4b06      	ldr	r3, [pc, #24]	@ (200006bc <sync_ep_buffer+0x78>)
200006a4:	4a03      	ldr	r2, [pc, #12]	@ (200006b4 <sync_ep_buffer+0x70>)
200006a6:	21ee      	movs	r1, #238	@ 0xee
200006a8:	4803      	ldr	r0, [pc, #12]	@ (200006b8 <sync_ep_buffer+0x74>)
200006aa:	f000 fbad 	bl	20000e08 <____assert_func_veneer>
200006ae:	bf00      	nop
200006b0:	100088b4 	.word	0x100088b4
200006b4:	1000a1a8 	.word	0x1000a1a8
200006b8:	100088d4 	.word	0x100088d4
200006bc:	10008930 	.word	0x10008930

200006c0 <_hw_endpoint_xfer_sync>:
200006c0:	b510      	push	{r4, lr}
200006c2:	4604      	mov	r4, r0
200006c4:	6883      	ldr	r3, [r0, #8]
200006c6:	681b      	ldr	r3, [r3, #0]
200006c8:	2100      	movs	r1, #0
200006ca:	f7ff ffbb 	bl	20000644 <sync_ep_buffer>
200006ce:	6863      	ldr	r3, [r4, #4]
200006d0:	681b      	ldr	r3, [r3, #0]
200006d2:	f013 4f80 	tst.w	r3, #1073741824	@ 0x40000000
200006d6:	d002      	beq.n	200006de <_hw_endpoint_xfer_sync+0x1e>
200006d8:	8b23      	ldrh	r3, [r4, #24]
200006da:	4283      	cmp	r3, r0
200006dc:	d000      	beq.n	200006e0 <_hw_endpoint_xfer_sync+0x20>
200006de:	bd10      	pop	{r4, pc}
200006e0:	2101      	movs	r1, #1
200006e2:	4620      	mov	r0, r4
200006e4:	f7ff ffae 	bl	20000644 <sync_ep_buffer>
200006e8:	e7f9      	b.n	200006de <_hw_endpoint_xfer_sync+0x1e>

200006ea <hw_endpoint_reset_transfer>:
200006ea:	2300      	movs	r3, #0
200006ec:	7683      	strb	r3, [r0, #26]
200006ee:	8283      	strh	r3, [r0, #20]
200006f0:	82c3      	strh	r3, [r0, #22]
200006f2:	6103      	str	r3, [r0, #16]
200006f4:	4770      	bx	lr
	...

200006f8 <_hw_endpoint_buffer_control_update32>:
200006f8:	b508      	push	{r3, lr}
200006fa:	460b      	mov	r3, r1
200006fc:	b111      	cbz	r1, 20000704 <_hw_endpoint_buffer_control_update32+0xc>
200006fe:	6881      	ldr	r1, [r0, #8]
20000700:	6809      	ldr	r1, [r1, #0]
20000702:	400b      	ands	r3, r1
20000704:	b19a      	cbz	r2, 2000072e <_hw_endpoint_buffer_control_update32+0x36>
20000706:	4313      	orrs	r3, r2
20000708:	f412 6f80 	tst.w	r2, #1024	@ 0x400
2000070c:	d00f      	beq.n	2000072e <_hw_endpoint_buffer_control_update32+0x36>
2000070e:	6882      	ldr	r2, [r0, #8]
20000710:	6811      	ldr	r1, [r2, #0]
20000712:	f411 6f80 	tst.w	r1, #1024	@ 0x400
20000716:	d10d      	bne.n	20000734 <_hw_endpoint_buffer_control_update32+0x3c>
20000718:	f423 6180 	bic.w	r1, r3, #1024	@ 0x400
2000071c:	6011      	str	r1, [r2, #0]
2000071e:	4a07      	ldr	r2, [pc, #28]	@ (2000073c <_hw_endpoint_buffer_control_update32+0x44>)
20000720:	6c12      	ldr	r2, [r2, #64]	@ 0x40
20000722:	f012 0f02 	tst.w	r2, #2
20000726:	d102      	bne.n	2000072e <_hw_endpoint_buffer_control_update32+0x36>
20000728:	220c      	movs	r2, #12
2000072a:	3a03      	subs	r2, #3
2000072c:	d2fd      	bcs.n	2000072a <_hw_endpoint_buffer_control_update32+0x32>
2000072e:	6882      	ldr	r2, [r0, #8]
20000730:	6013      	str	r3, [r2, #0]
20000732:	bd08      	pop	{r3, pc}
20000734:	7881      	ldrb	r1, [r0, #2]
20000736:	4802      	ldr	r0, [pc, #8]	@ (20000740 <_hw_endpoint_buffer_control_update32+0x48>)
20000738:	f000 fb56 	bl	20000de8 <__panic_veneer>
2000073c:	50110000 	.word	0x50110000
20000740:	10008950 	.word	0x10008950

20000744 <hw_endpoint_start_next_buffer>:
20000744:	b570      	push	{r4, r5, r6, lr}
20000746:	4604      	mov	r4, r0
20000748:	6843      	ldr	r3, [r0, #4]
2000074a:	681d      	ldr	r5, [r3, #0]
2000074c:	2100      	movs	r1, #0
2000074e:	f7ff ff21 	bl	20000594 <prepare_ep_buffer>
20000752:	f440 5680 	orr.w	r6, r0, #4096	@ 0x1000
20000756:	4b16      	ldr	r3, [pc, #88]	@ (200007b0 <hw_endpoint_start_next_buffer+0x6c>)
20000758:	6c1b      	ldr	r3, [r3, #64]	@ 0x40
2000075a:	f013 0f02 	tst.w	r3, #2
2000075e:	d013      	beq.n	20000788 <hw_endpoint_start_next_buffer+0x44>
20000760:	78a3      	ldrb	r3, [r4, #2]
20000762:	f013 0f7f 	tst.w	r3, #127	@ 0x7f
20000766:	d114      	bne.n	20000792 <hw_endpoint_start_next_buffer+0x4e>
20000768:	2300      	movs	r3, #0
2000076a:	8aa2      	ldrh	r2, [r4, #20]
2000076c:	b102      	cbz	r2, 20000770 <hw_endpoint_start_next_buffer+0x2c>
2000076e:	b1a3      	cbz	r3, 2000079a <hw_endpoint_start_next_buffer+0x56>
20000770:	f025 45a0 	bic.w	r5, r5, #1342177280	@ 0x50000000
20000774:	f045 5500 	orr.w	r5, r5, #536870912	@ 0x20000000
20000778:	6863      	ldr	r3, [r4, #4]
2000077a:	601d      	str	r5, [r3, #0]
2000077c:	4632      	mov	r2, r6
2000077e:	2100      	movs	r1, #0
20000780:	4620      	mov	r0, r4
20000782:	f7ff ffb9 	bl	200006f8 <_hw_endpoint_buffer_control_update32>
20000786:	bd70      	pop	{r4, r5, r6, pc}
20000788:	78a3      	ldrb	r3, [r4, #2]
2000078a:	09db      	lsrs	r3, r3, #7
2000078c:	d103      	bne.n	20000796 <hw_endpoint_start_next_buffer+0x52>
2000078e:	2301      	movs	r3, #1
20000790:	e7eb      	b.n	2000076a <hw_endpoint_start_next_buffer+0x26>
20000792:	2301      	movs	r3, #1
20000794:	e7e9      	b.n	2000076a <hw_endpoint_start_next_buffer+0x26>
20000796:	2300      	movs	r3, #0
20000798:	e7e7      	b.n	2000076a <hw_endpoint_start_next_buffer+0x26>
2000079a:	2101      	movs	r1, #1
2000079c:	4620      	mov	r0, r4
2000079e:	f7ff fef9 	bl	20000594 <prepare_ep_buffer>
200007a2:	4306      	orrs	r6, r0
200007a4:	f025 5500 	bic.w	r5, r5, #536870912	@ 0x20000000
200007a8:	f045 45a0 	orr.w	r5, r5, #1342177280	@ 0x50000000
200007ac:	e7e4      	b.n	20000778 <hw_endpoint_start_next_buffer+0x34>
200007ae:	bf00      	nop
200007b0:	50110000 	.word	0x50110000

200007b4 <hw_endpoint_xfer_continue>:
200007b4:	b538      	push	{r3, r4, r5, lr}
200007b6:	4604      	mov	r4, r0
200007b8:	7e85      	ldrb	r5, [r0, #26]
200007ba:	b12d      	cbz	r5, 200007c8 <hw_endpoint_xfer_continue+0x14>
200007bc:	f7ff ff80 	bl	200006c0 <_hw_endpoint_xfer_sync>
200007c0:	8aa3      	ldrh	r3, [r4, #20]
200007c2:	b92b      	cbnz	r3, 200007d0 <hw_endpoint_xfer_continue+0x1c>
200007c4:	4628      	mov	r0, r5
200007c6:	bd38      	pop	{r3, r4, r5, pc}
200007c8:	7881      	ldrb	r1, [r0, #2]
200007ca:	4808      	ldr	r0, [pc, #32]	@ (200007ec <hw_endpoint_xfer_continue+0x38>)
200007cc:	f000 fb0c 	bl	20000de8 <__panic_veneer>
200007d0:	4620      	mov	r0, r4
200007d2:	f7ff ff23 	bl	2000061c <e15_is_critical_frame_period>
200007d6:	4605      	mov	r5, r0
200007d8:	b118      	cbz	r0, 200007e2 <hw_endpoint_xfer_continue+0x2e>
200007da:	2301      	movs	r3, #1
200007dc:	7723      	strb	r3, [r4, #28]
200007de:	2500      	movs	r5, #0
200007e0:	e7f0      	b.n	200007c4 <hw_endpoint_xfer_continue+0x10>
200007e2:	4620      	mov	r0, r4
200007e4:	f7ff ffae 	bl	20000744 <hw_endpoint_start_next_buffer>
200007e8:	e7ec      	b.n	200007c4 <hw_endpoint_xfer_continue+0x10>
200007ea:	bf00      	nop
200007ec:	10008970 	.word	0x10008970

200007f0 <dcd_event_handler>:
200007f0:	b5f0      	push	{r4, r5, r6, r7, lr}
200007f2:	b085      	sub	sp, #20
200007f4:	4605      	mov	r5, r0
200007f6:	460e      	mov	r6, r1
200007f8:	7843      	ldrb	r3, [r0, #1]
200007fa:	3b02      	subs	r3, #2
200007fc:	2b04      	cmp	r3, #4
200007fe:	d815      	bhi.n	2000082c <dcd_event_handler+0x3c>
20000800:	e8df f013 	tbh	[pc, r3, lsl #1]
20000804:	006a0005 	.word	0x006a0005
20000808:	0046003b 	.word	0x0046003b
2000080c:	00fd      	.short	0x00fd
2000080e:	4b87      	ldr	r3, [pc, #540]	@ (20000a2c <dcd_event_handler+0x23c>)
20000810:	781a      	ldrb	r2, [r3, #0]
20000812:	f022 0201 	bic.w	r2, r2, #1
20000816:	701a      	strb	r2, [r3, #0]
20000818:	781a      	ldrb	r2, [r3, #0]
2000081a:	f022 0202 	bic.w	r2, r2, #2
2000081e:	701a      	strb	r2, [r3, #0]
20000820:	2100      	movs	r1, #0
20000822:	7059      	strb	r1, [r3, #1]
20000824:	781a      	ldrb	r2, [r3, #0]
20000826:	f361 0282 	bfi	r2, r1, #2, #1
2000082a:	701a      	strb	r2, [r3, #0]
2000082c:	4b80      	ldr	r3, [pc, #512]	@ (20000a30 <dcd_event_handler+0x240>)
2000082e:	681c      	ldr	r4, [r3, #0]
20000830:	6963      	ldr	r3, [r4, #20]
20000832:	f3ef 8210 	mrs	r2, PRIMASK
20000836:	b672      	cpsid	i
20000838:	e8d3 0fcf 	ldaexb	r0, [r3]
2000083c:	2101      	movs	r1, #1
2000083e:	2800      	cmp	r0, #0
20000840:	d1fa      	bne.n	20000838 <dcd_event_handler+0x48>
20000842:	e8c3 1f40 	strexb	r0, r1, [r3]
20000846:	2800      	cmp	r0, #0
20000848:	d1f6      	bne.n	20000838 <dcd_event_handler+0x48>
2000084a:	f3bf 8f5f 	dmb	sy
2000084e:	61a2      	str	r2, [r4, #24]
20000850:	4629      	mov	r1, r5
20000852:	4620      	mov	r0, r4
20000854:	f000 fad0 	bl	20000df8 <__tu_fifo_write_veneer>
20000858:	6961      	ldr	r1, [r4, #20]
2000085a:	69a3      	ldr	r3, [r4, #24]
2000085c:	2200      	movs	r2, #0
2000085e:	e8c1 2f8f 	stlb	r2, [r1]
20000862:	f383 8810 	msr	PRIMASK, r3
20000866:	2800      	cmp	r0, #0
20000868:	f000 80cf 	beq.w	20000a0a <dcd_event_handler+0x21a>
2000086c:	4632      	mov	r2, r6
2000086e:	7869      	ldrb	r1, [r5, #1]
20000870:	7828      	ldrb	r0, [r5, #0]
20000872:	f000 fac5 	bl	20000e00 <__tud_event_hook_cb_veneer>
20000876:	b005      	add	sp, #20
20000878:	bdf0      	pop	{r4, r5, r6, r7, pc}
2000087a:	4b6c      	ldr	r3, [pc, #432]	@ (20000a2c <dcd_event_handler+0x23c>)
2000087c:	781b      	ldrb	r3, [r3, #0]
2000087e:	f013 0f01 	tst.w	r3, #1
20000882:	d0f8      	beq.n	20000876 <dcd_event_handler+0x86>
20000884:	4a69      	ldr	r2, [pc, #420]	@ (20000a2c <dcd_event_handler+0x23c>)
20000886:	7813      	ldrb	r3, [r2, #0]
20000888:	f043 0304 	orr.w	r3, r3, #4
2000088c:	7013      	strb	r3, [r2, #0]
2000088e:	e7cd      	b.n	2000082c <dcd_event_handler+0x3c>
20000890:	4b66      	ldr	r3, [pc, #408]	@ (20000a2c <dcd_event_handler+0x23c>)
20000892:	781b      	ldrb	r3, [r3, #0]
20000894:	f013 0f01 	tst.w	r3, #1
20000898:	d0ed      	beq.n	20000876 <dcd_event_handler+0x86>
2000089a:	4a64      	ldr	r2, [pc, #400]	@ (20000a2c <dcd_event_handler+0x23c>)
2000089c:	7813      	ldrb	r3, [r2, #0]
2000089e:	f023 0304 	bic.w	r3, r3, #4
200008a2:	7013      	strb	r3, [r2, #0]
200008a4:	e7c2      	b.n	2000082c <dcd_event_handler+0x3c>
200008a6:	1ad2      	subs	r2, r2, r3
200008a8:	4b62      	ldr	r3, [pc, #392]	@ (20000a34 <dcd_event_handler+0x244>)
200008aa:	eb03 1342 	add.w	r3, r3, r2, lsl #5
200008ae:	69db      	ldr	r3, [r3, #28]
200008b0:	b113      	cbz	r3, 200008b8 <dcd_event_handler+0xc8>
200008b2:	6869      	ldr	r1, [r5, #4]
200008b4:	7828      	ldrb	r0, [r5, #0]
200008b6:	4798      	blx	r3
200008b8:	3401      	adds	r4, #1
200008ba:	b2e4      	uxtb	r4, r4
200008bc:	4b5e      	ldr	r3, [pc, #376]	@ (20000a38 <dcd_event_handler+0x248>)
200008be:	781b      	ldrb	r3, [r3, #0]
200008c0:	4622      	mov	r2, r4
200008c2:	1c59      	adds	r1, r3, #1
200008c4:	42a1      	cmp	r1, r4
200008c6:	db09      	blt.n	200008dc <dcd_event_handler+0xec>
200008c8:	42a3      	cmp	r3, r4
200008ca:	d9ec      	bls.n	200008a6 <dcd_event_handler+0xb6>
200008cc:	4b5b      	ldr	r3, [pc, #364]	@ (20000a3c <dcd_event_handler+0x24c>)
200008ce:	681b      	ldr	r3, [r3, #0]
200008d0:	eb13 1344 	adds.w	r3, r3, r4, lsl #5
200008d4:	d1eb      	bne.n	200008ae <dcd_event_handler+0xbe>
200008d6:	e7ef      	b.n	200008b8 <dcd_event_handler+0xc8>
200008d8:	2400      	movs	r4, #0
200008da:	e7ef      	b.n	200008bc <dcd_event_handler+0xcc>
200008dc:	4b53      	ldr	r3, [pc, #332]	@ (20000a2c <dcd_event_handler+0x23c>)
200008de:	781b      	ldrb	r3, [r3, #0]
200008e0:	f013 0f04 	tst.w	r3, #4
200008e4:	d136      	bne.n	20000954 <dcd_event_handler+0x164>
200008e6:	4b51      	ldr	r3, [pc, #324]	@ (20000a2c <dcd_event_handler+0x23c>)
200008e8:	78db      	ldrb	r3, [r3, #3]
200008ea:	f013 0f01 	tst.w	r3, #1
200008ee:	d0c2      	beq.n	20000876 <dcd_event_handler+0x86>
200008f0:	a901      	add	r1, sp, #4
200008f2:	2700      	movs	r7, #0
200008f4:	9701      	str	r7, [sp, #4]
200008f6:	604f      	str	r7, [r1, #4]
200008f8:	608f      	str	r7, [r1, #8]
200008fa:	782b      	ldrb	r3, [r5, #0]
200008fc:	f88d 3004 	strb.w	r3, [sp, #4]
20000900:	2303      	movs	r3, #3
20000902:	f88d 3005 	strb.w	r3, [sp, #5]
20000906:	686b      	ldr	r3, [r5, #4]
20000908:	9302      	str	r3, [sp, #8]
2000090a:	4b49      	ldr	r3, [pc, #292]	@ (20000a30 <dcd_event_handler+0x240>)
2000090c:	681c      	ldr	r4, [r3, #0]
2000090e:	6963      	ldr	r3, [r4, #20]
20000910:	f3ef 8210 	mrs	r2, PRIMASK
20000914:	b672      	cpsid	i
20000916:	e8d3 5fcf 	ldaexb	r5, [r3]
2000091a:	2001      	movs	r0, #1
2000091c:	2d00      	cmp	r5, #0
2000091e:	d1fa      	bne.n	20000916 <dcd_event_handler+0x126>
20000920:	e8c3 0f45 	strexb	r5, r0, [r3]
20000924:	2d00      	cmp	r5, #0
20000926:	d1f6      	bne.n	20000916 <dcd_event_handler+0x126>
20000928:	f3bf 8f5f 	dmb	sy
2000092c:	61a2      	str	r2, [r4, #24]
2000092e:	4620      	mov	r0, r4
20000930:	f000 fa62 	bl	20000df8 <__tu_fifo_write_veneer>
20000934:	6962      	ldr	r2, [r4, #20]
20000936:	69a3      	ldr	r3, [r4, #24]
20000938:	e8c2 7f8f 	stlb	r7, [r2]
2000093c:	f383 8810 	msr	PRIMASK, r3
20000940:	2800      	cmp	r0, #0
20000942:	d04c      	beq.n	200009de <dcd_event_handler+0x1ee>
20000944:	4632      	mov	r2, r6
20000946:	f89d 1005 	ldrb.w	r1, [sp, #5]
2000094a:	f89d 0004 	ldrb.w	r0, [sp, #4]
2000094e:	f000 fa57 	bl	20000e00 <__tud_event_hook_cb_veneer>
20000952:	e790      	b.n	20000876 <dcd_event_handler+0x86>
20000954:	4a35      	ldr	r2, [pc, #212]	@ (20000a2c <dcd_event_handler+0x23c>)
20000956:	7813      	ldrb	r3, [r2, #0]
20000958:	f023 0304 	bic.w	r3, r3, #4
2000095c:	7013      	strb	r3, [r2, #0]
2000095e:	a901      	add	r1, sp, #4
20000960:	2700      	movs	r7, #0
20000962:	9701      	str	r7, [sp, #4]
20000964:	604f      	str	r7, [r1, #4]
20000966:	608f      	str	r7, [r1, #8]
20000968:	782b      	ldrb	r3, [r5, #0]
2000096a:	f88d 3004 	strb.w	r3, [sp, #4]
2000096e:	2305      	movs	r3, #5
20000970:	f88d 3005 	strb.w	r3, [sp, #5]
20000974:	4b2e      	ldr	r3, [pc, #184]	@ (20000a30 <dcd_event_handler+0x240>)
20000976:	681c      	ldr	r4, [r3, #0]
20000978:	6963      	ldr	r3, [r4, #20]
2000097a:	f3ef 8210 	mrs	r2, PRIMASK
2000097e:	b672      	cpsid	i
20000980:	e8d3 cfcf 	ldaexb	ip, [r3]
20000984:	2001      	movs	r0, #1
20000986:	f1bc 0f00 	cmp.w	ip, #0
2000098a:	d1f9      	bne.n	20000980 <dcd_event_handler+0x190>
2000098c:	e8c3 0f4c 	strexb	ip, r0, [r3]
20000990:	f1bc 0f00 	cmp.w	ip, #0
20000994:	d1f4      	bne.n	20000980 <dcd_event_handler+0x190>
20000996:	f3bf 8f5f 	dmb	sy
2000099a:	61a2      	str	r2, [r4, #24]
2000099c:	4620      	mov	r0, r4
2000099e:	f000 fa2b 	bl	20000df8 <__tu_fifo_write_veneer>
200009a2:	6962      	ldr	r2, [r4, #20]
200009a4:	69a3      	ldr	r3, [r4, #24]
200009a6:	e8c2 7f8f 	stlb	r7, [r2]
200009aa:	f383 8810 	msr	PRIMASK, r3
200009ae:	b138      	cbz	r0, 200009c0 <dcd_event_handler+0x1d0>
200009b0:	4632      	mov	r2, r6
200009b2:	f89d 1005 	ldrb.w	r1, [sp, #5]
200009b6:	f89d 0004 	ldrb.w	r0, [sp, #4]
200009ba:	f000 fa21 	bl	20000e00 <__tud_event_hook_cb_veneer>
200009be:	e792      	b.n	200008e6 <dcd_event_handler+0xf6>
200009c0:	f240 1265 	movw	r2, #357	@ 0x165
200009c4:	491e      	ldr	r1, [pc, #120]	@ (20000a40 <dcd_event_handler+0x250>)
200009c6:	481f      	ldr	r0, [pc, #124]	@ (20000a44 <dcd_event_handler+0x254>)
200009c8:	f000 fa0a 	bl	20000de0 <____wrap_printf_veneer>
200009cc:	f04f 23e0 	mov.w	r3, #3758153728	@ 0xe000e000
200009d0:	f8d3 3df0 	ldr.w	r3, [r3, #3568]	@ 0xdf0
200009d4:	f013 0f01 	tst.w	r3, #1
200009d8:	d085      	beq.n	200008e6 <dcd_event_handler+0xf6>
200009da:	be00      	bkpt	0x0000
200009dc:	e783      	b.n	200008e6 <dcd_event_handler+0xf6>
200009de:	f240 1265 	movw	r2, #357	@ 0x165
200009e2:	4917      	ldr	r1, [pc, #92]	@ (20000a40 <dcd_event_handler+0x250>)
200009e4:	4817      	ldr	r0, [pc, #92]	@ (20000a44 <dcd_event_handler+0x254>)
200009e6:	f000 f9fb 	bl	20000de0 <____wrap_printf_veneer>
200009ea:	f04f 23e0 	mov.w	r3, #3758153728	@ 0xe000e000
200009ee:	f8d3 3df0 	ldr.w	r3, [r3, #3568]	@ 0xdf0
200009f2:	f013 0f01 	tst.w	r3, #1
200009f6:	f43f af3e 	beq.w	20000876 <dcd_event_handler+0x86>
200009fa:	be00      	bkpt	0x0000
200009fc:	e73b      	b.n	20000876 <dcd_event_handler+0x86>
200009fe:	4a12      	ldr	r2, [pc, #72]	@ (20000a48 <dcd_event_handler+0x258>)
20000a00:	7813      	ldrb	r3, [r2, #0]
20000a02:	3301      	adds	r3, #1
20000a04:	b2db      	uxtb	r3, r3
20000a06:	7013      	strb	r3, [r2, #0]
20000a08:	e710      	b.n	2000082c <dcd_event_handler+0x3c>
20000a0a:	f240 1265 	movw	r2, #357	@ 0x165
20000a0e:	490c      	ldr	r1, [pc, #48]	@ (20000a40 <dcd_event_handler+0x250>)
20000a10:	480c      	ldr	r0, [pc, #48]	@ (20000a44 <dcd_event_handler+0x254>)
20000a12:	f000 f9e5 	bl	20000de0 <____wrap_printf_veneer>
20000a16:	f04f 23e0 	mov.w	r3, #3758153728	@ 0xe000e000
20000a1a:	f8d3 3df0 	ldr.w	r3, [r3, #3568]	@ 0xdf0
20000a1e:	f013 0f01 	tst.w	r3, #1
20000a22:	f43f af28 	beq.w	20000876 <dcd_event_handler+0x86>
20000a26:	be00      	bkpt	0x0000
20000a28:	e725      	b.n	20000876 <dcd_event_handler+0x86>
20000a2a:	bf00      	nop
20000a2c:	200018f0 	.word	0x200018f0
20000a30:	20001948 	.word	0x20001948
20000a34:	1000a270 	.word	0x1000a270
20000a38:	200021d1 	.word	0x200021d1
20000a3c:	20001720 	.word	0x20001720
20000a40:	1000a1ec 	.word	0x1000a1ec
20000a44:	100089d0 	.word	0x100089d0
20000a48:	200021d3 	.word	0x200021d3

20000a4c <__aeabi_uldivmod>:
20000a4c:	b953      	cbnz	r3, 20000a64 <__aeabi_uldivmod+0x18>
20000a4e:	b94a      	cbnz	r2, 20000a64 <__aeabi_uldivmod+0x18>
20000a50:	2900      	cmp	r1, #0
20000a52:	bf08      	it	eq
20000a54:	2800      	cmpeq	r0, #0
20000a56:	bf1c      	itt	ne
20000a58:	f04f 31ff 	movne.w	r1, #4294967295
20000a5c:	f04f 30ff 	movne.w	r0, #4294967295
20000a60:	f000 b9b2 	b.w	20000dc8 <__aeabi_idiv0>
20000a64:	f1ad 0c08 	sub.w	ip, sp, #8
20000a68:	e96d ce04 	strd	ip, lr, [sp, #-16]!
20000a6c:	f000 f806 	bl	20000a7c <__udivmoddi4>
20000a70:	f8dd e004 	ldr.w	lr, [sp, #4]
20000a74:	e9dd 2302 	ldrd	r2, r3, [sp, #8]
20000a78:	b004      	add	sp, #16
20000a7a:	4770      	bx	lr

20000a7c <__udivmoddi4>:
20000a7c:	e92d 4ff0 	stmdb	sp!, {r4, r5, r6, r7, r8, r9, sl, fp, lr}
20000a80:	468c      	mov	ip, r1
20000a82:	9e09      	ldr	r6, [sp, #36]	@ 0x24
20000a84:	4604      	mov	r4, r0
20000a86:	460f      	mov	r7, r1
20000a88:	2b00      	cmp	r3, #0
20000a8a:	d148      	bne.n	20000b1e <__udivmoddi4+0xa2>
20000a8c:	428a      	cmp	r2, r1
20000a8e:	4615      	mov	r5, r2
20000a90:	d95e      	bls.n	20000b50 <__udivmoddi4+0xd4>
20000a92:	fab2 f382 	clz	r3, r2
20000a96:	b13b      	cbz	r3, 20000aa8 <__udivmoddi4+0x2c>
20000a98:	f1c3 0220 	rsb	r2, r3, #32
20000a9c:	409f      	lsls	r7, r3
20000a9e:	409d      	lsls	r5, r3
20000aa0:	409c      	lsls	r4, r3
20000aa2:	fa20 f202 	lsr.w	r2, r0, r2
20000aa6:	4317      	orrs	r7, r2
20000aa8:	ea4f 4e15 	mov.w	lr, r5, lsr #16
20000aac:	fa1f fc85 	uxth.w	ip, r5
20000ab0:	0c22      	lsrs	r2, r4, #16
20000ab2:	fbb7 f1fe 	udiv	r1, r7, lr
20000ab6:	fb0e 7711 	mls	r7, lr, r1, r7
20000aba:	fb01 f00c 	mul.w	r0, r1, ip
20000abe:	ea42 4207 	orr.w	r2, r2, r7, lsl #16
20000ac2:	4290      	cmp	r0, r2
20000ac4:	d907      	bls.n	20000ad6 <__udivmoddi4+0x5a>
20000ac6:	18aa      	adds	r2, r5, r2
20000ac8:	f101 37ff 	add.w	r7, r1, #4294967295
20000acc:	d202      	bcs.n	20000ad4 <__udivmoddi4+0x58>
20000ace:	4290      	cmp	r0, r2
20000ad0:	f200 8158 	bhi.w	20000d84 <__udivmoddi4+0x308>
20000ad4:	4639      	mov	r1, r7
20000ad6:	1a12      	subs	r2, r2, r0
20000ad8:	b2a4      	uxth	r4, r4
20000ada:	fbb2 f0fe 	udiv	r0, r2, lr
20000ade:	fb0e 2210 	mls	r2, lr, r0, r2
20000ae2:	fb00 fc0c 	mul.w	ip, r0, ip
20000ae6:	ea44 4402 	orr.w	r4, r4, r2, lsl #16
20000aea:	45a4      	cmp	ip, r4
20000aec:	d90b      	bls.n	20000b06 <__udivmoddi4+0x8a>
20000aee:	192c      	adds	r4, r5, r4
20000af0:	f100 32ff 	add.w	r2, r0, #4294967295
20000af4:	bf2c      	ite	cs
20000af6:	2701      	movcs	r7, #1
20000af8:	2700      	movcc	r7, #0
20000afa:	45a4      	cmp	ip, r4
20000afc:	d902      	bls.n	20000b04 <__udivmoddi4+0x88>
20000afe:	2f00      	cmp	r7, #0
20000b00:	f000 8143 	beq.w	20000d8a <__udivmoddi4+0x30e>
20000b04:	4610      	mov	r0, r2
20000b06:	ea40 4001 	orr.w	r0, r0, r1, lsl #16
20000b0a:	eba4 040c 	sub.w	r4, r4, ip
20000b0e:	2100      	movs	r1, #0
20000b10:	b11e      	cbz	r6, 20000b1a <__udivmoddi4+0x9e>
20000b12:	40dc      	lsrs	r4, r3
20000b14:	2300      	movs	r3, #0
20000b16:	e9c6 4300 	strd	r4, r3, [r6]
20000b1a:	e8bd 8ff0 	ldmia.w	sp!, {r4, r5, r6, r7, r8, r9, sl, fp, pc}
20000b1e:	428b      	cmp	r3, r1
20000b20:	d906      	bls.n	20000b30 <__udivmoddi4+0xb4>
20000b22:	b10e      	cbz	r6, 20000b28 <__udivmoddi4+0xac>
20000b24:	e9c6 0100 	strd	r0, r1, [r6]
20000b28:	2100      	movs	r1, #0
20000b2a:	4608      	mov	r0, r1
20000b2c:	e8bd 8ff0 	ldmia.w	sp!, {r4, r5, r6, r7, r8, r9, sl, fp, pc}
20000b30:	fab3 f183 	clz	r1, r3
20000b34:	2900      	cmp	r1, #0
20000b36:	d151      	bne.n	20000bdc <__udivmoddi4+0x160>
20000b38:	4563      	cmp	r3, ip
20000b3a:	f0c0 8116 	bcc.w	20000d6a <__udivmoddi4+0x2ee>
20000b3e:	4282      	cmp	r2, r0
20000b40:	f240 8113 	bls.w	20000d6a <__udivmoddi4+0x2ee>
20000b44:	4608      	mov	r0, r1
20000b46:	2e00      	cmp	r6, #0
20000b48:	d0e7      	beq.n	20000b1a <__udivmoddi4+0x9e>
20000b4a:	e9c6 4700 	strd	r4, r7, [r6]
20000b4e:	e7e4      	b.n	20000b1a <__udivmoddi4+0x9e>
20000b50:	2a00      	cmp	r2, #0
20000b52:	f000 80af 	beq.w	20000cb4 <__udivmoddi4+0x238>
20000b56:	fab2 f382 	clz	r3, r2
20000b5a:	2b00      	cmp	r3, #0
20000b5c:	f040 80c2 	bne.w	20000ce4 <__udivmoddi4+0x268>
20000b60:	1a8a      	subs	r2, r1, r2
20000b62:	ea4f 4e15 	mov.w	lr, r5, lsr #16
20000b66:	b2af      	uxth	r7, r5
20000b68:	2101      	movs	r1, #1
20000b6a:	0c20      	lsrs	r0, r4, #16
20000b6c:	fbb2 fcfe 	udiv	ip, r2, lr
20000b70:	fb0e 221c 	mls	r2, lr, ip, r2
20000b74:	ea40 4202 	orr.w	r2, r0, r2, lsl #16
20000b78:	fb07 f00c 	mul.w	r0, r7, ip
20000b7c:	4290      	cmp	r0, r2
20000b7e:	d90e      	bls.n	20000b9e <__udivmoddi4+0x122>
20000b80:	18aa      	adds	r2, r5, r2
20000b82:	f10c 38ff 	add.w	r8, ip, #4294967295
20000b86:	bf2c      	ite	cs
20000b88:	f04f 0901 	movcs.w	r9, #1
20000b8c:	f04f 0900 	movcc.w	r9, #0
20000b90:	4290      	cmp	r0, r2
20000b92:	d903      	bls.n	20000b9c <__udivmoddi4+0x120>
20000b94:	f1b9 0f00 	cmp.w	r9, #0
20000b98:	f000 80f0 	beq.w	20000d7c <__udivmoddi4+0x300>
20000b9c:	46c4      	mov	ip, r8
20000b9e:	1a12      	subs	r2, r2, r0
20000ba0:	b2a4      	uxth	r4, r4
20000ba2:	fbb2 f0fe 	udiv	r0, r2, lr
20000ba6:	fb0e 2210 	mls	r2, lr, r0, r2
20000baa:	fb00 f707 	mul.w	r7, r0, r7
20000bae:	ea44 4402 	orr.w	r4, r4, r2, lsl #16
20000bb2:	42a7      	cmp	r7, r4
20000bb4:	d90e      	bls.n	20000bd4 <__udivmoddi4+0x158>
20000bb6:	192c      	adds	r4, r5, r4
20000bb8:	f100 32ff 	add.w	r2, r0, #4294967295
20000bbc:	bf2c      	ite	cs
20000bbe:	f04f 0e01 	movcs.w	lr, #1
20000bc2:	f04f 0e00 	movcc.w	lr, #0
20000bc6:	42a7      	cmp	r7, r4
20000bc8:	d903      	bls.n	20000bd2 <__udivmoddi4+0x156>
20000bca:	f1be 0f00 	cmp.w	lr, #0
20000bce:	f000 80d2 	beq.w	20000d76 <__udivmoddi4+0x2fa>
20000bd2:	4610      	mov	r0, r2
20000bd4:	1be4      	subs	r4, r4, r7
20000bd6:	ea40 400c 	orr.w	r0, r0, ip, lsl #16
20000bda:	e799      	b.n	20000b10 <__udivmoddi4+0x94>
20000bdc:	f1c1 0520 	rsb	r5, r1, #32
20000be0:	408b      	lsls	r3, r1
20000be2:	fa0c f401 	lsl.w	r4, ip, r1
20000be6:	fa00 f901 	lsl.w	r9, r0, r1
20000bea:	fa22 f705 	lsr.w	r7, r2, r5
20000bee:	fa2c fc05 	lsr.w	ip, ip, r5
20000bf2:	408a      	lsls	r2, r1
20000bf4:	431f      	orrs	r7, r3
20000bf6:	fa20 f305 	lsr.w	r3, r0, r5
20000bfa:	0c38      	lsrs	r0, r7, #16
20000bfc:	4323      	orrs	r3, r4
20000bfe:	fa1f fe87 	uxth.w	lr, r7
20000c02:	0c1c      	lsrs	r4, r3, #16
20000c04:	fbbc f8f0 	udiv	r8, ip, r0
20000c08:	fb00 cc18 	mls	ip, r0, r8, ip
20000c0c:	ea44 440c 	orr.w	r4, r4, ip, lsl #16
20000c10:	fb08 fc0e 	mul.w	ip, r8, lr
20000c14:	45a4      	cmp	ip, r4
20000c16:	d90e      	bls.n	20000c36 <__udivmoddi4+0x1ba>
20000c18:	193c      	adds	r4, r7, r4
20000c1a:	f108 3aff 	add.w	sl, r8, #4294967295
20000c1e:	bf2c      	ite	cs
20000c20:	f04f 0b01 	movcs.w	fp, #1
20000c24:	f04f 0b00 	movcc.w	fp, #0
20000c28:	45a4      	cmp	ip, r4
20000c2a:	d903      	bls.n	20000c34 <__udivmoddi4+0x1b8>
20000c2c:	f1bb 0f00 	cmp.w	fp, #0
20000c30:	f000 80b8 	beq.w	20000da4 <__udivmoddi4+0x328>
20000c34:	46d0      	mov	r8, sl
20000c36:	eba4 040c 	sub.w	r4, r4, ip
20000c3a:	fa1f fc83 	uxth.w	ip, r3
20000c3e:	fbb4 f3f0 	udiv	r3, r4, r0
20000c42:	fb00 4413 	mls	r4, r0, r3, r4
20000c46:	fb03 fe0e 	mul.w	lr, r3, lr
20000c4a:	ea4c 4404 	orr.w	r4, ip, r4, lsl #16
20000c4e:	45a6      	cmp	lr, r4
20000c50:	d90e      	bls.n	20000c70 <__udivmoddi4+0x1f4>
20000c52:	193c      	adds	r4, r7, r4
20000c54:	f103 30ff 	add.w	r0, r3, #4294967295
20000c58:	bf2c      	ite	cs
20000c5a:	f04f 0c01 	movcs.w	ip, #1
20000c5e:	f04f 0c00 	movcc.w	ip, #0
20000c62:	45a6      	cmp	lr, r4
20000c64:	d903      	bls.n	20000c6e <__udivmoddi4+0x1f2>
20000c66:	f1bc 0f00 	cmp.w	ip, #0
20000c6a:	f000 809f 	beq.w	20000dac <__udivmoddi4+0x330>
20000c6e:	4603      	mov	r3, r0
20000c70:	ea43 4008 	orr.w	r0, r3, r8, lsl #16
20000c74:	eba4 040e 	sub.w	r4, r4, lr
20000c78:	fba0 ec02 	umull	lr, ip, r0, r2
20000c7c:	4564      	cmp	r4, ip
20000c7e:	4673      	mov	r3, lr
20000c80:	46e0      	mov	r8, ip
20000c82:	d302      	bcc.n	20000c8a <__udivmoddi4+0x20e>
20000c84:	d107      	bne.n	20000c96 <__udivmoddi4+0x21a>
20000c86:	45f1      	cmp	r9, lr
20000c88:	d205      	bcs.n	20000c96 <__udivmoddi4+0x21a>
20000c8a:	ebbe 0302 	subs.w	r3, lr, r2
20000c8e:	eb6c 0c07 	sbc.w	ip, ip, r7
20000c92:	3801      	subs	r0, #1
20000c94:	46e0      	mov	r8, ip
20000c96:	b15e      	cbz	r6, 20000cb0 <__udivmoddi4+0x234>
20000c98:	ebb9 0203 	subs.w	r2, r9, r3
20000c9c:	eb64 0408 	sbc.w	r4, r4, r8
20000ca0:	fa04 f505 	lsl.w	r5, r4, r5
20000ca4:	fa22 f301 	lsr.w	r3, r2, r1
20000ca8:	40cc      	lsrs	r4, r1
20000caa:	431d      	orrs	r5, r3
20000cac:	e9c6 5400 	strd	r5, r4, [r6]
20000cb0:	2100      	movs	r1, #0
20000cb2:	e732      	b.n	20000b1a <__udivmoddi4+0x9e>
20000cb4:	0842      	lsrs	r2, r0, #1
20000cb6:	462f      	mov	r7, r5
20000cb8:	084b      	lsrs	r3, r1, #1
20000cba:	46ac      	mov	ip, r5
20000cbc:	ea42 72c1 	orr.w	r2, r2, r1, lsl #31
20000cc0:	46ae      	mov	lr, r5
20000cc2:	07c4      	lsls	r4, r0, #31
20000cc4:	0c11      	lsrs	r1, r2, #16
20000cc6:	b292      	uxth	r2, r2
20000cc8:	ea41 4103 	orr.w	r1, r1, r3, lsl #16
20000ccc:	ea42 4201 	orr.w	r2, r2, r1, lsl #16
20000cd0:	fbb1 f1f5 	udiv	r1, r1, r5
20000cd4:	fbb3 f0f5 	udiv	r0, r3, r5
20000cd8:	231f      	movs	r3, #31
20000cda:	eba2 020c 	sub.w	r2, r2, ip
20000cde:	ea41 4100 	orr.w	r1, r1, r0, lsl #16
20000ce2:	e742      	b.n	20000b6a <__udivmoddi4+0xee>
20000ce4:	409d      	lsls	r5, r3
20000ce6:	f1c3 0220 	rsb	r2, r3, #32
20000cea:	4099      	lsls	r1, r3
20000cec:	409c      	lsls	r4, r3
20000cee:	fa2c fc02 	lsr.w	ip, ip, r2
20000cf2:	ea4f 4e15 	mov.w	lr, r5, lsr #16
20000cf6:	fa20 f202 	lsr.w	r2, r0, r2
20000cfa:	b2af      	uxth	r7, r5
20000cfc:	fbbc f8fe 	udiv	r8, ip, lr
20000d00:	430a      	orrs	r2, r1
20000d02:	fb0e cc18 	mls	ip, lr, r8, ip
20000d06:	0c11      	lsrs	r1, r2, #16
20000d08:	ea41 410c 	orr.w	r1, r1, ip, lsl #16
20000d0c:	fb08 fc07 	mul.w	ip, r8, r7
20000d10:	458c      	cmp	ip, r1
20000d12:	d950      	bls.n	20000db6 <__udivmoddi4+0x33a>
20000d14:	1869      	adds	r1, r5, r1
20000d16:	f108 30ff 	add.w	r0, r8, #4294967295
20000d1a:	bf2c      	ite	cs
20000d1c:	f04f 0901 	movcs.w	r9, #1
20000d20:	f04f 0900 	movcc.w	r9, #0
20000d24:	458c      	cmp	ip, r1
20000d26:	d902      	bls.n	20000d2e <__udivmoddi4+0x2b2>
20000d28:	f1b9 0f00 	cmp.w	r9, #0
20000d2c:	d030      	beq.n	20000d90 <__udivmoddi4+0x314>
20000d2e:	eba1 010c 	sub.w	r1, r1, ip
20000d32:	fbb1 f8fe 	udiv	r8, r1, lr
20000d36:	fb08 fc07 	mul.w	ip, r8, r7
20000d3a:	fb0e 1118 	mls	r1, lr, r8, r1
20000d3e:	b292      	uxth	r2, r2
20000d40:	ea42 4201 	orr.w	r2, r2, r1, lsl #16
20000d44:	4562      	cmp	r2, ip
20000d46:	d234      	bcs.n	20000db2 <__udivmoddi4+0x336>
20000d48:	18aa      	adds	r2, r5, r2
20000d4a:	f108 31ff 	add.w	r1, r8, #4294967295
20000d4e:	bf2c      	ite	cs
20000d50:	f04f 0901 	movcs.w	r9, #1
20000d54:	f04f 0900 	movcc.w	r9, #0
20000d58:	4562      	cmp	r2, ip
20000d5a:	d2be      	bcs.n	20000cda <__udivmoddi4+0x25e>
20000d5c:	f1b9 0f00 	cmp.w	r9, #0
20000d60:	d1bb      	bne.n	20000cda <__udivmoddi4+0x25e>
20000d62:	f1a8 0102 	sub.w	r1, r8, #2
20000d66:	442a      	add	r2, r5
20000d68:	e7b7      	b.n	20000cda <__udivmoddi4+0x25e>
20000d6a:	1a84      	subs	r4, r0, r2
20000d6c:	eb6c 0203 	sbc.w	r2, ip, r3
20000d70:	2001      	movs	r0, #1
20000d72:	4617      	mov	r7, r2
20000d74:	e6e7      	b.n	20000b46 <__udivmoddi4+0xca>
20000d76:	442c      	add	r4, r5
20000d78:	3802      	subs	r0, #2
20000d7a:	e72b      	b.n	20000bd4 <__udivmoddi4+0x158>
20000d7c:	f1ac 0c02 	sub.w	ip, ip, #2
20000d80:	442a      	add	r2, r5
20000d82:	e70c      	b.n	20000b9e <__udivmoddi4+0x122>
20000d84:	3902      	subs	r1, #2
20000d86:	442a      	add	r2, r5
20000d88:	e6a5      	b.n	20000ad6 <__udivmoddi4+0x5a>
20000d8a:	442c      	add	r4, r5
20000d8c:	3802      	subs	r0, #2
20000d8e:	e6ba      	b.n	20000b06 <__udivmoddi4+0x8a>
20000d90:	eba5 0c0c 	sub.w	ip, r5, ip
20000d94:	f1a8 0002 	sub.w	r0, r8, #2
20000d98:	4461      	add	r1, ip
20000d9a:	fbb1 f8fe 	udiv	r8, r1, lr
20000d9e:	fb08 fc07 	mul.w	ip, r8, r7
20000da2:	e7ca      	b.n	20000d3a <__udivmoddi4+0x2be>
20000da4:	f1a8 0802 	sub.w	r8, r8, #2
20000da8:	443c      	add	r4, r7
20000daa:	e744      	b.n	20000c36 <__udivmoddi4+0x1ba>
20000dac:	3b02      	subs	r3, #2
20000dae:	443c      	add	r4, r7
20000db0:	e75e      	b.n	20000c70 <__udivmoddi4+0x1f4>
20000db2:	4641      	mov	r1, r8
20000db4:	e791      	b.n	20000cda <__udivmoddi4+0x25e>
20000db6:	eba1 010c 	sub.w	r1, r1, ip
20000dba:	4640      	mov	r0, r8
20000dbc:	fbb1 f8fe 	udiv	r8, r1, lr
20000dc0:	fb08 fc07 	mul.w	ip, r8, r7
20000dc4:	e7b9      	b.n	20000d3a <__udivmoddi4+0x2be>
20000dc6:	bf00      	nop

20000dc8 <__aeabi_idiv0>:
20000dc8:	4770      	bx	lr
20000dca:	bf00      	nop
20000dcc:	0000      	movs	r0, r0
	...

20000dd0 <__time_us_64_veneer>:
20000dd0:	f85f f000 	ldr.w	pc, [pc]	@ 20000dd4 <__time_us_64_veneer+0x4>
20000dd4:	1000249d 	.word	0x1000249d

20000dd8 <__unaligned_memcpy_veneer>:
20000dd8:	f85f f000 	ldr.w	pc, [pc]	@ 20000ddc <__unaligned_memcpy_veneer+0x4>
20000ddc:	10004c49 	.word	0x10004c49

20000de0 <____wrap_printf_veneer>:
20000de0:	f85f f000 	ldr.w	pc, [pc]	@ 20000de4 <____wrap_printf_veneer+0x4>
20000de4:	100042a9 	.word	0x100042a9

20000de8 <__panic_veneer>:
20000de8:	f85f f000 	ldr.w	pc, [pc]	@ 20000dec <__panic_veneer+0x4>
20000dec:	10001501 	.word	0x10001501

20000df0 <__memset_veneer>:
20000df0:	f85f f000 	ldr.w	pc, [pc]	@ 20000df4 <__memset_veneer+0x4>
20000df4:	10007af9 	.word	0x10007af9

20000df8 <__tu_fifo_write_veneer>:
20000df8:	f85f f000 	ldr.w	pc, [pc]	@ 20000dfc <__tu_fifo_write_veneer+0x4>
20000dfc:	100070d9 	.word	0x100070d9

20000e00 <__tud_event_hook_cb_veneer>:
20000e00:	f85f f000 	ldr.w	pc, [pc]	@ 20000e04 <__tud_event_hook_cb_veneer+0x4>
20000e04:	10004f79 	.word	0x10004f79

20000e08 <____assert_func_veneer>:
20000e08:	f85f f000 	ldr.w	pc, [pc]	@ 20000e0c <____assert_func_veneer+0x4>
20000e0c:	10003fe1 	.word	0x10003fe1

20000e10 <__best_effort_wfe_or_timeout_veneer>:
20000e10:	f85f f000 	ldr.w	pc, [pc]	@ 20000e14 <__best_effort_wfe_or_timeout_veneer+0x4>
20000e14:	10002315 	.word	0x10002315

20000e18 <striped_spin_lock_num>:
20000e18:	00000010                                ....

20000e1c <irq_handler_chain_slots>:
20000e1c:	00000000 	.word	0x00000000
20000e20:	00010000 	.word	0x00010000
	...
20000e2c:	00020000 	.word	0x00020000
	...
20000e38:	00030000 	.word	0x00030000
	...
20000e44:	00ff0000 	.word	0x00ff0000
20000e48:	00000000 	.word	0x00000000

20000e4c <irq_handler_chain_first_slot>:
20000e4c:	b501      	push	{r0, lr}
20000e4e:	6848      	ldr	r0, [r1, #4]
20000e50:	3101      	adds	r1, #1
20000e52:	468e      	mov	lr, r1
20000e54:	4700      	bx	r0

20000e56 <irq_handler_chain_remove_tail>:
20000e56:	4670      	mov	r0, lr
20000e58:	3809      	subs	r0, #9
20000e5a:	4901      	ldr	r1, [pc, #4]	@ (20000e60 <irq_handler_chain_remove_tail+0xa>)
20000e5c:	4788      	blx	r1
20000e5e:	bd01      	pop	{r0, pc}
20000e60:	10001a41 	.word	0x10001a41

20000e64 <default_alarm_pool>:
	...
20000e78:	20001428                                (.. 

20000e7c <stdio_usb>:
20000e7c:	1000470d 100043d1 10004681 100043bd     .G...C...F...C..
20000e8c:	00000000 00000100                       ........

20000e94 <_usbd_qdef>:
20000e94:	2000194c 000c0010 00000000 00000000     L.. ............
	...

20000eb0 <_usbd_rhport>:
20000eb0:	000000ff                                ....

20000eb4 <i2c1_inst>:
20000eb4:	40098000 00000000                       ...@....

20000ebc <i2c0_inst>:
20000ebc:	40090000 00000000                       ...@....

20000ec4 <__malloc_sbrk_base>:
20000ec4:	ffffffff                                ....

20000ec8 <__malloc_trim_threshold>:
20000ec8:	00020000 00000000                       ........

20000ed0 <__malloc_av_>:
	...
20000ed8:	20000ed0 20000ed0 20000ed8 20000ed8     ... ... ... ... 
20000ee8:	20000ee0 20000ee0 20000ee8 20000ee8     ... ... ... ... 
20000ef8:	20000ef0 20000ef0 20000ef8 20000ef8     ... ... ... ... 
20000f08:	20000f00 20000f00 20000f08 20000f08     ... ... ... ... 
20000f18:	20000f10 20000f10 20000f18 20000f18     ... ... ... ... 
20000f28:	20000f20 20000f20 20000f28 20000f28      ..  .. (.. (.. 
20000f38:	20000f30 20000f30 20000f38 20000f38     0.. 0.. 8.. 8.. 
20000f48:	20000f40 20000f40 20000f48 20000f48     @.. @.. H.. H.. 
20000f58:	20000f50 20000f50 20000f58 20000f58     P.. P.. X.. X.. 
20000f68:	20000f60 20000f60 20000f68 20000f68     `.. `.. h.. h.. 
20000f78:	20000f70 20000f70 20000f78 20000f78     p.. p.. x.. x.. 
20000f88:	20000f80 20000f80 20000f88 20000f88     ... ... ... ... 
20000f98:	20000f90 20000f90 20000f98 20000f98     ... ... ... ... 
20000fa8:	20000fa0 20000fa0 20000fa8 20000fa8     ... ... ... ... 
20000fb8:	20000fb0 20000fb0 20000fb8 20000fb8     ... ... ... ... 
20000fc8:	20000fc0 20000fc0 20000fc8 20000fc8     ... ... ... ... 
20000fd8:	20000fd0 20000fd0 20000fd8 20000fd8     ... ... ... ... 
20000fe8:	20000fe0 20000fe0 20000fe8 20000fe8     ... ... ... ... 
20000ff8:	20000ff0 20000ff0 20000ff8 20000ff8     ... ... ... ... 
20001008:	20001000 20001000 20001008 20001008     ... ... ... ... 
20001018:	20001010 20001010 20001018 20001018     ... ... ... ... 
20001028:	20001020 20001020 20001028 20001028      ..  .. (.. (.. 
20001038:	20001030 20001030 20001038 20001038     0.. 0.. 8.. 8.. 
20001048:	20001040 20001040 20001048 20001048     @.. @.. H.. H.. 
20001058:	20001050 20001050 20001058 20001058     P.. P.. X.. X.. 
20001068:	20001060 20001060 20001068 20001068     `.. `.. h.. h.. 
20001078:	20001070 20001070 20001078 20001078     p.. p.. x.. x.. 
20001088:	20001080 20001080 20001088 20001088     ... ... ... ... 
20001098:	20001090 20001090 20001098 20001098     ... ... ... ... 
200010a8:	200010a0 200010a0 200010a8 200010a8     ... ... ... ... 
200010b8:	200010b0 200010b0 200010b8 200010b8     ... ... ... ... 
200010c8:	200010c0 200010c0 200010c8 200010c8     ... ... ... ... 
200010d8:	200010d0 200010d0 200010d8 200010d8     ... ... ... ... 
200010e8:	200010e0 200010e0 200010e8 200010e8     ... ... ... ... 
200010f8:	200010f0 200010f0 200010f8 200010f8     ... ... ... ... 
20001108:	20001100 20001100 20001108 20001108     ... ... ... ... 
20001118:	20001110 20001110 20001118 20001118     ... ... ... ... 
20001128:	20001120 20001120 20001128 20001128      ..  .. (.. (.. 
20001138:	20001130 20001130 20001138 20001138     0.. 0.. 8.. 8.. 
20001148:	20001140 20001140 20001148 20001148     @.. @.. H.. H.. 
20001158:	20001150 20001150 20001158 20001158     P.. P.. X.. X.. 
20001168:	20001160 20001160 20001168 20001168     `.. `.. h.. h.. 
20001178:	20001170 20001170 20001178 20001178     p.. p.. x.. x.. 
20001188:	20001180 20001180 20001188 20001188     ... ... ... ... 
20001198:	20001190 20001190 20001198 20001198     ... ... ... ... 
200011a8:	200011a0 200011a0 200011a8 200011a8     ... ... ... ... 
200011b8:	200011b0 200011b0 200011b8 200011b8     ... ... ... ... 
200011c8:	200011c0 200011c0 200011c8 200011c8     ... ... ... ... 
200011d8:	200011d0 200011d0 200011d8 200011d8     ... ... ... ... 
200011e8:	200011e0 200011e0 200011e8 200011e8     ... ... ... ... 
200011f8:	200011f0 200011f0 200011f8 200011f8     ... ... ... ... 
20001208:	20001200 20001200 20001208 20001208     ... ... ... ... 
20001218:	20001210 20001210 20001218 20001218     ... ... ... ... 
20001228:	20001220 20001220 20001228 20001228      ..  .. (.. (.. 
20001238:	20001230 20001230 20001238 20001238     0.. 0.. 8.. 8.. 
20001248:	20001240 20001240 20001248 20001248     @.. @.. H.. H.. 
20001258:	20001250 20001250 20001258 20001258     P.. P.. X.. X.. 
20001268:	20001260 20001260 20001268 20001268     `.. `.. h.. h.. 
20001278:	20001270 20001270 20001278 20001278     p.. p.. x.. x.. 
20001288:	20001280 20001280 20001288 20001288     ... ... ... ... 
20001298:	20001290 20001290 20001298 20001298     ... ... ... ... 
200012a8:	200012a0 200012a0 200012a8 200012a8     ... ... ... ... 
200012b8:	200012b0 200012b0 200012b8 200012b8     ... ... ... ... 
200012c8:	200012c0 200012c0 200012c8 200012c8     ... ... ... ... 

200012d8 <_impure_ptr>:
200012d8:	200012e0 00000000                       ... ....

200012e0 <_impure_data>:
200012e0:	00000000 200015e8 20001650 200016b8     ....... P.. ... 
	...
20001378:	00000001 00000000 abcd330e e66d1234     .........3..4.m.
20001388:	0005deec 0000000b 00000000 00000000     ................
	...

20001420 <print_mutex>:
	...
